UNREADABLE-function-like	BOUND	CALL_USED_REGISTERS	target-regs.cc	121
UNREADABLE-function-like	BOUND	ELF_ASCII_ESCAPES	varasm.cc	8741
UNREADABLE-function-like	BOUND	ELF_ASCII_ESCAPES	varasm.cc	8826
UNREADABLE-function-like	BOUND	ELF_ASCII_ESCAPES	varasm.cc	8933
UNREADABLE-function-like	BOUND	ELF_STRING_LIMIT	varasm.cc	8859
IDENTITY-TEXT-OPTION-STATE	BOUND	ELIMINABLE_REGS	multi-target-reg-probe.cc	87
IDENTITY-TEXT-OPTION-STATE	BOUND	ELIMINABLE_REGS	target-cumargs.cc	427
UNREADABLE-function-like	BOUND	EXTRA_SPECS	gcc.cc	1886
UNREADABLE-function-like	BOUND	FIRST_STACK_REG	target-regstack.cc	1027
UNREADABLE-function-like	BOUND	FIRST_STACK_REG	target-regstack.cc	2594
UNREADABLE-function-like	BOUND	FIRST_STACK_REG	target-regstack.cc	271
UNREADABLE-function-like	BOUND	FIRST_STACK_REG	target-regstack.cc	416
UNREADABLE-function-like	BOUND	FIRST_STACK_REG	target-regstack.cc	816
DIVERGENT-BY-VALUE	BOUND	FIXED_REGISTERS	target-regs.cc	111
UNREADABLE-function-like	BOUND	HARD_REGNO_CALLER_SAVE_MODE	caller-save.cc	207
UNREADABLE-function-like	BOUND	LAST_STACK_REG	target-regstack.cc	268
DIVERGENT-OPTION-STATE	BOUND	MAX_BITS_PER_WORD	ada/gcc-interface/utils.cc	291
DIVERGENT-OPTION-STATE	BOUND	MAX_BITS_PER_WORD	multi-target-reg-probe.cc	181
DIVERGENT-OPTION-STATE	BOUND	MAX_MOVE_MAX	multi-target-reg-probe.cc	151
DIVERGENT-OPTION-STATE	BOUND	MAX_MOVE_MAX	target-cumargs-select.cc	650
DIVERGENT-BY-VALUE	BOUND	MAX_REGS_PER_ADDRESS	reload.cc	160
UNREADABLE-function-like	BOUND	MULTILIB_DEFAULTS	gcc.cc	1435
UNREADABLE-function-like	BOUND	MULTILIB_DEFAULTS	jit/jit-playback.cc	3568
UNREADABLE-function-like	BOUND	NUM_MODES_FOR_MODE_SWITCHING	mode-switching.cc	800
DIVERGENT-OPTION-STATE	BOUND	REG_CLASS_NAMES	target-regs.cc	195
DIVERGENT-OPTION-STATE	BOUND	REGISTER_NAMES	target-regs.cc	172
DIVERGENT-BY-VALUE	BOUND	STORE_FLAG_VALUE	emit-rtl.cc	6427
DIVERGENT-BY-VALUE	BOUND	TARGET_CLONES_ATTR_SEPARATOR	attribs.cc	1136
DIVERGENT-BY-VALUE	BOUND	TARGET_CLONES_ATTR_SEPARATOR	attribs.cc	1146
DIVERGENT-BY-VALUE	BOUND	TARGET_CLONES_ATTR_SEPARATOR	tree.cc	15582
DIVERGENT-OPTION-STATE	CASE	TARGET_MEM_CONSTRAINT	reload.cc	3336
DIVERGENT-BY-VALUE	EXPR	ACCUM_TYPE_SIZE	tree.cc	9567
DIVERGENT-BY-VALUE	EXPR	ACCUM_TYPE_SIZE	tree.cc	9581
UNREADABLE-function-like	EXPR	ADDITIONAL_REGISTER_NAMES	varasm.cc	1069
UNREADABLE-function-like	EXPR	ADDITIONAL_REGISTER_NAMES	varasm.cc	1077
UNREADABLE-function-like	EXPR	ADJUST_FIELD_ALIGN	ada/gcc-interface/misc.cc	1152
UNREADABLE-function-like	EXPR	ADJUST_FIELD_ALIGN	d/d-target.cc	231
UNREADABLE-function-like	EXPR	ADJUST_FIELD_ALIGN	go/go-backend.cc	78
UNREADABLE-function-like	EXPR	ADJUST_FIELD_ALIGN	rust/rust-object-export.cc	75
UNREADABLE-function-like	EXPR	ADJUST_FIELD_ALIGN	stor-layout.cc	1140
UNREADABLE-function-like	EXPR	ADJUST_FIELD_ALIGN	stor-layout.cc	1439
UNREADABLE-function-like	EXPR	ADJUST_FIELD_ALIGN	stor-layout.cc	1485
UNREADABLE-function-like	EXPR	ADJUST_FIELD_ALIGN	stor-layout.cc	2841
UNREADABLE-function-like	EXPR	ADJUST_FIELD_ALIGN	stor-layout.cc	802
UNREADABLE-function-like	EXPR	ADJUST_REG_ALLOC_ORDER	ira.cc	517
UNREADABLE-function-like	EXPR	ADJUST_REG_ALLOC_ORDER	ira.cc	555
UNREADABLE-function-like	EXPR	ADJUST_REG_ALLOC_ORDER	reginfo.cc	375
UNREADABLE-function-like	EXPR	ADJUST_REG_ALLOC_ORDER	target-cumargs.cc	460
UNREADABLE-function-like	EXPR	ADJUST_REG_ALLOC_ORDER	target-regs.cc	130
UNREADABLE-function-like	EXPR	ADJUST_REG_ALLOC_ORDER	target-regs.cc	148
UNREADABLE-function-like	EXPR	ADJUST_REG_ALLOC_ORDER	target-regs.cc	157
UNREADABLE-function-like	EXPR	APPLY_RESULT_SIZE	builtins.cc	1532
UNREADABLE-function-like	EXPR	ARG_POINTER_CFA_OFFSET	dwarf2out.cc	21625
UNREADABLE-function-like	EXPR	ARG_POINTER_CFA_OFFSET	function.cc	1971
UNREADABLE-function-like	EXPR	ARG_POINTER_CFA_OFFSET	var-tracking.cc	10098
UNREADABLE-function-like	EXPR	ARG_POINTER_CFA_OFFSET	var-tracking.cc	10171
UNREADABLE-function-like	EXPR	ARG_POINTER_CFA_OFFSET	var-tracking.cc	9995
DIVERGENT-BY-VALUE	EXPR	ARGS_GROW_DOWNWARD	calls.cc	1110
DIVERGENT-BY-VALUE	EXPR	ARGS_GROW_DOWNWARD	calls.cc	1144
DIVERGENT-BY-VALUE	EXPR	ARGS_GROW_DOWNWARD	calls.cc	1178
DIVERGENT-BY-VALUE	EXPR	ARGS_GROW_DOWNWARD	calls.cc	2127
DIVERGENT-BY-VALUE	EXPR	ARGS_GROW_DOWNWARD	calls.cc	2498
DIVERGENT-BY-VALUE	EXPR	ARGS_GROW_DOWNWARD	calls.cc	3369
DIVERGENT-BY-VALUE	EXPR	ARGS_GROW_DOWNWARD	calls.cc	3443
DIVERGENT-BY-VALUE	EXPR	ARGS_GROW_DOWNWARD	calls.cc	3637
DIVERGENT-BY-VALUE	EXPR	ARGS_GROW_DOWNWARD	calls.cc	4548
DIVERGENT-BY-VALUE	EXPR	ARGS_GROW_DOWNWARD	calls.cc	4632
DIVERGENT-BY-VALUE	EXPR	ARGS_GROW_DOWNWARD	calls.cc	5022
DIVERGENT-BY-VALUE	EXPR	ARGS_GROW_DOWNWARD	function.cc	3826
DIVERGENT-BY-VALUE	EXPR	ARGS_GROW_DOWNWARD	function.cc	4041
DIVERGENT-BY-VALUE	EXPR	ARGS_GROW_DOWNWARD	function.cc	4118
DIVERGENT-BY-VALUE	EXPR	ARGS_GROW_DOWNWARD	function.cc	4232
DIVERGENT-BY-VALUE	EXPR	ARGS_GROW_DOWNWARD	function.cc	4246
DIVERGENT-BY-VALUE	EXPR	ARGS_GROW_DOWNWARD	target-cumargs.cc	782
DIVERGENT-BY-VALUE	EXPR	ARGS_GROW_DOWNWARD	targhooks.cc	2696
DIVERGENT-BY-VALUE	EXPR	ARGS_GROW_DOWNWARD	targhooks.cc	2698
UNREADABLE-function-like	EXPR	ASCII_DATA_ASM_OP	varasm.cc	8930
DIVERGENT-OPTION-STATE	EXPR	ASM_APP_OFF	final.cc	270
DIVERGENT-OPTION-STATE	EXPR	ASM_APP_OFF	varasm.cc	8197
DIVERGENT-OPTION-STATE	EXPR	ASM_APP_ON	final.cc	257
UNREADABLE-function-like	EXPR	ASM_DECLARE_COLD_FUNCTION_NAME	final.cc	2225
UNREADABLE-function-like	EXPR	ASM_DECLARE_COLD_FUNCTION_SIZE	varasm.cc	2258
UNREADABLE-function-like	EXPR	ASM_DECLARE_FUNCTION_NAME	varasm.cc	2214
UNREADABLE-function-like	EXPR	ASM_DECLARE_FUNCTION_NAME	varasm.cc	2218
UNREADABLE-function-like	EXPR	ASM_DECLARE_FUNCTION_SIZE	varasm.cc	2241
UNREADABLE-function-like	EXPR	ASM_DECLARE_OBJECT_NAME	varasm.cc	2479
UNREADABLE-function-like	EXPR	ASM_DECLARE_OBJECT_NAME	varasm.cc	2483
UNREADABLE-function-like	EXPR	ASM_DECLARE_OBJECT_NAME	varasm.cc	517
UNREADABLE-function-like	EXPR	ASM_DECLARE_OBJECT_NAME	varasm.cc	521
UNREADABLE-function-like	EXPR	ASM_DECLARE_OBJECT_NAME	varasm.cc	86
UNREADABLE-function-like	EXPR	ASM_DECLARE_OBJECT_NAME	varasm.cc	92
UNREADABLE-function-like	EXPR	ASM_FINISH_DECLARE_OBJECT	passes.cc	239
UNREADABLE-function-like	EXPR	ASM_FINISH_DECLARE_OBJECT	varasm.cc	87
UNREADABLE-function-like	EXPR	ASM_FORMAT_PRIVATE_NAME	ada/gcc-interface/utils.cc	6483
UNREADABLE-function-like	EXPR	ASM_FORMAT_PRIVATE_NAME	c-family/c-common.cc	4984
UNREADABLE-function-like	EXPR	ASM_FORMAT_PRIVATE_NAME	cgraphclones.cc	567
UNREADABLE-function-like	EXPR	ASM_FORMAT_PRIVATE_NAME	cgraphclones.cc	592
UNREADABLE-function-like	EXPR	ASM_FORMAT_PRIVATE_NAME	cp/coroutines.cc	2929
UNREADABLE-function-like	EXPR	ASM_FORMAT_PRIVATE_NAME	d/decl.cc	2490
UNREADABLE-function-like	EXPR	ASM_FORMAT_PRIVATE_NAME	fortran/trans-decl.cc	1378
UNREADABLE-function-like	EXPR	ASM_FORMAT_PRIVATE_NAME	fortran/trans-decl.cc	301
UNREADABLE-function-like	EXPR	ASM_FORMAT_PRIVATE_NAME	gimple-expr.cc	433
UNREADABLE-function-like	EXPR	ASM_FORMAT_PRIVATE_NAME	langhooks.cc	177
UNREADABLE-function-like	EXPR	ASM_FORMAT_PRIVATE_NAME	lto/lto-lang.cc	1228
UNREADABLE-function-like	EXPR	ASM_FORMAT_PRIVATE_NAME	tree-parloops.cc	2006
UNREADABLE-function-like	EXPR	ASM_FPRINTF_EXTENSIONS	final.cc	4071
UNREADABLE-function-like	EXPR	ASM_FPRINTF_EXTENSIONS	final.cc	4080
UNREADABLE-function-like	EXPR	ASM_GENERATE_INTERNAL_LABEL	algol68/a68-exports.cc	257
UNREADABLE-function-like	EXPR	ASM_GENERATE_INTERNAL_LABEL	algol68/a68-exports.cc	389
UNREADABLE-function-like	EXPR	ASM_GENERATE_INTERNAL_LABEL	algol68/a68-exports.cc	390
UNREADABLE-function-like	EXPR	ASM_GENERATE_INTERNAL_LABEL	algol68/a68-exports.cc	450
UNREADABLE-function-like	EXPR	ASM_GENERATE_INTERNAL_LABEL	algol68/a68-exports.cc	471
UNREADABLE-function-like	EXPR	ASM_GENERATE_INTERNAL_LABEL	algol68/a68-exports.cc	472
UNREADABLE-function-like	EXPR	ASM_GENERATE_INTERNAL_LABEL	algol68/a68-exports.cc	487
UNREADABLE-function-like	EXPR	ASM_GENERATE_INTERNAL_LABEL	algol68/a68-exports.cc	488
UNREADABLE-function-like	EXPR	ASM_GENERATE_INTERNAL_LABEL	asan.cc	2165
UNREADABLE-function-like	EXPR	ASM_GENERATE_INTERNAL_LABEL	asan.cc	3517
UNREADABLE-function-like	EXPR	ASM_GENERATE_INTERNAL_LABEL	asan.cc	3561
UNREADABLE-function-like	EXPR	ASM_GENERATE_INTERNAL_LABEL	asan.cc	3857
UNREADABLE-function-like	EXPR	ASM_GENERATE_INTERNAL_LABEL	btfout.cc	280
UNREADABLE-function-like	EXPR	ASM_GENERATE_INTERNAL_LABEL	coverage.cc	1133
UNREADABLE-function-like	EXPR	ASM_GENERATE_INTERNAL_LABEL	coverage.cc	1193
UNREADABLE-function-like	EXPR	ASM_GENERATE_INTERNAL_LABEL	coverage.cc	1241
UNREADABLE-function-like	EXPR	ASM_GENERATE_INTERNAL_LABEL	ctfout.cc	192
UNREADABLE-function-like	EXPR	ASM_GENERATE_INTERNAL_LABEL	dwarf2asm.cc	999
UNREADABLE-function-like	EXPR	ASM_GENERATE_INTERNAL_LABEL	dwarf2cfi.cc	495
UNREADABLE-function-like	EXPR	ASM_GENERATE_INTERNAL_LABEL	dwarf2out.cc	1038
UNREADABLE-function-like	EXPR	ASM_GENERATE_INTERNAL_LABEL	dwarf2out.cc	10383
UNREADABLE-function-like	EXPR	ASM_GENERATE_INTERNAL_LABEL	dwarf2out.cc	10392
UNREADABLE-function-like	EXPR	ASM_GENERATE_INTERNAL_LABEL	dwarf2out.cc	10440
UNREADABLE-function-like	EXPR	ASM_GENERATE_INTERNAL_LABEL	dwarf2out.cc	10452
UNREADABLE-function-like	EXPR	ASM_GENERATE_INTERNAL_LABEL	dwarf2out.cc	11070
UNREADABLE-function-like	EXPR	ASM_GENERATE_INTERNAL_LABEL	dwarf2out.cc	1109
UNREADABLE-function-like	EXPR	ASM_GENERATE_INTERNAL_LABEL	dwarf2out.cc	1181
UNREADABLE-function-like	EXPR	ASM_GENERATE_INTERNAL_LABEL	dwarf2out.cc	12024
UNREADABLE-function-like	EXPR	ASM_GENERATE_INTERNAL_LABEL	dwarf2out.cc	12025
UNREADABLE-function-like	EXPR	ASM_GENERATE_INTERNAL_LABEL	dwarf2out.cc	1210
UNREADABLE-function-like	EXPR	ASM_GENERATE_INTERNAL_LABEL	dwarf2out.cc	12165
UNREADABLE-function-like	EXPR	ASM_GENERATE_INTERNAL_LABEL	dwarf2out.cc	12166
UNREADABLE-function-like	EXPR	ASM_GENERATE_INTERNAL_LABEL	dwarf2out.cc	12231
UNREADABLE-function-like	EXPR	ASM_GENERATE_INTERNAL_LABEL	dwarf2out.cc	12233
UNREADABLE-function-like	EXPR	ASM_GENERATE_INTERNAL_LABEL	dwarf2out.cc	12295
UNREADABLE-function-like	EXPR	ASM_GENERATE_INTERNAL_LABEL	dwarf2out.cc	12296
UNREADABLE-function-like	EXPR	ASM_GENERATE_INTERNAL_LABEL	dwarf2out.cc	1294
UNREADABLE-function-like	EXPR	ASM_GENERATE_INTERNAL_LABEL	dwarf2out.cc	13012
UNREADABLE-function-like	EXPR	ASM_GENERATE_INTERNAL_LABEL	dwarf2out.cc	13030
UNREADABLE-function-like	EXPR	ASM_GENERATE_INTERNAL_LABEL	dwarf2out.cc	13032
UNREADABLE-function-like	EXPR	ASM_GENERATE_INTERNAL_LABEL	dwarf2out.cc	13152
UNREADABLE-function-like	EXPR	ASM_GENERATE_INTERNAL_LABEL	dwarf2out.cc	13154
UNREADABLE-function-like	EXPR	ASM_GENERATE_INTERNAL_LABEL	dwarf2out.cc	13156
UNREADABLE-function-like	EXPR	ASM_GENERATE_INTERNAL_LABEL	dwarf2out.cc	13158
UNREADABLE-function-like	EXPR	ASM_GENERATE_INTERNAL_LABEL	dwarf2out.cc	1329
UNREADABLE-function-like	EXPR	ASM_GENERATE_INTERNAL_LABEL	dwarf2out.cc	18153
UNREADABLE-function-like	EXPR	ASM_GENERATE_INTERNAL_LABEL	dwarf2out.cc	22607
UNREADABLE-function-like	EXPR	ASM_GENERATE_INTERNAL_LABEL	dwarf2out.cc	24324
UNREADABLE-function-like	EXPR	ASM_GENERATE_INTERNAL_LABEL	dwarf2out.cc	24326
UNREADABLE-function-like	EXPR	ASM_GENERATE_INTERNAL_LABEL	dwarf2out.cc	25309
UNREADABLE-function-like	EXPR	ASM_GENERATE_INTERNAL_LABEL	dwarf2out.cc	25317
UNREADABLE-function-like	EXPR	ASM_GENERATE_INTERNAL_LABEL	dwarf2out.cc	25369
UNREADABLE-function-like	EXPR	ASM_GENERATE_INTERNAL_LABEL	dwarf2out.cc	25379
UNREADABLE-function-like	EXPR	ASM_GENERATE_INTERNAL_LABEL	dwarf2out.cc	25406
UNREADABLE-function-like	EXPR	ASM_GENERATE_INTERNAL_LABEL	dwarf2out.cc	25477
UNREADABLE-function-like	EXPR	ASM_GENERATE_INTERNAL_LABEL	dwarf2out.cc	25479
UNREADABLE-function-like	EXPR	ASM_GENERATE_INTERNAL_LABEL	dwarf2out.cc	28736
UNREADABLE-function-like	EXPR	ASM_GENERATE_INTERNAL_LABEL	dwarf2out.cc	29072
UNREADABLE-function-like	EXPR	ASM_GENERATE_INTERNAL_LABEL	dwarf2out.cc	29145
UNREADABLE-function-like	EXPR	ASM_GENERATE_INTERNAL_LABEL	dwarf2out.cc	29255
UNREADABLE-function-like	EXPR	ASM_GENERATE_INTERNAL_LABEL	dwarf2out.cc	29355
UNREADABLE-function-like	EXPR	ASM_GENERATE_INTERNAL_LABEL	dwarf2out.cc	29653
UNREADABLE-function-like	EXPR	ASM_GENERATE_INTERNAL_LABEL	dwarf2out.cc	29952
UNREADABLE-function-like	EXPR	ASM_GENERATE_INTERNAL_LABEL	dwarf2out.cc	30022
UNREADABLE-function-like	EXPR	ASM_GENERATE_INTERNAL_LABEL	dwarf2out.cc	30032
UNREADABLE-function-like	EXPR	ASM_GENERATE_INTERNAL_LABEL	dwarf2out.cc	30039
UNREADABLE-function-like	EXPR	ASM_GENERATE_INTERNAL_LABEL	dwarf2out.cc	30056
UNREADABLE-function-like	EXPR	ASM_GENERATE_INTERNAL_LABEL	dwarf2out.cc	30100
UNREADABLE-function-like	EXPR	ASM_GENERATE_INTERNAL_LABEL	dwarf2out.cc	30110
UNREADABLE-function-like	EXPR	ASM_GENERATE_INTERNAL_LABEL	dwarf2out.cc	30116
UNREADABLE-function-like	EXPR	ASM_GENERATE_INTERNAL_LABEL	dwarf2out.cc	30161
UNREADABLE-function-like	EXPR	ASM_GENERATE_INTERNAL_LABEL	dwarf2out.cc	30164
UNREADABLE-function-like	EXPR	ASM_GENERATE_INTERNAL_LABEL	dwarf2out.cc	30168
UNREADABLE-function-like	EXPR	ASM_GENERATE_INTERNAL_LABEL	dwarf2out.cc	30173
UNREADABLE-function-like	EXPR	ASM_GENERATE_INTERNAL_LABEL	dwarf2out.cc	30177
UNREADABLE-function-like	EXPR	ASM_GENERATE_INTERNAL_LABEL	dwarf2out.cc	30180
UNREADABLE-function-like	EXPR	ASM_GENERATE_INTERNAL_LABEL	dwarf2out.cc	30183
UNREADABLE-function-like	EXPR	ASM_GENERATE_INTERNAL_LABEL	dwarf2out.cc	30188
UNREADABLE-function-like	EXPR	ASM_GENERATE_INTERNAL_LABEL	dwarf2out.cc	30249
UNREADABLE-function-like	EXPR	ASM_GENERATE_INTERNAL_LABEL	dwarf2out.cc	30250
UNREADABLE-function-like	EXPR	ASM_GENERATE_INTERNAL_LABEL	dwarf2out.cc	30251
UNREADABLE-function-like	EXPR	ASM_GENERATE_INTERNAL_LABEL	dwarf2out.cc	30253
UNREADABLE-function-like	EXPR	ASM_GENERATE_INTERNAL_LABEL	dwarf2out.cc	33227
UNREADABLE-function-like	EXPR	ASM_GENERATE_INTERNAL_LABEL	dwarf2out.cc	33228
UNREADABLE-function-like	EXPR	ASM_GENERATE_INTERNAL_LABEL	dwarf2out.cc	4803
UNREADABLE-function-like	EXPR	ASM_GENERATE_INTERNAL_LABEL	dwarf2out.cc	628
UNREADABLE-function-like	EXPR	ASM_GENERATE_INTERNAL_LABEL	dwarf2out.cc	629
UNREADABLE-function-like	EXPR	ASM_GENERATE_INTERNAL_LABEL	dwarf2out.cc	686
UNREADABLE-function-like	EXPR	ASM_GENERATE_INTERNAL_LABEL	dwarf2out.cc	8158
UNREADABLE-function-like	EXPR	ASM_GENERATE_INTERNAL_LABEL	dwarf2out.cc	828
UNREADABLE-function-like	EXPR	ASM_GENERATE_INTERNAL_LABEL	dwarf2out.cc	832
UNREADABLE-function-like	EXPR	ASM_GENERATE_INTERNAL_LABEL	dwarf2out.cc	833
UNREADABLE-function-like	EXPR	ASM_GENERATE_INTERNAL_LABEL	except.cc	1196
UNREADABLE-function-like	EXPR	ASM_GENERATE_INTERNAL_LABEL	except.cc	2884
UNREADABLE-function-like	EXPR	ASM_GENERATE_INTERNAL_LABEL	except.cc	2885
UNREADABLE-function-like	EXPR	ASM_GENERATE_INTERNAL_LABEL	except.cc	2888
UNREADABLE-function-like	EXPR	ASM_GENERATE_INTERNAL_LABEL	except.cc	3081
UNREADABLE-function-like	EXPR	ASM_GENERATE_INTERNAL_LABEL	except.cc	3124
UNREADABLE-function-like	EXPR	ASM_GENERATE_INTERNAL_LABEL	except.cc	3174
UNREADABLE-function-like	EXPR	ASM_GENERATE_INTERNAL_LABEL	except.cc	3177
UNREADABLE-function-like	EXPR	ASM_GENERATE_INTERNAL_LABEL	final.cc	3638
UNREADABLE-function-like	EXPR	ASM_GENERATE_INTERNAL_LABEL	final.cc	3728
UNREADABLE-function-like	EXPR	ASM_GENERATE_INTERNAL_LABEL	gimple-harden-control-flow.cc	822
UNREADABLE-function-like	EXPR	ASM_GENERATE_INTERNAL_LABEL	rust/backend/rust-tree.cc	4858
UNREADABLE-function-like	EXPR	ASM_GENERATE_INTERNAL_LABEL	rust/backend/rust-tree.cc	54
UNREADABLE-function-like	EXPR	ASM_GENERATE_INTERNAL_LABEL	sancov.cc	173
UNREADABLE-function-like	EXPR	ASM_GENERATE_INTERNAL_LABEL	targhooks.cc	2356
UNREADABLE-function-like	EXPR	ASM_GENERATE_INTERNAL_LABEL	tree.cc	828
UNREADABLE-function-like	EXPR	ASM_GENERATE_INTERNAL_LABEL	varasm.cc	2082
UNREADABLE-function-like	EXPR	ASM_GENERATE_INTERNAL_LABEL	varasm.cc	2084
UNREADABLE-function-like	EXPR	ASM_GENERATE_INTERNAL_LABEL	varasm.cc	2086
UNREADABLE-function-like	EXPR	ASM_GENERATE_INTERNAL_LABEL	varasm.cc	2088
UNREADABLE-function-like	EXPR	ASM_GENERATE_INTERNAL_LABEL	varasm.cc	2997
UNREADABLE-function-like	EXPR	ASM_GENERATE_INTERNAL_LABEL	varasm.cc	3063
UNREADABLE-function-like	EXPR	ASM_GENERATE_INTERNAL_LABEL	varasm.cc	3749
UNREADABLE-function-like	EXPR	ASM_GENERATE_INTERNAL_LABEL	varasm.cc	4266
UNREADABLE-function-like	EXPR	ASM_GENERATE_INTERNAL_LABEL	varasm.cc	4604
UNREADABLE-function-like	EXPR	ASM_GENERATE_INTERNAL_LABEL	varasm.cc	7311
UNREADABLE-function-like	EXPR	ASM_GENERATE_INTERNAL_LABEL	varasm.cc	8164
UNREADABLE-function-like	EXPR	ASM_GENERATE_INTERNAL_LABEL	varasm.cc	8175
UNREADABLE-function-like	EXPR	ASM_GENERATE_INTERNAL_LABEL	varasm.cc	8477
UNREADABLE-function-like	EXPR	ASM_GENERATE_INTERNAL_LABEL	vmsdbgout.cc	1154
UNREADABLE-function-like	EXPR	ASM_GENERATE_INTERNAL_LABEL	vmsdbgout.cc	1173
UNREADABLE-function-like	EXPR	ASM_GENERATE_INTERNAL_LABEL	vmsdbgout.cc	1209
UNREADABLE-function-like	EXPR	ASM_GENERATE_INTERNAL_LABEL	vmsdbgout.cc	1239
UNREADABLE-function-like	EXPR	ASM_GENERATE_INTERNAL_LABEL	vmsdbgout.cc	1507
UNREADABLE-function-like	EXPR	ASM_GENERATE_INTERNAL_LABEL	vmsdbgout.cc	39
UNREADABLE-function-like	EXPR	ASM_GENERATE_INTERNAL_LABEL	vmsdbgout.cc	43
UNREADABLE-function-like	EXPR	ASM_GENERATE_INTERNAL_LABEL	vmsdbgout.cc	744
UNREADABLE-function-like	EXPR	ASM_GENERATE_INTERNAL_LABEL	vmsdbgout.cc	778
UNREADABLE-function-like	EXPR	ASM_GENERATE_INTERNAL_LABEL	vmsdbgout.cc	781
UNREADABLE-function-like	EXPR	ASM_GENERATE_INTERNAL_LABEL	vmsdbgout.cc	919
UNREADABLE-function-like	EXPR	ASM_NO_SKIP_IN_TEXT	varasm.cc	2284
UNREADABLE-function-like	EXPR	ASM_OUTPUT_ADDR_DIFF_ELT	final.cc	2571
UNREADABLE-function-like	EXPR	ASM_OUTPUT_ADDR_VEC_ELT	final.cc	2562
UNREADABLE-function-like	EXPR	ASM_OUTPUT_ALIGN	dwarf2codeview.cc	1806
UNREADABLE-function-like	EXPR	ASM_OUTPUT_ALIGN	dwarf2codeview.cc	1860
UNREADABLE-function-like	EXPR	ASM_OUTPUT_ALIGN	dwarf2codeview.cc	2195
UNREADABLE-function-like	EXPR	ASM_OUTPUT_ALIGN	dwarf2codeview.cc	2265
UNREADABLE-function-like	EXPR	ASM_OUTPUT_ALIGN	dwarf2codeview.cc	2318
UNREADABLE-function-like	EXPR	ASM_OUTPUT_ALIGN	dwarf2codeview.cc	2374
UNREADABLE-function-like	EXPR	ASM_OUTPUT_ALIGN	dwarf2codeview.cc	2568
UNREADABLE-function-like	EXPR	ASM_OUTPUT_ALIGN	dwarf2codeview.cc	2650
UNREADABLE-function-like	EXPR	ASM_OUTPUT_ALIGN	dwarf2codeview.cc	3115
UNREADABLE-function-like	EXPR	ASM_OUTPUT_ALIGN	dwarf2codeview.cc	3141
UNREADABLE-function-like	EXPR	ASM_OUTPUT_ALIGN	dwarf2codeview.cc	3211
UNREADABLE-function-like	EXPR	ASM_OUTPUT_ALIGN	dwarf2codeview.cc	3587
UNREADABLE-function-like	EXPR	ASM_OUTPUT_ALIGN	dwarf2codeview.cc	3769
UNREADABLE-function-like	EXPR	ASM_OUTPUT_ALIGN	dwarf2out.cc	506
UNREADABLE-function-like	EXPR	ASM_OUTPUT_ALIGN	dwarf2out.cc	696
UNREADABLE-function-like	EXPR	ASM_OUTPUT_ALIGN	dwarf2out.cc	739
UNREADABLE-function-like	EXPR	ASM_OUTPUT_ALIGN	dwarf2out.cc	966
UNREADABLE-function-like	EXPR	ASM_OUTPUT_ALIGNED_BSS	varasm.cc	2391
UNREADABLE-function-like	EXPR	ASM_OUTPUT_ALIGNED_BSS	varasm.cc	504
UNREADABLE-function-like	EXPR	ASM_OUTPUT_ALIGNED_COMMON	toplev.cc	561
UNREADABLE-function-like	EXPR	ASM_OUTPUT_ALIGNED_COMMON	varasm.cc	2410
UNREADABLE-function-like	EXPR	ASM_OUTPUT_ALIGNED_DECL_COMMON	toplev.cc	558
UNREADABLE-function-like	EXPR	ASM_OUTPUT_ALIGNED_DECL_COMMON	varasm.cc	2406
UNREADABLE-function-like	EXPR	ASM_OUTPUT_ALIGNED_DECL_LOCAL	varasm.cc	2358
UNREADABLE-function-like	EXPR	ASM_OUTPUT_ALIGNED_DECL_LOCAL	varasm.cc	3005
UNREADABLE-function-like	EXPR	ASM_OUTPUT_ALIGNED_LOCAL	varasm.cc	2371
UNREADABLE-function-like	EXPR	ASM_OUTPUT_ALIGNED_LOCAL	varasm.cc	3010
UNREADABLE-function-like	EXPR	ASM_OUTPUT_ALIGN	final.cc	1834
UNREADABLE-function-like	EXPR	ASM_OUTPUT_ALIGN	final.cc	2440
UNREADABLE-function-like	EXPR	ASM_OUTPUT_ALIGN	final.cc	2476
UNREADABLE-function-like	EXPR	ASM_OUTPUT_ALIGN	target-caps.cc	158
UNREADABLE-function-like	EXPR	ASM_OUTPUT_ALIGN	varasm.cc	2154
UNREADABLE-function-like	EXPR	ASM_OUTPUT_ALIGN	varasm.cc	2179
UNREADABLE-function-like	EXPR	ASM_OUTPUT_ALIGN	varasm.cc	2303
UNREADABLE-function-like	EXPR	ASM_OUTPUT_ALIGN	varasm.cc	2685
UNREADABLE-function-like	EXPR	ASM_OUTPUT_ALIGN	varasm.cc	3057
UNREADABLE-function-like	EXPR	ASM_OUTPUT_ALIGN	varasm.cc	3970
UNREADABLE-function-like	EXPR	ASM_OUTPUT_ALIGN	varasm.cc	514
UNREADABLE-function-like	EXPR	ASM_OUTPUT_ALIGN	vmsdbgout.cc	1613
UNREADABLE-function-like	EXPR	ASM_OUTPUT_ASCII	dwarf2asm.cc	414
UNREADABLE-function-like	EXPR	ASM_OUTPUT_ASCII	dwarf2codeview.cc	1796
UNREADABLE-function-like	EXPR	ASM_OUTPUT_ASCII	dwarf2codeview.cc	2192
UNREADABLE-function-like	EXPR	ASM_OUTPUT_ASCII	dwarf2codeview.cc	2193
UNREADABLE-function-like	EXPR	ASM_OUTPUT_ASCII	dwarf2codeview.cc	2262
UNREADABLE-function-like	EXPR	ASM_OUTPUT_ASCII	dwarf2codeview.cc	2316
UNREADABLE-function-like	EXPR	ASM_OUTPUT_ASCII	dwarf2codeview.cc	2372
UNREADABLE-function-like	EXPR	ASM_OUTPUT_ASCII	dwarf2codeview.cc	2566
UNREADABLE-function-like	EXPR	ASM_OUTPUT_ASCII	dwarf2codeview.cc	2648
UNREADABLE-function-like	EXPR	ASM_OUTPUT_ASCII	dwarf2codeview.cc	3113
UNREADABLE-function-like	EXPR	ASM_OUTPUT_ASCII	dwarf2codeview.cc	3766
UNREADABLE-function-like	EXPR	ASM_OUTPUT_ASCII	dwarf2codeview.cc	4167
UNREADABLE-function-like	EXPR	ASM_OUTPUT_ASCII	dwarf2codeview.cc	4206
UNREADABLE-function-like	EXPR	ASM_OUTPUT_ASCII	dwarf2codeview.cc	4211
UNREADABLE-function-like	EXPR	ASM_OUTPUT_ASCII	dwarf2codeview.cc	4271
UNREADABLE-function-like	EXPR	ASM_OUTPUT_ASCII	dwarf2codeview.cc	4305
UNREADABLE-function-like	EXPR	ASM_OUTPUT_ASCII	dwarf2codeview.cc	4339
UNREADABLE-function-like	EXPR	ASM_OUTPUT_ASCII	dwarf2codeview.cc	4403
UNREADABLE-function-like	EXPR	ASM_OUTPUT_ASCII	dwarf2codeview.cc	4470
UNREADABLE-function-like	EXPR	ASM_OUTPUT_ASCII	dwarf2codeview.cc	4538
UNREADABLE-function-like	EXPR	ASM_OUTPUT_ASCII	dwarf2codeview.cc	4545
UNREADABLE-function-like	EXPR	ASM_OUTPUT_ASCII	dwarf2codeview.cc	4604
UNREADABLE-function-like	EXPR	ASM_OUTPUT_ASCII	dwarf2codeview.cc	4611
UNREADABLE-function-like	EXPR	ASM_OUTPUT_ASCII	dwarf2codeview.cc	4662
UNREADABLE-function-like	EXPR	ASM_OUTPUT_ASCII	dwarf2codeview.cc	4850
UNREADABLE-function-like	EXPR	ASM_OUTPUT_ASCII	dwarf2codeview.cc	4900
UNREADABLE-function-like	EXPR	ASM_OUTPUT_ASCII	dwarf2codeview.cc	4944
UNREADABLE-function-like	EXPR	ASM_OUTPUT_ASCII	varasm.cc	2340
UNREADABLE-function-like	EXPR	ASM_OUTPUT_ASCII	varasm.cc	8629
UNREADABLE-function-like	EXPR	ASM_OUTPUT_ASCII	varasm.cc	8641
UNREADABLE-function-like	EXPR	ASM_OUTPUT_ASCII	varasm.cc	8764
UNREADABLE-function-like	EXPR	ASM_OUTPUT_ASCII	vmsdbgout.cc	380
UNREADABLE-function-like	EXPR	ASM_OUTPUT_CASE_LABEL	final.cc	2482
UNREADABLE-function-like	EXPR	ASM_OUTPUT_DEBUG_LABEL	asan.cc	1561
UNREADABLE-function-like	EXPR	ASM_OUTPUT_DEBUG_LABEL	dwarf2out.cc	1111
UNREADABLE-function-like	EXPR	ASM_OUTPUT_DEBUG_LABEL	dwarf2out.cc	1183
UNREADABLE-function-like	EXPR	ASM_OUTPUT_DEBUG_LABEL	dwarf2out.cc	1212
UNREADABLE-function-like	EXPR	ASM_OUTPUT_DEBUG_LABEL	dwarf2out.cc	28290
UNREADABLE-function-like	EXPR	ASM_OUTPUT_DEBUG_LABEL	dwarf2out.cc	28305
UNREADABLE-function-like	EXPR	ASM_OUTPUT_DEBUG_LABEL	dwarf2out.cc	28737
UNREADABLE-function-like	EXPR	ASM_OUTPUT_DEBUG_LABEL	dwarf2out.cc	28984
UNREADABLE-function-like	EXPR	ASM_OUTPUT_DEBUG_LABEL	final.cc	2252
UNREADABLE-function-like	EXPR	ASM_OUTPUT_DEBUG_LABEL	final.cc	2257
UNREADABLE-function-like	EXPR	ASM_OUTPUT_DEBUG_LABEL	final.cc	2286
UNREADABLE-function-like	EXPR	ASM_OUTPUT_DEBUG_LABEL	final.cc	2358
UNREADABLE-function-like	EXPR	ASM_OUTPUT_DEBUG_LABEL	final.cc	2364
UNREADABLE-function-like	EXPR	ASM_OUTPUT_DEF	ipa-icf.cc	221
UNREADABLE-function-like	EXPR	ASM_OUTPUT_DEF	varasm.cc	6508
UNREADABLE-function-like	EXPR	ASM_OUTPUT_DEF	varasm.cc	7826
UNREADABLE-function-like	EXPR	ASM_OUTPUT_EXTERNAL_LIBCALL	targhooks.cc	122
UNREADABLE-function-like	EXPR	ASM_OUTPUT_FUNCTION_LABEL	varasm.cc	2217
UNREADABLE-function-like	EXPR	ASM_OUTPUT_INTERNAL_LABEL	varasm.cc	8176
UNREADABLE-function-like	EXPR	ASM_OUTPUT_LABEL	algol68/a68-exports.cc	279
UNREADABLE-function-like	EXPR	ASM_OUTPUT_LABEL	algol68/a68-exports.cc	394
UNREADABLE-function-like	EXPR	ASM_OUTPUT_LABEL	algol68/a68-exports.cc	438
UNREADABLE-function-like	EXPR	ASM_OUTPUT_LABEL	algol68/a68-exports.cc	451
UNREADABLE-function-like	EXPR	ASM_OUTPUT_LABEL	algol68/a68-exports.cc	478
UNREADABLE-function-like	EXPR	ASM_OUTPUT_LABEL	algol68/a68-exports.cc	481
UNREADABLE-function-like	EXPR	ASM_OUTPUT_LABEL	algol68/a68-exports.cc	494
UNREADABLE-function-like	EXPR	ASM_OUTPUT_LABEL	algol68/a68-exports.cc	515
UNREADABLE-function-like	EXPR	ASM_OUTPUT_LABEL	btfout.cc	644
UNREADABLE-function-like	EXPR	ASM_OUTPUT_LABEL	ctfout.cc	461
UNREADABLE-function-like	EXPR	ASM_OUTPUT_LABEL	dwarf2out.cc	10421
UNREADABLE-function-like	EXPR	ASM_OUTPUT_LABEL	dwarf2out.cc	10476
UNREADABLE-function-like	EXPR	ASM_OUTPUT_LABEL	dwarf2out.cc	11315
UNREADABLE-function-like	EXPR	ASM_OUTPUT_LABEL	dwarf2out.cc	11338
UNREADABLE-function-like	EXPR	ASM_OUTPUT_LABEL	dwarf2out.cc	11441
UNREADABLE-function-like	EXPR	ASM_OUTPUT_LABEL	dwarf2out.cc	11476
UNREADABLE-function-like	EXPR	ASM_OUTPUT_LABEL	dwarf2out.cc	12014
UNREADABLE-function-like	EXPR	ASM_OUTPUT_LABEL	dwarf2out.cc	12227
UNREADABLE-function-like	EXPR	ASM_OUTPUT_LABEL	dwarf2out.cc	12241
UNREADABLE-function-like	EXPR	ASM_OUTPUT_LABEL	dwarf2out.cc	12255
UNREADABLE-function-like	EXPR	ASM_OUTPUT_LABEL	dwarf2out.cc	12279
UNREADABLE-function-like	EXPR	ASM_OUTPUT_LABEL	dwarf2out.cc	12437
UNREADABLE-function-like	EXPR	ASM_OUTPUT_LABEL	dwarf2out.cc	1296
UNREADABLE-function-like	EXPR	ASM_OUTPUT_LABEL	dwarf2out.cc	13170
UNREADABLE-function-like	EXPR	ASM_OUTPUT_LABEL	dwarf2out.cc	13179
UNREADABLE-function-like	EXPR	ASM_OUTPUT_LABEL	dwarf2out.cc	13227
UNREADABLE-function-like	EXPR	ASM_OUTPUT_LABEL	dwarf2out.cc	13231
UNREADABLE-function-like	EXPR	ASM_OUTPUT_LABEL	dwarf2out.cc	13262
UNREADABLE-function-like	EXPR	ASM_OUTPUT_LABEL	dwarf2out.cc	29109
UNREADABLE-function-like	EXPR	ASM_OUTPUT_LABEL	dwarf2out.cc	29955
UNREADABLE-function-like	EXPR	ASM_OUTPUT_LABEL	dwarf2out.cc	30256
UNREADABLE-function-like	EXPR	ASM_OUTPUT_LABEL	dwarf2out.cc	30393
UNREADABLE-function-like	EXPR	ASM_OUTPUT_LABEL	dwarf2out.cc	30540
UNREADABLE-function-like	EXPR	ASM_OUTPUT_LABEL	dwarf2out.cc	33214
UNREADABLE-function-like	EXPR	ASM_OUTPUT_LABEL	dwarf2out.cc	33235
UNREADABLE-function-like	EXPR	ASM_OUTPUT_LABEL	dwarf2out.cc	33242
UNREADABLE-function-like	EXPR	ASM_OUTPUT_LABEL	dwarf2out.cc	33252
UNREADABLE-function-like	EXPR	ASM_OUTPUT_LABEL	dwarf2out.cc	33296
UNREADABLE-function-like	EXPR	ASM_OUTPUT_LABEL	dwarf2out.cc	33309
UNREADABLE-function-like	EXPR	ASM_OUTPUT_LABEL	dwarf2out.cc	33316
UNREADABLE-function-like	EXPR	ASM_OUTPUT_LABEL	dwarf2out.cc	33851
UNREADABLE-function-like	EXPR	ASM_OUTPUT_LABEL	dwarf2out.cc	33865
UNREADABLE-function-like	EXPR	ASM_OUTPUT_LABEL	dwarf2out.cc	33878
UNREADABLE-function-like	EXPR	ASM_OUTPUT_LABEL	dwarf2out.cc	509
UNREADABLE-function-like	EXPR	ASM_OUTPUT_LABEL	dwarf2out.cc	638
UNREADABLE-function-like	EXPR	ASM_OUTPUT_LABEL	dwarf2out.cc	741
UNREADABLE-function-like	EXPR	ASM_OUTPUT_LABEL	dwarf2out.cc	829
UNREADABLE-function-like	EXPR	ASM_OUTPUT_LABEL	dwarf2out.cc	842
UNREADABLE-function-like	EXPR	ASM_OUTPUT_LABEL	dwarf2out.cc	968
UNREADABLE-function-like	EXPR	ASM_OUTPUT_LABEL	except.cc	3129
UNREADABLE-function-like	EXPR	ASM_OUTPUT_LABEL	except.cc	3182
UNREADABLE-function-like	EXPR	ASM_OUTPUT_LABEL	except.cc	3187
UNREADABLE-function-like	EXPR	ASM_OUTPUT_LABEL	except.cc	3216
UNREADABLE-function-like	EXPR	ASM_OUTPUT_LABEL	final.cc	2071
UNREADABLE-function-like	EXPR	ASM_OUTPUT_LABEL	final.cc	2230
UNREADABLE-function-like	EXPR	ASM_OUTPUT_LABEL	final.cc	2235
UNREADABLE-function-like	EXPR	ASM_OUTPUT_LABELREF	lto-streamer-out.cc	3344
UNREADABLE-function-like	EXPR	ASM_OUTPUT_LABELREF	tree.cc	852
UNREADABLE-function-like	EXPR	ASM_OUTPUT_LABELREF	varasm.cc	1681
UNREADABLE-function-like	EXPR	ASM_OUTPUT_LABELREF	varasm.cc	2949
UNREADABLE-function-like	EXPR	ASM_OUTPUT_LABELREF	varasm.cc	3809
UNREADABLE-function-like	EXPR	ASM_OUTPUT_LABELREF	vmsdbgout.cc	407
UNREADABLE-function-like	EXPR	ASM_OUTPUT_LABEL	targhooks.cc	2374
UNREADABLE-function-like	EXPR	ASM_OUTPUT_LABEL	varasm.cc	2050
UNREADABLE-function-like	EXPR	ASM_OUTPUT_LABEL	varasm.cc	2121
UNREADABLE-function-like	EXPR	ASM_OUTPUT_LABEL	varasm.cc	2131
UNREADABLE-function-like	EXPR	ASM_OUTPUT_LABEL	varasm.cc	2143
UNREADABLE-function-like	EXPR	ASM_OUTPUT_LABEL	varasm.cc	2262
UNREADABLE-function-like	EXPR	ASM_OUTPUT_LABEL	varasm.cc	2267
UNREADABLE-function-like	EXPR	ASM_OUTPUT_LABEL	varasm.cc	2482
UNREADABLE-function-like	EXPR	ASM_OUTPUT_LABEL	varasm.cc	2901
UNREADABLE-function-like	EXPR	ASM_OUTPUT_LABEL	varasm.cc	520
UNREADABLE-function-like	EXPR	ASM_OUTPUT_LABEL	vmsdbgout.cc	1156
UNREADABLE-function-like	EXPR	ASM_OUTPUT_LABEL	vmsdbgout.cc	1175
UNREADABLE-function-like	EXPR	ASM_OUTPUT_LABEL	vmsdbgout.cc	1212
UNREADABLE-function-like	EXPR	ASM_OUTPUT_LABEL	vmsdbgout.cc	1241
UNREADABLE-function-like	EXPR	ASM_OUTPUT_LIMITED_STRING	varasm.cc	8729
UNREADABLE-function-like	EXPR	ASM_OUTPUT_MAX_SKIP_ALIGN	final.cc	2417
UNREADABLE-function-like	EXPR	ASM_OUTPUT_MAX_SKIP_ALIGN	final.cc	2429
UNREADABLE-function-like	EXPR	ASM_OUTPUT_MAX_SKIP_ALIGN	final.cc	2431
UNREADABLE-function-like	EXPR	ASM_OUTPUT_MAX_SKIP_ALIGN	varasm.cc	2159
UNREADABLE-function-like	EXPR	ASM_OUTPUT_MAX_SKIP_ALIGN	varasm.cc	2173
UNREADABLE-function-like	EXPR	ASM_OUTPUT_MAX_SKIP_ALIGN	varasm.cc	2175
UNREADABLE-function-like	EXPR	ASM_OUTPUT_OPCODE	final.cc	3465
UNREADABLE-function-like	EXPR	ASM_OUTPUT_OPCODE	final.cc	3487
UNREADABLE-function-like	EXPR	ASM_OUTPUT_OPCODE	final.cc	3945
UNREADABLE-function-like	EXPR	ASM_OUTPUT_OPCODE	final.cc	4042
UNREADABLE-function-like	EXPR	ASM_OUTPUT_REG_POP	final.cc	1852
UNREADABLE-function-like	EXPR	ASM_OUTPUT_REG_POP	final.cc	1854
UNREADABLE-function-like	EXPR	ASM_OUTPUT_REG_PUSH	final.cc	1828
UNREADABLE-function-like	EXPR	ASM_OUTPUT_REG_PUSH	final.cc	1843
UNREADABLE-function-like	EXPR	ASM_OUTPUT_REG_PUSH	final.cc	1845
UNREADABLE-function-like	EXPR	ASM_OUTPUT_SKIP	varasm.cc	2293
UNREADABLE-function-like	EXPR	ASM_OUTPUT_SKIP	varasm.cc	522
UNREADABLE-function-like	EXPR	ASM_OUTPUT_SKIP	varasm.cc	8632
UNREADABLE-function-like	EXPR	ASM_OUTPUT_SKIP	varasm.cc	8918
UNREADABLE-function-like	EXPR	ASM_OUTPUT_SYMBOL_REF	final.cc	3718
UNREADABLE-function-like	EXPR	ASM_OUTPUT_SYMVER_DIRECTIVE	varasm.cc	6648
UNREADABLE-function-like	EXPR	ASM_OUTPUT_TYPE_DIRECTIVE	final.cc	2069
UNREADABLE-function-like	EXPR	ASM_OUTPUT_TYPE_DIRECTIVE	varasm.cc	6581
UNREADABLE-function-like	EXPR	ASM_OUTPUT_WEAKREF	varasm.cc	6550
UNREADABLE-function-like	EXPR	ASM_PREFERRED_EH_DATA_FORMAT	dwarf2cfi.cc	3456
UNREADABLE-function-like	EXPR	ASM_PREFERRED_EH_DATA_FORMAT	dwarf2cfi.cc	3770
UNREADABLE-function-like	EXPR	ASM_PREFERRED_EH_DATA_FORMAT	dwarf2cfi.cc	3773
UNREADABLE-function-like	EXPR	ASM_PREFERRED_EH_DATA_FORMAT	dwarf2out.cc	1013
UNREADABLE-function-like	EXPR	ASM_PREFERRED_EH_DATA_FORMAT	dwarf2out.cc	1037
UNREADABLE-function-like	EXPR	ASM_PREFERRED_EH_DATA_FORMAT	dwarf2out.cc	472
UNREADABLE-function-like	EXPR	ASM_PREFERRED_EH_DATA_FORMAT	dwarf2out.cc	474
UNREADABLE-function-like	EXPR	ASM_PREFERRED_EH_DATA_FORMAT	dwarf2out.cc	476
UNREADABLE-function-like	EXPR	ASM_PREFERRED_EH_DATA_FORMAT	dwarf2out.cc	877
UNREADABLE-function-like	EXPR	ASM_PREFERRED_EH_DATA_FORMAT	dwarf2out.cc	878
UNREADABLE-function-like	EXPR	ASM_PREFERRED_EH_DATA_FORMAT	dwarf2out.cc	879
UNREADABLE-function-like	EXPR	ASM_PREFERRED_EH_DATA_FORMAT	except.cc	2963
UNREADABLE-function-like	EXPR	ASM_PREFERRED_EH_DATA_FORMAT	except.cc	3079
UNREADABLE-function-like	EXPR	ASM_SPEC	gcc.cc	1158
UNREADABLE-function-like	EXPR	ASM_SPEC	gcc.cc	1321
UNREADABLE-function-like	EXPR	ASM_SPEC	gcc.cc	604
UNREADABLE-function-like	EXPR	ASM_SPEC	gcc.cc	721
UNREADABLE-function-like	EXPR	ASSEMBLER_DIALECT	final.cc	223
UNREADABLE-function-like	EXPR	ASSEMBLER_DIALECT	final.cc	3501
UNREADABLE-function-like	EXPR	BASE64_ASM_OP	varasm.cc	2316
UNREADABLE-function-like	EXPR	BASE64_ASM_OP	varasm.cc	8807
UNREADABLE-function-like	EXPR	BASE64_ASM_OP	varasm.cc	8865
UNREADABLE-function-like	EXPR	BASE_REG_CLASS	caller-save.cc	218
UNREADABLE-function-like	EXPR	BASE_REG_CLASS	ira-costs.cc	852
UNREADABLE-function-like	EXPR	BASE_REG_CLASS	regcprop.cc	589
UNREADABLE-function-like	EXPR	BASE_REG_CLASS	regrename.cc	1315
UNREADABLE-function-like	EXPR	BASE_REG_CLASS	target-addr.cc	65
UNREADABLE-function-like	EXPR	BASE_REG_CLASS	target-addr.cc	89
DIVERGENT-OPTION-STATE	EXPR	BITS_BIG_ENDIAN	ada/gcc-interface/targtyps.cc	199
DIVERGENT-OPTION-STATE	EXPR	BITS_BIG_ENDIAN	analyzer/engine.cc	4768
DIVERGENT-OPTION-STATE	EXPR	BITS_BIG_ENDIAN	combine.cc	11621
DIVERGENT-OPTION-STATE	EXPR	BITS_BIG_ENDIAN	combine.cc	11697
DIVERGENT-OPTION-STATE	EXPR	BITS_BIG_ENDIAN	combine.cc	12452
DIVERGENT-OPTION-STATE	EXPR	BITS_BIG_ENDIAN	combine.cc	2818
DIVERGENT-OPTION-STATE	EXPR	BITS_BIG_ENDIAN	combine.cc	5079
DIVERGENT-OPTION-STATE	EXPR	BITS_BIG_ENDIAN	combine.cc	5189
DIVERGENT-OPTION-STATE	EXPR	BITS_BIG_ENDIAN	combine.cc	7320
DIVERGENT-OPTION-STATE	EXPR	BITS_BIG_ENDIAN	combine.cc	7491
DIVERGENT-OPTION-STATE	EXPR	BITS_BIG_ENDIAN	combine.cc	7870
DIVERGENT-OPTION-STATE	EXPR	BITS_BIG_ENDIAN	combine.cc	7872
DIVERGENT-OPTION-STATE	EXPR	BITS_BIG_ENDIAN	combine.cc	7873
DIVERGENT-OPTION-STATE	EXPR	BITS_BIG_ENDIAN	cse.cc	4647
DIVERGENT-OPTION-STATE	EXPR	BITS_BIG_ENDIAN	cse.cc	5374
DIVERGENT-OPTION-STATE	EXPR	BITS_BIG_ENDIAN	dwarf2out.cc	17136
DIVERGENT-OPTION-STATE	EXPR	BITS_BIG_ENDIAN	dwarf2out.cc	18033
DIVERGENT-OPTION-STATE	EXPR	BITS_BIG_ENDIAN	expmed.cc	1629
DIVERGENT-OPTION-STATE	EXPR	BITS_BIG_ENDIAN	expmed.cc	1632
DIVERGENT-OPTION-STATE	EXPR	BITS_BIG_ENDIAN	expmed.cc	1634
DIVERGENT-OPTION-STATE	EXPR	BITS_BIG_ENDIAN	expmed.cc	707
DIVERGENT-OPTION-STATE	EXPR	BITS_BIG_ENDIAN	expmed.cc	710
DIVERGENT-OPTION-STATE	EXPR	BITS_BIG_ENDIAN	expmed.cc	712
DIVERGENT-OPTION-STATE	EXPR	BITS_BIG_ENDIAN	gimple-harden-control-flow.cc	508
DIVERGENT-OPTION-STATE	EXPR	BITS_BIG_ENDIAN	ifcvt.cc	1007
DIVERGENT-OPTION-STATE	EXPR	BITS_BIG_ENDIAN	ifcvt.cc	1010
DIVERGENT-OPTION-STATE	EXPR	BITS_BIG_ENDIAN	ifcvt.cc	3571
DIVERGENT-OPTION-STATE	EXPR	BITS_BIG_ENDIAN	optabs.cc	4926
DIVERGENT-OPTION-STATE	EXPR	BITS_BIG_ENDIAN	optabs.cc	4942
DIVERGENT-OPTION-STATE	EXPR	BITS_BIG_ENDIAN	rtlanal.cc	1651
DIVERGENT-OPTION-STATE	EXPR	BITS_BIG_ENDIAN	rtlanal.cc	6495
DIVERGENT-OPTION-STATE	EXPR	BITS_BIG_ENDIAN	simplify-rtx.cc	740
DIVERGENT-OPTION-STATE	EXPR	BITS_BIG_ENDIAN	simplify-rtx.cc	751
DIVERGENT-OPTION-STATE	EXPR	BITS_BIG_ENDIAN	simplify-rtx.cc	7627
UNREADABLE-function-like	EXPR	BRANCH_COST	cfgexpand.cc	2990
UNREADABLE-function-like	EXPR	BRANCH_COST	dojump.cc	587
UNREADABLE-function-like	EXPR	BRANCH_COST	dojump.cc	599
UNREADABLE-function-like	EXPR	BRANCH_COST	expmed.cc	4125
UNREADABLE-function-like	EXPR	BRANCH_COST	expmed.cc	4220
UNREADABLE-function-like	EXPR	BRANCH_COST	expmed.cc	4234
UNREADABLE-function-like	EXPR	BRANCH_COST	expmed.cc	4256
UNREADABLE-function-like	EXPR	BRANCH_COST	expmed.cc	6052
UNREADABLE-function-like	EXPR	BRANCH_COST	expmed.cc	6136
UNREADABLE-function-like	EXPR	BRANCH_COST	expmed.cc	6217
UNREADABLE-function-like	EXPR	BRANCH_COST	fold-const.cc	6171
UNREADABLE-function-like	EXPR	BRANCH_COST	fold-const.cc	6433
UNREADABLE-function-like	EXPR	BRANCH_COST	ifcvt.cc	51
UNREADABLE-function-like	EXPR	BRANCH_COST	ifcvt.cc	5982
UNREADABLE-function-like	EXPR	BRANCH_COST	ifcvt.cc	6119
UNREADABLE-function-like	EXPR	BRANCH_COST	optabs.cc	3895
UNREADABLE-function-like	EXPR	BRANCH_COST	optabs.cc	4001
UNREADABLE-function-like	EXPR	BRANCH_COST	targhooks.cc	2834
UNREADABLE-function-like	EXPR	BRANCH_COST	tree-ssa-ifcombine.cc	35
UNREADABLE-function-like	EXPR	BRANCH_COST	tree-ssa-ifcombine.cc	51
UNREADABLE-function-like	EXPR	BRANCH_COST	tree-ssa-reassoc.cc	4127
UNREADABLE-function-like	EXPR	BSS_SECTION_ASM_OP	varasm.cc	125
UNREADABLE-function-like	EXPR	BSS_SECTION_ASM_OP	varasm.cc	527
UNREADABLE-function-like	EXPR	CALL_USED_REGISTERS	reginfo.cc	330
DIVERGENT-OPTION-STATE	EXPR	CASE_VECTOR_MODE	expr.cc	14328
DIVERGENT-OPTION-STATE	EXPR	CASE_VECTOR_MODE	expr.cc	14333
DIVERGENT-OPTION-STATE	EXPR	CASE_VECTOR_MODE	expr.cc	14343
DIVERGENT-OPTION-STATE	EXPR	CASE_VECTOR_MODE	expr.cc	14344
DIVERGENT-OPTION-STATE	EXPR	CASE_VECTOR_MODE	expr.cc	14345
DIVERGENT-OPTION-STATE	EXPR	CASE_VECTOR_MODE	stmt.cc	1204
DIVERGENT-OPTION-STATE	EXPR	CASE_VECTOR_MODE	stmt.cc	1210
DIVERGENT-OPTION-STATE	EXPR	CASE_VECTOR_PC_RELATIVE	expr.cc	14352
DIVERGENT-OPTION-STATE	EXPR	CASE_VECTOR_PC_RELATIVE	final.cc	2144
DIVERGENT-OPTION-STATE	EXPR	CASE_VECTOR_PC_RELATIVE	stmt.cc	1202
UNREADABLE-function-like	EXPR	CC1_SPEC	gcc.cc	1154
UNREADABLE-function-like	EXPR	CC1_SPEC	gcc.cc	621
UNREADABLE-function-like	EXPR	CC1_SPEC	gcc.cc	766
UNREADABLE-function-like	EXPR	CC1_SPEC	gcc.cc	771
UNREADABLE-function-like	EXPR	CFA_FRAME_BASE_OFFSET	dwarf2out.cc	24430
IDENTITY-BY-VALUE	EXPR	CHAR_TYPE_SIZE	ada/gcc-interface/decl.cc	1731
IDENTITY-BY-VALUE	EXPR	CHAR_TYPE_SIZE	ada/gcc-interface/decl.cc	1732
IDENTITY-BY-VALUE	EXPR	CHAR_TYPE_SIZE	ada/gcc-interface/decl.cc	1950
IDENTITY-BY-VALUE	EXPR	CHAR_TYPE_SIZE	ada/gcc-interface/decl.cc	1952
IDENTITY-BY-VALUE	EXPR	CHAR_TYPE_SIZE	ada/gcc-interface/targtyps.cc	60
IDENTITY-BY-VALUE	EXPR	CHAR_TYPE_SIZE	ada/gcc-interface/utils.cc	2116
IDENTITY-BY-VALUE	EXPR	CHAR_TYPE_SIZE	ada/gcc-interface/utils.cc	2117
IDENTITY-BY-VALUE	EXPR	CHAR_TYPE_SIZE	builtins.cc	12508
IDENTITY-BY-VALUE	EXPR	CHAR_TYPE_SIZE	builtins.cc	775
IDENTITY-BY-VALUE	EXPR	CHAR_TYPE_SIZE	builtins.cc	781
IDENTITY-BY-VALUE	EXPR	CHAR_TYPE_SIZE	builtins.cc	782
IDENTITY-BY-VALUE	EXPR	CHAR_TYPE_SIZE	c/c-typeck.cc	10014
IDENTITY-BY-VALUE	EXPR	CHAR_TYPE_SIZE	c-family/c-common.cc	7225
IDENTITY-BY-VALUE	EXPR	CHAR_TYPE_SIZE	c-family/c-common.cc	7226
IDENTITY-BY-VALUE	EXPR	CHAR_TYPE_SIZE	fortran/trans-decl.cc	6675
IDENTITY-BY-VALUE	EXPR	CHAR_TYPE_SIZE	fortran/trans-expr.cc	4583
IDENTITY-BY-VALUE	EXPR	CHAR_TYPE_SIZE	fortran/trans-types.cc	934
IDENTITY-BY-VALUE	EXPR	CHAR_TYPE_SIZE	fortran/trans-types.cc	962
IDENTITY-BY-VALUE	EXPR	CHAR_TYPE_SIZE	fortran/trans-types.cc	981
IDENTITY-BY-VALUE	EXPR	CHAR_TYPE_SIZE	go/go-gcc.cc	974
IDENTITY-BY-VALUE	EXPR	CHAR_TYPE_SIZE	go/go-gcc.cc	989
IDENTITY-BY-VALUE	EXPR	CHAR_TYPE_SIZE	go/go-lang.cc	376
IDENTITY-BY-VALUE	EXPR	CHAR_TYPE_SIZE	go/go-lang.cc	391
IDENTITY-BY-VALUE	EXPR	CHAR_TYPE_SIZE	jit/jit-recording.cc	814
IDENTITY-BY-VALUE	EXPR	CHAR_TYPE_SIZE	m2/gm2-gcc/m2builtins.cc	515
IDENTITY-BY-VALUE	EXPR	CHAR_TYPE_SIZE	m2/gm2-gcc/m2type.cc	1443
IDENTITY-BY-VALUE	EXPR	CHAR_TYPE_SIZE	m2/gm2-lang.cc	1408
IDENTITY-BY-VALUE	EXPR	CHAR_TYPE_SIZE	m2/gm2-lang.cc	1424
IDENTITY-BY-VALUE	EXPR	CHAR_TYPE_SIZE	targhooks.cc	525
IDENTITY-BY-VALUE	EXPR	CHAR_TYPE_SIZE	toplev.cc	2184
IDENTITY-BY-VALUE	EXPR	CHAR_TYPE_SIZE	tree.cc	9498
IDENTITY-BY-VALUE	EXPR	CHAR_TYPE_SIZE	tree.cc	9688
IDENTITY-BY-VALUE	EXPR	CHAR_TYPE_SIZE	tree.cc	9690
IDENTITY-BY-VALUE	EXPR	CHAR_TYPE_SIZE	tree.cc	9697
IDENTITY-BY-VALUE	EXPR	CHAR_TYPE_SIZE	tree.cc	9698
IDENTITY-BY-VALUE	EXPR	CHAR_TYPE_SIZE	tree-pretty-print.cc	2388
IDENTITY-BY-VALUE	EXPR	CHAR_TYPE_SIZE	tree-pretty-print.cc	2408
IDENTITY-BY-VALUE	EXPR	CHAR_TYPE_SIZE	tree-ssa-forwprop.cc	2018
IDENTITY-BY-VALUE	EXPR	CHAR_TYPE_SIZE	tree-ssa-forwprop.cc	3400
IDENTITY-BY-VALUE	EXPR	CHAR_TYPE_SIZE	tree-ssa-strlen.cc	3882
UNREADABLE-function-like	EXPR	CLZ_DEFINED_VALUE_AT_ZERO	builtins.cc	10513
UNREADABLE-function-like	EXPR	CLZ_DEFINED_VALUE_AT_ZERO	dwarf2out.cc	15908
UNREADABLE-function-like	EXPR	CLZ_DEFINED_VALUE_AT_ZERO	dwarf2out.cc	15958
UNREADABLE-function-like	EXPR	CLZ_DEFINED_VALUE_AT_ZERO	fold-const-call.cc	1060
UNREADABLE-function-like	EXPR	CLZ_DEFINED_VALUE_AT_ZERO	optabs.cc	2670
UNREADABLE-function-like	EXPR	CLZ_DEFINED_VALUE_AT_ZERO	optabs.cc	2686
UNREADABLE-function-like	EXPR	CLZ_DEFINED_VALUE_AT_ZERO	optabs.cc	3223
UNREADABLE-function-like	EXPR	CLZ_DEFINED_VALUE_AT_ZERO	rtlanal.cc	5248
UNREADABLE-function-like	EXPR	CLZ_DEFINED_VALUE_AT_ZERO	rtlanal.cc	5260
UNREADABLE-function-like	EXPR	CLZ_DEFINED_VALUE_AT_ZERO	simplify-rtx.cc	2156
UNREADABLE-function-like	EXPR	CLZ_DEFINED_VALUE_AT_ZERO	simplify-rtx.cc	5006
UNREADABLE-function-like	EXPR	CLZ_DEFINED_VALUE_AT_ZERO	simplify-rtx.cc	7457
UNREADABLE-function-like	EXPR	CLZ_DEFINED_VALUE_AT_ZERO	simplify-rtx.cc	7492
UNREADABLE-function-like	EXPR	CLZ_DEFINED_VALUE_AT_ZERO	simplify-rtx.cc	7732
UNREADABLE-function-like	EXPR	CLZ_DEFINED_VALUE_AT_ZERO	tree-ssa-forwprop.cc	3546
UNREADABLE-function-like	EXPR	CLZ_DEFINED_VALUE_AT_ZERO	tree-ssa-loop-niter.cc	2229
UNREADABLE-function-like	EXPR	CLZ_DEFINED_VALUE_AT_ZERO	tree-ssa-phiopt.cc	2871
UNREADABLE-function-like	EXPR	CLZ_DEFINED_VALUE_AT_ZERO	tree-vect-patterns.cc	1903
UNREADABLE-function-like	EXPR	CLZ_DEFINED_VALUE_AT_ZERO	tree-vect-patterns.cc	2157
UNREADABLE-function-like	EXPR	CLZ_DEFINED_VALUE_AT_ZERO	tree-vect-patterns.cc	2225
UNREADABLE-function-like	EXPR	CLZ_DEFINED_VALUE_AT_ZERO	tree-vect-patterns.cc	2300
UNREADABLE-function-like	EXPR	CONSTANT_ADDRESS_P	emit-rtl.cc	3045
UNREADABLE-function-like	EXPR	CONSTANT_ADDRESS_P	explow.cc	271
UNREADABLE-function-like	EXPR	CONSTANT_ADDRESS_P	explow.cc	449
UNREADABLE-function-like	EXPR	CONSTANT_ADDRESS_P	final.cc	3551
UNREADABLE-function-like	EXPR	CONSTANT_ADDRESS_P	fwprop.cc	122
UNREADABLE-function-like	EXPR	CONSTANT_ADDRESS_P	recog.cc	2542
UNREADABLE-function-like	EXPR	CONSTANT_ADDRESS_P	reload.cc	6922
UNREADABLE-function-like	EXPR	CPLUSPLUS_CPP_SPEC	gcc.cc	1346
UNREADABLE-function-like	EXPR	CPP_SPEC	gcc.cc	1153
UNREADABLE-function-like	EXPR	CPP_SPEC	gcc.cc	620
UNREADABLE-function-like	EXPR	CPP_SPEC	gcc.cc	751
UNREADABLE-function-like	EXPR	CTZ_DEFINED_VALUE_AT_ZERO	builtins.cc	10518
UNREADABLE-function-like	EXPR	CTZ_DEFINED_VALUE_AT_ZERO	dwarf2out.cc	15963
UNREADABLE-function-like	EXPR	CTZ_DEFINED_VALUE_AT_ZERO	fold-const-call.cc	1075
UNREADABLE-function-like	EXPR	CTZ_DEFINED_VALUE_AT_ZERO	optabs.cc	3214
UNREADABLE-function-like	EXPR	CTZ_DEFINED_VALUE_AT_ZERO	simplify-rtx.cc	2168
UNREADABLE-function-like	EXPR	CTZ_DEFINED_VALUE_AT_ZERO	simplify-rtx.cc	7458
UNREADABLE-function-like	EXPR	CTZ_DEFINED_VALUE_AT_ZERO	simplify-rtx.cc	7493
UNREADABLE-function-like	EXPR	CTZ_DEFINED_VALUE_AT_ZERO	tree-ssa-forwprop.cc	3540
UNREADABLE-function-like	EXPR	CTZ_DEFINED_VALUE_AT_ZERO	tree-ssa-loop-niter.cc	2230
UNREADABLE-function-like	EXPR	CTZ_DEFINED_VALUE_AT_ZERO	tree-ssa-phiopt.cc	2901
UNREADABLE-function-like	EXPR	CTZ_DEFINED_VALUE_AT_ZERO	tree-vect-patterns.cc	1895
UNREADABLE-function-like	EXPR	CTZ_DEFINED_VALUE_AT_ZERO	tree-vect-patterns.cc	2168
UNREADABLE-function-like	EXPR	CTZ_DEFINED_VALUE_AT_ZERO	tree-vect-patterns.cc	2241
UNREADABLE-function-like	EXPR	CTZ_DEFINED_VALUE_AT_ZERO	tree-vect-patterns.cc	2304
UNREADABLE-function-like	EXPR	DATA_ABI_ALIGNMENT	cp/rtti.cc	1760
UNREADABLE-function-like	EXPR	DATA_ABI_ALIGNMENT	target-cumargs.cc	361
UNREADABLE-function-like	EXPR	DATA_ABI_ALIGNMENT	varasm.cc	1150
UNREADABLE-function-like	EXPR	DATA_ABI_ALIGNMENT	varasm.cc	1213
UNREADABLE-function-like	EXPR	DATA_ALIGNMENT	target-cumargs.cc	329
UNREADABLE-function-like	EXPR	DATA_ALIGNMENT	target-cumargs.cc	348
UNREADABLE-function-like	EXPR	DATA_ALIGNMENT	target-cumargs-select.cc	727
UNREADABLE-function-like	EXPR	DATA_ALIGNMENT	target-cumargs-select.cc	732
UNREADABLE-function-like	EXPR	DATA_ALIGNMENT	varasm.cc	1174
UNREADABLE-function-like	EXPR	DATA_ALIGNMENT	varasm.cc	1224
UNREADABLE-function-like	EXPR	DATA_ALIGNMENT	varasm.cc	3765
UNREADABLE-function-like	EXPR	DEFAULT_ABI	ada/gcc-interface/targtyps.cc	214
UNREADABLE-function-like	EXPR	DEFAULT_ABI	common/config/rs6000/rs6000-common.cc	250
UNREADABLE-function-like	EXPR	DEFAULT_ABI	common/config/rs6000/rs6000-common.cc	59
DIVERGENT-BY-VALUE	EXPR	DEFAULT_SIGNED_CHAR	opts.cc	449
UNREADABLE-function-like	EXPR	DRIVER_SELF_SPECS	common/config/avr/avr-common.cc	84
UNREADABLE-function-like	EXPR	DRIVER_SELF_SPECS	gcc.cc	1456
UNREADABLE-function-like	EXPR	DRIVER_SELF_SPECS	gcc.cc	9338
DIVERGENT-OPTION-STATE	EXPR	DWARF2_ADDR_SIZE	dwarf2asm.cc	49
DIVERGENT-OPTION-STATE	EXPR	DWARF2_ADDR_SIZE	dwarf2asm.cc	55
DIVERGENT-OPTION-STATE	EXPR	DWARF2_ADDR_SIZE	dwarf2asm.cc	67
DIVERGENT-OPTION-STATE	EXPR	DWARF2_ADDR_SIZE	dwarf2asm.cc	70
DIVERGENT-OPTION-STATE	EXPR	DWARF2_ADDR_SIZE	dwarf2asm.cc	85
DIVERGENT-OPTION-STATE	EXPR	DWARF2_ADDR_SIZE	dwarf2asm.cc	88
DIVERGENT-OPTION-STATE	EXPR	DWARF2_ADDR_SIZE	dwarf2cfi.cc	3460
DIVERGENT-OPTION-STATE	EXPR	DWARF2_ADDR_SIZE	dwarf2out.cc	10149
DIVERGENT-OPTION-STATE	EXPR	DWARF2_ADDR_SIZE	dwarf2out.cc	10570
DIVERGENT-OPTION-STATE	EXPR	DWARF2_ADDR_SIZE	dwarf2out.cc	10584
DIVERGENT-OPTION-STATE	EXPR	DWARF2_ADDR_SIZE	dwarf2out.cc	10615
DIVERGENT-OPTION-STATE	EXPR	DWARF2_ADDR_SIZE	dwarf2out.cc	10618
DIVERGENT-OPTION-STATE	EXPR	DWARF2_ADDR_SIZE	dwarf2out.cc	10643
DIVERGENT-OPTION-STATE	EXPR	DWARF2_ADDR_SIZE	dwarf2out.cc	10646
DIVERGENT-OPTION-STATE	EXPR	DWARF2_ADDR_SIZE	dwarf2out.cc	10653
DIVERGENT-OPTION-STATE	EXPR	DWARF2_ADDR_SIZE	dwarf2out.cc	10656
DIVERGENT-OPTION-STATE	EXPR	DWARF2_ADDR_SIZE	dwarf2out.cc	10683
DIVERGENT-OPTION-STATE	EXPR	DWARF2_ADDR_SIZE	dwarf2out.cc	10686
DIVERGENT-OPTION-STATE	EXPR	DWARF2_ADDR_SIZE	dwarf2out.cc	10716
DIVERGENT-OPTION-STATE	EXPR	DWARF2_ADDR_SIZE	dwarf2out.cc	10730
DIVERGENT-OPTION-STATE	EXPR	DWARF2_ADDR_SIZE	dwarf2out.cc	10788
DIVERGENT-OPTION-STATE	EXPR	DWARF2_ADDR_SIZE	dwarf2out.cc	10792
DIVERGENT-OPTION-STATE	EXPR	DWARF2_ADDR_SIZE	dwarf2out.cc	11039
DIVERGENT-OPTION-STATE	EXPR	DWARF2_ADDR_SIZE	dwarf2out.cc	11154
DIVERGENT-OPTION-STATE	EXPR	DWARF2_ADDR_SIZE	dwarf2out.cc	11253
DIVERGENT-OPTION-STATE	EXPR	DWARF2_ADDR_SIZE	dwarf2out.cc	11259
DIVERGENT-OPTION-STATE	EXPR	DWARF2_ADDR_SIZE	dwarf2out.cc	11460
DIVERGENT-OPTION-STATE	EXPR	DWARF2_ADDR_SIZE	dwarf2out.cc	11466
DIVERGENT-OPTION-STATE	EXPR	DWARF2_ADDR_SIZE	dwarf2out.cc	11849
DIVERGENT-OPTION-STATE	EXPR	DWARF2_ADDR_SIZE	dwarf2out.cc	11858
DIVERGENT-OPTION-STATE	EXPR	DWARF2_ADDR_SIZE	dwarf2out.cc	11877
DIVERGENT-OPTION-STATE	EXPR	DWARF2_ADDR_SIZE	dwarf2out.cc	11878
DIVERGENT-OPTION-STATE	EXPR	DWARF2_ADDR_SIZE	dwarf2out.cc	11886
DIVERGENT-OPTION-STATE	EXPR	DWARF2_ADDR_SIZE	dwarf2out.cc	11887
DIVERGENT-OPTION-STATE	EXPR	DWARF2_ADDR_SIZE	dwarf2out.cc	11901
DIVERGENT-OPTION-STATE	EXPR	DWARF2_ADDR_SIZE	dwarf2out.cc	11902
DIVERGENT-OPTION-STATE	EXPR	DWARF2_ADDR_SIZE	dwarf2out.cc	11910
DIVERGENT-OPTION-STATE	EXPR	DWARF2_ADDR_SIZE	dwarf2out.cc	11911
DIVERGENT-OPTION-STATE	EXPR	DWARF2_ADDR_SIZE	dwarf2out.cc	11927
DIVERGENT-OPTION-STATE	EXPR	DWARF2_ADDR_SIZE	dwarf2out.cc	11929
DIVERGENT-OPTION-STATE	EXPR	DWARF2_ADDR_SIZE	dwarf2out.cc	11934
DIVERGENT-OPTION-STATE	EXPR	DWARF2_ADDR_SIZE	dwarf2out.cc	11936
DIVERGENT-OPTION-STATE	EXPR	DWARF2_ADDR_SIZE	dwarf2out.cc	11943
DIVERGENT-OPTION-STATE	EXPR	DWARF2_ADDR_SIZE	dwarf2out.cc	11944
DIVERGENT-OPTION-STATE	EXPR	DWARF2_ADDR_SIZE	dwarf2out.cc	12032
DIVERGENT-OPTION-STATE	EXPR	DWARF2_ADDR_SIZE	dwarf2out.cc	12034
DIVERGENT-OPTION-STATE	EXPR	DWARF2_ADDR_SIZE	dwarf2out.cc	12035
DIVERGENT-OPTION-STATE	EXPR	DWARF2_ADDR_SIZE	dwarf2out.cc	12045
DIVERGENT-OPTION-STATE	EXPR	DWARF2_ADDR_SIZE	dwarf2out.cc	12046
DIVERGENT-OPTION-STATE	EXPR	DWARF2_ADDR_SIZE	dwarf2out.cc	12047
DIVERGENT-OPTION-STATE	EXPR	DWARF2_ADDR_SIZE	dwarf2out.cc	12065
DIVERGENT-OPTION-STATE	EXPR	DWARF2_ADDR_SIZE	dwarf2out.cc	12068
DIVERGENT-OPTION-STATE	EXPR	DWARF2_ADDR_SIZE	dwarf2out.cc	12069
DIVERGENT-OPTION-STATE	EXPR	DWARF2_ADDR_SIZE	dwarf2out.cc	12076
DIVERGENT-OPTION-STATE	EXPR	DWARF2_ADDR_SIZE	dwarf2out.cc	12078
DIVERGENT-OPTION-STATE	EXPR	DWARF2_ADDR_SIZE	dwarf2out.cc	12079
DIVERGENT-OPTION-STATE	EXPR	DWARF2_ADDR_SIZE	dwarf2out.cc	12086
DIVERGENT-OPTION-STATE	EXPR	DWARF2_ADDR_SIZE	dwarf2out.cc	12087
DIVERGENT-OPTION-STATE	EXPR	DWARF2_ADDR_SIZE	dwarf2out.cc	12243
DIVERGENT-OPTION-STATE	EXPR	DWARF2_ADDR_SIZE	dwarf2out.cc	12327
DIVERGENT-OPTION-STATE	EXPR	DWARF2_ADDR_SIZE	dwarf2out.cc	12355
DIVERGENT-OPTION-STATE	EXPR	DWARF2_ADDR_SIZE	dwarf2out.cc	12376
DIVERGENT-OPTION-STATE	EXPR	DWARF2_ADDR_SIZE	dwarf2out.cc	12378
DIVERGENT-OPTION-STATE	EXPR	DWARF2_ADDR_SIZE	dwarf2out.cc	12406
DIVERGENT-OPTION-STATE	EXPR	DWARF2_ADDR_SIZE	dwarf2out.cc	12427
DIVERGENT-OPTION-STATE	EXPR	DWARF2_ADDR_SIZE	dwarf2out.cc	12429
DIVERGENT-OPTION-STATE	EXPR	DWARF2_ADDR_SIZE	dwarf2out.cc	13017
DIVERGENT-OPTION-STATE	EXPR	DWARF2_ADDR_SIZE	dwarf2out.cc	13021
DIVERGENT-OPTION-STATE	EXPR	DWARF2_ADDR_SIZE	dwarf2out.cc	13023
DIVERGENT-OPTION-STATE	EXPR	DWARF2_ADDR_SIZE	dwarf2out.cc	13130
DIVERGENT-OPTION-STATE	EXPR	DWARF2_ADDR_SIZE	dwarf2out.cc	13132
DIVERGENT-OPTION-STATE	EXPR	DWARF2_ADDR_SIZE	dwarf2out.cc	13175
DIVERGENT-OPTION-STATE	EXPR	DWARF2_ADDR_SIZE	dwarf2out.cc	14853
DIVERGENT-OPTION-STATE	EXPR	DWARF2_ADDR_SIZE	dwarf2out.cc	14942
DIVERGENT-OPTION-STATE	EXPR	DWARF2_ADDR_SIZE	dwarf2out.cc	14948
DIVERGENT-OPTION-STATE	EXPR	DWARF2_ADDR_SIZE	dwarf2out.cc	14949
DIVERGENT-OPTION-STATE	EXPR	DWARF2_ADDR_SIZE	dwarf2out.cc	14950
DIVERGENT-OPTION-STATE	EXPR	DWARF2_ADDR_SIZE	dwarf2out.cc	15105
DIVERGENT-OPTION-STATE	EXPR	DWARF2_ADDR_SIZE	dwarf2out.cc	15176
DIVERGENT-OPTION-STATE	EXPR	DWARF2_ADDR_SIZE	dwarf2out.cc	15530
DIVERGENT-OPTION-STATE	EXPR	DWARF2_ADDR_SIZE	dwarf2out.cc	15540
DIVERGENT-OPTION-STATE	EXPR	DWARF2_ADDR_SIZE	dwarf2out.cc	15575
DIVERGENT-OPTION-STATE	EXPR	DWARF2_ADDR_SIZE	dwarf2out.cc	15602
DIVERGENT-OPTION-STATE	EXPR	DWARF2_ADDR_SIZE	dwarf2out.cc	15609
DIVERGENT-OPTION-STATE	EXPR	DWARF2_ADDR_SIZE	dwarf2out.cc	15634
DIVERGENT-OPTION-STATE	EXPR	DWARF2_ADDR_SIZE	dwarf2out.cc	15685
DIVERGENT-OPTION-STATE	EXPR	DWARF2_ADDR_SIZE	dwarf2out.cc	15698
DIVERGENT-OPTION-STATE	EXPR	DWARF2_ADDR_SIZE	dwarf2out.cc	15701
DIVERGENT-OPTION-STATE	EXPR	DWARF2_ADDR_SIZE	dwarf2out.cc	15725
DIVERGENT-OPTION-STATE	EXPR	DWARF2_ADDR_SIZE	dwarf2out.cc	15736
DIVERGENT-OPTION-STATE	EXPR	DWARF2_ADDR_SIZE	dwarf2out.cc	15763
DIVERGENT-OPTION-STATE	EXPR	DWARF2_ADDR_SIZE	dwarf2out.cc	15766
DIVERGENT-OPTION-STATE	EXPR	DWARF2_ADDR_SIZE	dwarf2out.cc	15792
DIVERGENT-OPTION-STATE	EXPR	DWARF2_ADDR_SIZE	dwarf2out.cc	15810
DIVERGENT-OPTION-STATE	EXPR	DWARF2_ADDR_SIZE	dwarf2out.cc	15818
DIVERGENT-OPTION-STATE	EXPR	DWARF2_ADDR_SIZE	dwarf2out.cc	15821
DIVERGENT-OPTION-STATE	EXPR	DWARF2_ADDR_SIZE	dwarf2out.cc	15827
DIVERGENT-OPTION-STATE	EXPR	DWARF2_ADDR_SIZE	dwarf2out.cc	15829
DIVERGENT-OPTION-STATE	EXPR	DWARF2_ADDR_SIZE	dwarf2out.cc	15836
DIVERGENT-OPTION-STATE	EXPR	DWARF2_ADDR_SIZE	dwarf2out.cc	15870
DIVERGENT-OPTION-STATE	EXPR	DWARF2_ADDR_SIZE	dwarf2out.cc	16207
DIVERGENT-OPTION-STATE	EXPR	DWARF2_ADDR_SIZE	dwarf2out.cc	16351
DIVERGENT-OPTION-STATE	EXPR	DWARF2_ADDR_SIZE	dwarf2out.cc	16354
DIVERGENT-OPTION-STATE	EXPR	DWARF2_ADDR_SIZE	dwarf2out.cc	16391
DIVERGENT-OPTION-STATE	EXPR	DWARF2_ADDR_SIZE	dwarf2out.cc	16402
DIVERGENT-OPTION-STATE	EXPR	DWARF2_ADDR_SIZE	dwarf2out.cc	16466
DIVERGENT-OPTION-STATE	EXPR	DWARF2_ADDR_SIZE	dwarf2out.cc	16478
DIVERGENT-OPTION-STATE	EXPR	DWARF2_ADDR_SIZE	dwarf2out.cc	16480
DIVERGENT-OPTION-STATE	EXPR	DWARF2_ADDR_SIZE	dwarf2out.cc	16537
DIVERGENT-OPTION-STATE	EXPR	DWARF2_ADDR_SIZE	dwarf2out.cc	16557
DIVERGENT-OPTION-STATE	EXPR	DWARF2_ADDR_SIZE	dwarf2out.cc	16577
DIVERGENT-OPTION-STATE	EXPR	DWARF2_ADDR_SIZE	dwarf2out.cc	16687
DIVERGENT-OPTION-STATE	EXPR	DWARF2_ADDR_SIZE	dwarf2out.cc	16742
DIVERGENT-OPTION-STATE	EXPR	DWARF2_ADDR_SIZE	dwarf2out.cc	16757
DIVERGENT-OPTION-STATE	EXPR	DWARF2_ADDR_SIZE	dwarf2out.cc	1676
DIVERGENT-OPTION-STATE	EXPR	DWARF2_ADDR_SIZE	dwarf2out.cc	16785
DIVERGENT-OPTION-STATE	EXPR	DWARF2_ADDR_SIZE	dwarf2out.cc	16871
DIVERGENT-OPTION-STATE	EXPR	DWARF2_ADDR_SIZE	dwarf2out.cc	16901
DIVERGENT-OPTION-STATE	EXPR	DWARF2_ADDR_SIZE	dwarf2out.cc	16938
DIVERGENT-OPTION-STATE	EXPR	DWARF2_ADDR_SIZE	dwarf2out.cc	16956
DIVERGENT-OPTION-STATE	EXPR	DWARF2_ADDR_SIZE	dwarf2out.cc	17118
DIVERGENT-OPTION-STATE	EXPR	DWARF2_ADDR_SIZE	dwarf2out.cc	17119
DIVERGENT-OPTION-STATE	EXPR	DWARF2_ADDR_SIZE	dwarf2out.cc	17138
DIVERGENT-OPTION-STATE	EXPR	DWARF2_ADDR_SIZE	dwarf2out.cc	17141
DIVERGENT-OPTION-STATE	EXPR	DWARF2_ADDR_SIZE	dwarf2out.cc	17145
DIVERGENT-OPTION-STATE	EXPR	DWARF2_ADDR_SIZE	dwarf2out.cc	17148
DIVERGENT-OPTION-STATE	EXPR	DWARF2_ADDR_SIZE	dwarf2out.cc	17198
DIVERGENT-OPTION-STATE	EXPR	DWARF2_ADDR_SIZE	dwarf2out.cc	17220
DIVERGENT-OPTION-STATE	EXPR	DWARF2_ADDR_SIZE	dwarf2out.cc	17702
DIVERGENT-OPTION-STATE	EXPR	DWARF2_ADDR_SIZE	dwarf2out.cc	17728
DIVERGENT-OPTION-STATE	EXPR	DWARF2_ADDR_SIZE	dwarf2out.cc	17846
DIVERGENT-OPTION-STATE	EXPR	DWARF2_ADDR_SIZE	dwarf2out.cc	17869
DIVERGENT-OPTION-STATE	EXPR	DWARF2_ADDR_SIZE	dwarf2out.cc	17875
DIVERGENT-OPTION-STATE	EXPR	DWARF2_ADDR_SIZE	dwarf2out.cc	18380
DIVERGENT-OPTION-STATE	EXPR	DWARF2_ADDR_SIZE	dwarf2out.cc	18569
DIVERGENT-OPTION-STATE	EXPR	DWARF2_ADDR_SIZE	dwarf2out.cc	1870
DIVERGENT-OPTION-STATE	EXPR	DWARF2_ADDR_SIZE	dwarf2out.cc	19330
DIVERGENT-OPTION-STATE	EXPR	DWARF2_ADDR_SIZE	dwarf2out.cc	19670
DIVERGENT-OPTION-STATE	EXPR	DWARF2_ADDR_SIZE	dwarf2out.cc	19748
DIVERGENT-OPTION-STATE	EXPR	DWARF2_ADDR_SIZE	dwarf2out.cc	19803
DIVERGENT-OPTION-STATE	EXPR	DWARF2_ADDR_SIZE	dwarf2out.cc	19970
DIVERGENT-OPTION-STATE	EXPR	DWARF2_ADDR_SIZE	dwarf2out.cc	19982
DIVERGENT-OPTION-STATE	EXPR	DWARF2_ADDR_SIZE	dwarf2out.cc	20014
DIVERGENT-OPTION-STATE	EXPR	DWARF2_ADDR_SIZE	dwarf2out.cc	20015
DIVERGENT-OPTION-STATE	EXPR	DWARF2_ADDR_SIZE	dwarf2out.cc	20021
DIVERGENT-OPTION-STATE	EXPR	DWARF2_ADDR_SIZE	dwarf2out.cc	20022
DIVERGENT-OPTION-STATE	EXPR	DWARF2_ADDR_SIZE	dwarf2out.cc	20025
DIVERGENT-OPTION-STATE	EXPR	DWARF2_ADDR_SIZE	dwarf2out.cc	20074
DIVERGENT-OPTION-STATE	EXPR	DWARF2_ADDR_SIZE	dwarf2out.cc	20077
DIVERGENT-OPTION-STATE	EXPR	DWARF2_ADDR_SIZE	dwarf2out.cc	2242
DIVERGENT-OPTION-STATE	EXPR	DWARF2_ADDR_SIZE	dwarf2out.cc	2243
DIVERGENT-OPTION-STATE	EXPR	DWARF2_ADDR_SIZE	dwarf2out.cc	22975
DIVERGENT-OPTION-STATE	EXPR	DWARF2_ADDR_SIZE	dwarf2out.cc	22990
DIVERGENT-OPTION-STATE	EXPR	DWARF2_ADDR_SIZE	dwarf2out.cc	2357
DIVERGENT-OPTION-STATE	EXPR	DWARF2_ADDR_SIZE	dwarf2out.cc	2367
DIVERGENT-OPTION-STATE	EXPR	DWARF2_ADDR_SIZE	dwarf2out.cc	30475
DIVERGENT-OPTION-STATE	EXPR	DWARF2_ADDR_SIZE	dwarf2out.cc	30481
DIVERGENT-OPTION-STATE	EXPR	DWARF2_ADDR_SIZE	dwarf2out.cc	30486
DIVERGENT-OPTION-STATE	EXPR	DWARF2_ADDR_SIZE	dwarf2out.cc	30529
DIVERGENT-OPTION-STATE	EXPR	DWARF2_ADDR_SIZE	dwarf2out.cc	30537
DIVERGENT-OPTION-STATE	EXPR	DWARF2_ADDR_SIZE	dwarf2out.cc	33237
DIVERGENT-OPTION-STATE	EXPR	DWARF2_ADDR_SIZE	dwarf2out.cc	3341
DIVERGENT-OPTION-STATE	EXPR	DWARF2_ADDR_SIZE	dwarf2out.cc	3348
DIVERGENT-OPTION-STATE	EXPR	DWARF2_ADDR_SIZE	dwarf2out.cc	4058
DIVERGENT-OPTION-STATE	EXPR	DWARF2_ADDR_SIZE	dwarf2out.cc	660
DIVERGENT-OPTION-STATE	EXPR	DWARF2_ADDR_SIZE	dwarf2out.cc	661
DIVERGENT-OPTION-STATE	EXPR	DWARF2_ADDR_SIZE	dwarf2out.cc	929
DIVERGENT-OPTION-STATE	EXPR	DWARF2_ADDR_SIZE	dwarf2out.cc	9561
DIVERGENT-OPTION-STATE	EXPR	DWARF2_ADDR_SIZE	dwarf2out.cc	9670
DIVERGENT-OPTION-STATE	EXPR	DWARF2_ADDR_SIZE	dwarf2out.cc	9687
DIVERGENT-OPTION-STATE	EXPR	DWARF2_ADDR_SIZE	dwarf2out.cc	9713
DIVERGENT-OPTION-STATE	EXPR	DWARF2_ADDR_SIZE	dwarf2out.cc	9905
DIVERGENT-OPTION-STATE	EXPR	DWARF2_ADDR_SIZE	dwarf2out.cc	9908
DIVERGENT-OPTION-STATE	EXPR	DWARF2_ADDR_SIZE	dwarf2out.cc	9920
DIVERGENT-OPTION-STATE	EXPR	DWARF2_ADDR_SIZE	dwarf2out.cc	9922
DIVERGENT-OPTION-STATE	EXPR	DWARF2_ADDR_SIZE	dwarf2out.cc	9927
DIVERGENT-OPTION-STATE	EXPR	DWARF2_ADDR_SIZE	dwarf2out.cc	9951
UNREADABLE-function-like	EXPR	DWARF2_DEBUGGING_INFO	dwarf2out.cc	32
UNREADABLE-function-like	EXPR	DWARF2_DEBUGGING_INFO	dwarf2out.cc	4271
UNREADABLE-function-like	EXPR	DWARF2_DEBUGGING_INFO	gcc.cc	51
UNREADABLE-function-like	EXPR	DWARF2_FRAME_REG_OUT	dwarf2cfi.cc	263
UNREADABLE-function-like	EXPR	DWARF2_FRAME_REG_OUT	dwarf2cfi.cc	305
UNREADABLE-function-like	EXPR	DWARF2_FRAME_REG_OUT	dwarf2cfi.cc	3375
UNREADABLE-function-like	EXPR	DWARF2_FRAME_REG_OUT	dwarf2cfi.cc	3402
UNREADABLE-function-like	EXPR	DWARF2_FRAME_REG_OUT	dwarf2cfi.cc	3434
UNREADABLE-function-like	EXPR	DWARF2_FRAME_REG_OUT	dwarf2cfi.cc	3442
UNREADABLE-function-like	EXPR	DWARF2_FRAME_REG_OUT	dwarf2cfi.cc	3490
UNREADABLE-function-like	EXPR	DWARF2_FRAME_REG_OUT	dwarf2cfi.cc	3497
UNREADABLE-function-like	EXPR	DWARF2_FRAME_REG_OUT	dwarf2cfi.cc	3503
UNREADABLE-function-like	EXPR	DWARF2_FRAME_REG_OUT	dwarf2cfi.cc	3510
UNREADABLE-function-like	EXPR	DWARF2_FRAME_REG_OUT	dwarf2cfi.cc	3520
UNREADABLE-function-like	EXPR	DWARF2_FRAME_REG_OUT	dwarf2cfi.cc	3525
UNREADABLE-function-like	EXPR	DWARF2_FRAME_REG_OUT	dwarf2cfi.cc	3527
UNREADABLE-function-like	EXPR	DWARF2_FRAME_REG_OUT	dwarf2cfi.cc	3583
UNREADABLE-function-like	EXPR	DWARF2_FRAME_REG_OUT	dwarf2cfi.cc	3590
UNREADABLE-function-like	EXPR	DWARF2_FRAME_REG_OUT	dwarf2cfi.cc	3595
UNREADABLE-function-like	EXPR	DWARF2_FRAME_REG_OUT	dwarf2cfi.cc	3600
UNREADABLE-function-like	EXPR	DWARF2_FRAME_REG_OUT	dwarf2cfi.cc	3606
UNREADABLE-function-like	EXPR	DWARF2_FRAME_REG_OUT	dwarf2cfi.cc	3612
UNREADABLE-function-like	EXPR	DWARF2_FRAME_REG_OUT	dwarf2cfi.cc	3617
UNREADABLE-function-like	EXPR	DWARF2_FRAME_REG_OUT	dwarf2cfi.cc	3618
UNREADABLE-function-like	EXPR	DWARF2_FRAME_REG_OUT	dwarf2out.cc	2125
UNREADABLE-function-like	EXPR	DWARF2_FRAME_REG_OUT	dwarf2out.cc	2319
UNREADABLE-function-like	EXPR	DWARF2_FRAME_REG_OUT	dwarf2out.cc	2332
UNREADABLE-function-like	EXPR	DWARF2_FRAME_REG_OUT	dwarf2out.cc	2510
UNREADABLE-function-like	EXPR	DWARF2_FRAME_REG_OUT	dwarf2out.cc	2558
UNREADABLE-function-like	EXPR	DWARF2_FRAME_REG_OUT	dwarf2out.cc	2574
UNREADABLE-function-like	EXPR	DWARF2_FRAME_REG_OUT	dwarf2out.cc	2582
UNREADABLE-function-like	EXPR	DWARF2_FRAME_REG_OUT	dwarf2out.cc	2658
UNREADABLE-function-like	EXPR	DWARF2_FRAME_REG_OUT	dwarf2out.cc	2719
UNREADABLE-function-like	EXPR	DWARF2_FRAME_REG_OUT	dwarf2out.cc	2763
UNREADABLE-function-like	EXPR	DWARF2_FRAME_REG_OUT	dwarf2out.cc	2770
UNREADABLE-function-like	EXPR	DWARF2_FRAME_REG_OUT	dwarf2out.cc	853
UNREADABLE-function-like	EXPR	DWARF2_UNWIND_INFO	common/common-targhooks.cc	43
UNREADABLE-function-like	EXPR	DWARF2_UNWIND_INFO	common/config/arm/arm-common.cc	74
UNREADABLE-function-like	EXPR	DWARF2_UNWIND_INFO	common/config/i386/i386-common.cc	2126
UNREADABLE-function-like	EXPR	DWARF_REG_TO_UNWIND_COLUMN	dwarf2cfi.cc	306
UNREADABLE-function-like	EXPR	DYNAMIC_CHAIN_ADDRESS	builtins.cc	857
UNREADABLE-function-like	EXPR	EH_FRAME_SECTION_NAME	c-family/c-cppbuiltin.cc	1583
UNREADABLE-function-like	EXPR	EH_FRAME_SECTION_NAME	dwarf2out.cc	491
UNREADABLE-function-like	EXPR	EH_FRAME_SECTION_NAME	dwarf2out.cc	495
UNREADABLE-function-like	EXPR	EH_RETURN_DATA_REGNO	bb-reorder.cc	3068
UNREADABLE-function-like	EXPR	EH_RETURN_DATA_REGNO	df-core.cc	303
UNREADABLE-function-like	EXPR	EH_RETURN_DATA_REGNO	df-scan.cc	3295
UNREADABLE-function-like	EXPR	EH_RETURN_DATA_REGNO	except.cc	2189
UNREADABLE-function-like	EXPR	EH_RETURN_DATA_REGNO	except.cc	975
UNREADABLE-function-like	EXPR	EH_RETURN_DATA_REGNO	except.cc	976
UNREADABLE-function-like	EXPR	EH_RETURN_DATA_REGNO	except.cc	985
UNREADABLE-function-like	EXPR	EH_RETURN_DATA_REGNO	except.cc	987
UNREADABLE-function-like	EXPR	EH_RETURN_DATA_REGNO	haifa-sched.cc	1059
UNREADABLE-function-like	EXPR	EH_RETURN_DATA_REGNO	ira-lives.cc	1652
UNREADABLE-function-like	EXPR	EH_RETURN_DATA_REGNO	lra-lives.cc	1077
UNREADABLE-function-like	EXPR	EH_RETURN_DATA_REGNO	reginfo.cc	570
DIVERGENT-OPTION-STATE	EXPR	EH_RETURN_HANDLER_RTX	df-scan.cc	3729
DIVERGENT-OPTION-STATE	EXPR	EH_RETURN_HANDLER_RTX	except.cc	2324
UNREADABLE-function-like	EXPR	EH_RETURN_STACKADJ_RTX	df-scan.cc	3710
UNREADABLE-function-like	EXPR	EH_RETURN_STACKADJ_RTX	except.cc	2299
UNREADABLE-function-like	EXPR	EH_RETURN_STACKADJ_RTX	except.cc	2313
UNREADABLE-function-like	EXPR	EH_RETURN_STACKADJ_RTX	except.cc	2338
UNREADABLE-function-like	EXPR	ELF_STRING_LIMIT	varasm.cc	8813
UNREADABLE-function-like	EXPR	ELF_STRING_LIMIT	varasm.cc	8837
UNREADABLE-function-like	EXPR	ELF_STRING_LIMIT	varasm.cc	8905
IDENTITY-TEXT-OPTION-STATE	EXPR	ELIMINABLE_REGS	df-scan.cc	3826
IDENTITY-TEXT-OPTION-STATE	EXPR	ELIMINABLE_REGS	ira.cc	2576
IDENTITY-TEXT-OPTION-STATE	EXPR	ELIMINABLE_REGS	lra-eliminations.cc	106
IDENTITY-TEXT-OPTION-STATE	EXPR	ELIMINABLE_REGS	lra-eliminations.cc	109
IDENTITY-TEXT-OPTION-STATE	EXPR	ELIMINABLE_REGS	multi-target-reg-probe.cc	66
IDENTITY-TEXT-OPTION-STATE	EXPR	ELIMINABLE_REGS	multi-target-reg-probe.cc	84
IDENTITY-TEXT-OPTION-STATE	EXPR	ELIMINABLE_REGS	multi-target-reg-probe.cc	85
IDENTITY-TEXT-OPTION-STATE	EXPR	ELIMINABLE_REGS	reload1.cc	281
IDENTITY-TEXT-OPTION-STATE	EXPR	ELIMINABLE_REGS	rtlanal.cc	354
IDENTITY-TEXT-OPTION-STATE	EXPR	ELIMINABLE_REGS	varasm.cc	1456
UNREADABLE-function-like	EXPR	ENDFILE_SPEC	gcc.cc	1164
UNREADABLE-function-like	EXPR	ENDFILE_SPEC	gcc.cc	619
UNREADABLE-function-like	EXPR	ENDFILE_SPEC	gcc.cc	933
UNREADABLE-function-like	EXPR	EPILOGUE_USES	df-scan.cc	3638
DIVERGENT-OPTION-STATE	EXPR	EXIT_IGNORE_STACK	dojump.cc	83
DIVERGENT-OPTION-STATE	EXPR	EXIT_IGNORE_STACK	function.cc	5652
DIVERGENT-OPTION-STATE	EXPR	EXIT_IGNORE_STACK	ira.cc	2541
DIVERGENT-OPTION-STATE	EXPR	EXIT_IGNORE_STACK	ira.cc	2547
DIVERGENT-OPTION-STATE	EXPR	EXIT_IGNORE_STACK	resource.cc	912
DIVERGENT-OPTION-STATE	EXPR	EXIT_IGNORE_STACK	resource.cc	929
UNREADABLE-function-like	EXPR	EXTRA_SPEC_FUNCTIONS	gcc.cc	1919
UNREADABLE-function-like	EXPR	EXTRA_SPEC_FUNCTIONS	gcc.cc	7176
UNREADABLE-function-like	EXPR	EXTRA_SPEC_FUNCTIONS	spec-functions.cc	29
UNREADABLE-function-like	EXPR	EXTRA_SPEC_FUNCTIONS	spec-functions.cc	67
UNREADABLE-function-like	EXPR	EXTRA_SPEC_FUNCTIONS	spec-functions.cc	78
UNREADABLE-function-like	EXPR	EXTRA_SPEC_FUNCTIONS	spec-functions-select.cc	58
UNREADABLE-function-like	EXPR	EXTRA_SPECS	gcc.cc	1787
UNREADABLE-function-like	EXPR	EXTRA_SPECS	gcc.cc	1792
UNREADABLE-function-like	EXPR	EXTRA_SPECS	gcc.cc	1879
UNREADABLE-function-like	EXPR	EXTRA_SPECS	gcc.cc	7110
UNREADABLE-function-like	EXPR	FENCE_FOLLOWING_MOVNT	tree-ssa-loop-prefetch.cc	1302
UNREADABLE-function-like	EXPR	FENCE_FOLLOWING_MOVNT	tree-ssa-loop-prefetch.cc	1327
UNREADABLE-function-like	EXPR	FENCE_FOLLOWING_MOVNT	tree-ssa-loop-prefetch.cc	1358
UNREADABLE-function-like	EXPR	FIND_BASE_TERM	alias.cc	1415
UNREADABLE-function-like	EXPR	FIND_BASE_TERM	alias.cc	1928
UNREADABLE-function-like	EXPR	FIRST_PARM_OFFSET	cselib.cc	2804
UNREADABLE-function-like	EXPR	FIRST_PARM_OFFSET	cselib.cc	3476
UNREADABLE-function-like	EXPR	FIRST_PARM_OFFSET	function.cc	1964
UNREADABLE-function-like	EXPR	FIRST_PARM_OFFSET	rtlanal.cc	585
UNREADABLE-function-like	EXPR	FIRST_PARM_OFFSET	rtlanal.cc	593
UNREADABLE-function-like	EXPR	FIRST_PARM_OFFSET	rtlanal.cc	609
UNREADABLE-function-like	EXPR	FIRST_PARM_OFFSET	rtlanal.cc	617
UNREADABLE-function-like	EXPR	FIRST_PARM_OFFSET	rtlanal.cc	630
UNREADABLE-function-like	EXPR	FIRST_PARM_OFFSET	rtlanal.cc	632
UNREADABLE-function-like	EXPR	FIRST_PARM_OFFSET	rtlanal.cc	635
UNREADABLE-function-like	EXPR	FIRST_PARM_OFFSET	rtlanal.cc	637
UNREADABLE-function-like	EXPR	FIRST_PARM_OFFSET	var-tracking.cc	9726
UNREADABLE-function-like	EXPR	FIRST_STACK_REG	target-regstack.cc	1029
UNREADABLE-function-like	EXPR	FIRST_STACK_REG	target-regstack.cc	1062
UNREADABLE-function-like	EXPR	FIRST_STACK_REG	target-regstack.cc	1064
UNREADABLE-function-like	EXPR	FIRST_STACK_REG	target-regstack.cc	1073
UNREADABLE-function-like	EXPR	FIRST_STACK_REG	target-regstack.cc	1075
UNREADABLE-function-like	EXPR	FIRST_STACK_REG	target-regstack.cc	1117
UNREADABLE-function-like	EXPR	FIRST_STACK_REG	target-regstack.cc	1162
UNREADABLE-function-like	EXPR	FIRST_STACK_REG	target-regstack.cc	1170
UNREADABLE-function-like	EXPR	FIRST_STACK_REG	target-regstack.cc	1184
UNREADABLE-function-like	EXPR	FIRST_STACK_REG	target-regstack.cc	1199
UNREADABLE-function-like	EXPR	FIRST_STACK_REG	target-regstack.cc	1206
UNREADABLE-function-like	EXPR	FIRST_STACK_REG	target-regstack.cc	1230
UNREADABLE-function-like	EXPR	FIRST_STACK_REG	target-regstack.cc	1237
UNREADABLE-function-like	EXPR	FIRST_STACK_REG	target-regstack.cc	1429
UNREADABLE-function-like	EXPR	FIRST_STACK_REG	target-regstack.cc	1460
UNREADABLE-function-like	EXPR	FIRST_STACK_REG	target-regstack.cc	1477
UNREADABLE-function-like	EXPR	FIRST_STACK_REG	target-regstack.cc	1492
UNREADABLE-function-like	EXPR	FIRST_STACK_REG	target-regstack.cc	1494
UNREADABLE-function-like	EXPR	FIRST_STACK_REG	target-regstack.cc	1498
UNREADABLE-function-like	EXPR	FIRST_STACK_REG	target-regstack.cc	1535
UNREADABLE-function-like	EXPR	FIRST_STACK_REG	target-regstack.cc	1606
UNREADABLE-function-like	EXPR	FIRST_STACK_REG	target-regstack.cc	1670
UNREADABLE-function-like	EXPR	FIRST_STACK_REG	target-regstack.cc	1694
UNREADABLE-function-like	EXPR	FIRST_STACK_REG	target-regstack.cc	1698
UNREADABLE-function-like	EXPR	FIRST_STACK_REG	target-regstack.cc	1703
UNREADABLE-function-like	EXPR	FIRST_STACK_REG	target-regstack.cc	1765
UNREADABLE-function-like	EXPR	FIRST_STACK_REG	target-regstack.cc	1766
UNREADABLE-function-like	EXPR	FIRST_STACK_REG	target-regstack.cc	1797
UNREADABLE-function-like	EXPR	FIRST_STACK_REG	target-regstack.cc	1803
UNREADABLE-function-like	EXPR	FIRST_STACK_REG	target-regstack.cc	1821
UNREADABLE-function-like	EXPR	FIRST_STACK_REG	target-regstack.cc	1827
UNREADABLE-function-like	EXPR	FIRST_STACK_REG	target-regstack.cc	1864
UNREADABLE-function-like	EXPR	FIRST_STACK_REG	target-regstack.cc	1868
UNREADABLE-function-like	EXPR	FIRST_STACK_REG	target-regstack.cc	1873
UNREADABLE-function-like	EXPR	FIRST_STACK_REG	target-regstack.cc	1885
UNREADABLE-function-like	EXPR	FIRST_STACK_REG	target-regstack.cc	1924
UNREADABLE-function-like	EXPR	FIRST_STACK_REG	target-regstack.cc	1926
UNREADABLE-function-like	EXPR	FIRST_STACK_REG	target-regstack.cc	1952
UNREADABLE-function-like	EXPR	FIRST_STACK_REG	target-regstack.cc	1956
UNREADABLE-function-like	EXPR	FIRST_STACK_REG	target-regstack.cc	1972
UNREADABLE-function-like	EXPR	FIRST_STACK_REG	target-regstack.cc	1973
UNREADABLE-function-like	EXPR	FIRST_STACK_REG	target-regstack.cc	1976
UNREADABLE-function-like	EXPR	FIRST_STACK_REG	target-regstack.cc	1978
UNREADABLE-function-like	EXPR	FIRST_STACK_REG	target-regstack.cc	1990
UNREADABLE-function-like	EXPR	FIRST_STACK_REG	target-regstack.cc	2018
UNREADABLE-function-like	EXPR	FIRST_STACK_REG	target-regstack.cc	2021
UNREADABLE-function-like	EXPR	FIRST_STACK_REG	target-regstack.cc	2022
UNREADABLE-function-like	EXPR	FIRST_STACK_REG	target-regstack.cc	2040
UNREADABLE-function-like	EXPR	FIRST_STACK_REG	target-regstack.cc	2043
UNREADABLE-function-like	EXPR	FIRST_STACK_REG	target-regstack.cc	2044
UNREADABLE-function-like	EXPR	FIRST_STACK_REG	target-regstack.cc	2054
UNREADABLE-function-like	EXPR	FIRST_STACK_REG	target-regstack.cc	2055
UNREADABLE-function-like	EXPR	FIRST_STACK_REG	target-regstack.cc	2101
UNREADABLE-function-like	EXPR	FIRST_STACK_REG	target-regstack.cc	2113
UNREADABLE-function-like	EXPR	FIRST_STACK_REG	target-regstack.cc	2115
UNREADABLE-function-like	EXPR	FIRST_STACK_REG	target-regstack.cc	2162
UNREADABLE-function-like	EXPR	FIRST_STACK_REG	target-regstack.cc	2165
UNREADABLE-function-like	EXPR	FIRST_STACK_REG	target-regstack.cc	2325
UNREADABLE-function-like	EXPR	FIRST_STACK_REG	target-regstack.cc	2327
UNREADABLE-function-like	EXPR	FIRST_STACK_REG	target-regstack.cc	2462
UNREADABLE-function-like	EXPR	FIRST_STACK_REG	target-regstack.cc	2501
UNREADABLE-function-like	EXPR	FIRST_STACK_REG	target-regstack.cc	2622
UNREADABLE-function-like	EXPR	FIRST_STACK_REG	target-regstack.cc	2863
UNREADABLE-function-like	EXPR	FIRST_STACK_REG	target-regstack.cc	2927
UNREADABLE-function-like	EXPR	FIRST_STACK_REG	target-regstack.cc	3201
UNREADABLE-function-like	EXPR	FIRST_STACK_REG	target-regstack.cc	3216
UNREADABLE-function-like	EXPR	FIRST_STACK_REG	target-regstack.cc	3399
UNREADABLE-function-like	EXPR	FIRST_STACK_REG	target-regstack.cc	3428
UNREADABLE-function-like	EXPR	FIRST_STACK_REG	target-regstack.cc	3438
UNREADABLE-function-like	EXPR	FIRST_STACK_REG	target-regstack.cc	53
UNREADABLE-function-like	EXPR	FIRST_STACK_REG	target-regstack.cc	60
UNREADABLE-function-like	EXPR	FIRST_STACK_REG	target-regstack.cc	602
UNREADABLE-function-like	EXPR	FIRST_STACK_REG	target-regstack.cc	64
UNREADABLE-function-like	EXPR	FIRST_STACK_REG	target-regstack.cc	641
UNREADABLE-function-like	EXPR	FIRST_STACK_REG	target-regstack.cc	659
UNREADABLE-function-like	EXPR	FIRST_STACK_REG	target-regstack.cc	67
UNREADABLE-function-like	EXPR	FIRST_STACK_REG	target-regstack.cc	69
UNREADABLE-function-like	EXPR	FIRST_STACK_REG	target-regstack.cc	756
UNREADABLE-function-like	EXPR	FIRST_STACK_REG	target-regstack.cc	802
UNREADABLE-function-like	EXPR	FIRST_STACK_REG	target-regstack.cc	839
UNREADABLE-function-like	EXPR	FIRST_STACK_REG	target-regstack.cc	842
UNREADABLE-function-like	EXPR	FIRST_STACK_REG	target-regstack.cc	849
UNREADABLE-function-like	EXPR	FIRST_STACK_REG	target-regstack.cc	851
UNREADABLE-function-like	EXPR	FIRST_STACK_REG	target-regstack.cc	876
UNREADABLE-function-like	EXPR	FIRST_STACK_REG	target-regstack.cc	888
UNREADABLE-function-like	EXPR	FIRST_STACK_REG	target-regstack.cc	890
UNREADABLE-function-like	EXPR	FIRST_STACK_REG	target-regstack.cc	924
UNREADABLE-function-like	EXPR	FIRST_STACK_REG	target-regstack.cc	927
UNREADABLE-function-like	EXPR	FIRST_STACK_REG	target-regstack.cc	934
UNREADABLE-function-like	EXPR	FIRST_STACK_REG	target-regstack.cc	935
UNREADABLE-function-like	EXPR	FIRST_STACK_REG	target-regstack.cc	952
UNREADABLE-function-like	EXPR	FIRST_STACK_REG	target-regstack.cc	955
UNREADABLE-function-like	EXPR	FIRST_STACK_REG	target-regstack.cc	993
DIVERGENT-BY-VALUE	EXPR	FIXED_REGISTERS	multi-target-select.cc	508
DIVERGENT-BY-VALUE	EXPR	FIXED_REGISTERS	reginfo.cc	329
DIVERGENT-BY-VALUE	EXPR	FIXED_REGISTERS	reginfo.cc	99
DIVERGENT-BY-VALUE	EXPR	FIXED_REGISTERS	target-regs.cc	107
DIVERGENT-BY-VALUE	EXPR	FIXED_REGISTERS	toplev.cc	1166
DIVERGENT-BY-VALUE	EXPR	FIXED_REGISTERS	toplev.cc	2432
UNREADABLE-function-like	EXPR	FLOAT_LIB_COMPARE_RETURNS_BOOL	optabs.cc	5270
UNREADABLE-function-like	EXPR	FLOAT_LIB_COMPARE_RETURNS_BOOL	optabs.cc	5324
UNREADABLE-function-like	EXPR	FLOAT_LIB_COMPARE_RETURNS_BOOL	optabs.cc	5338
DIVERGENT-BY-VALUE	EXPR	FRACT_TYPE_SIZE	tree.cc	9530
DIVERGENT-BY-VALUE	EXPR	FRACT_TYPE_SIZE	tree.cc	9544
UNREADABLE-function-like	EXPR	FRAME_ADDR_RTX	builtins.cc	866
DIVERGENT-OPTION-STATE	EXPR	FRAME_GROWS_DOWNWARD	asan.cc	4858
DIVERGENT-OPTION-STATE	EXPR	FRAME_GROWS_DOWNWARD	cfgexpand.cc	1519
DIVERGENT-OPTION-STATE	EXPR	FRAME_GROWS_DOWNWARD	cfgexpand.cc	1587
DIVERGENT-OPTION-STATE	EXPR	FRAME_GROWS_DOWNWARD	cfgexpand.cc	1764
DIVERGENT-OPTION-STATE	EXPR	FRAME_GROWS_DOWNWARD	cfgexpand.cc	2779
DIVERGENT-OPTION-STATE	EXPR	FRAME_GROWS_DOWNWARD	cfgexpand.cc	418
DIVERGENT-OPTION-STATE	EXPR	FRAME_GROWS_DOWNWARD	function.cc	237
DIVERGENT-OPTION-STATE	EXPR	FRAME_GROWS_DOWNWARD	function.cc	250
DIVERGENT-OPTION-STATE	EXPR	FRAME_GROWS_DOWNWARD	function.cc	324
DIVERGENT-OPTION-STATE	EXPR	FRAME_GROWS_DOWNWARD	function.cc	483
DIVERGENT-OPTION-STATE	EXPR	FRAME_GROWS_DOWNWARD	function.cc	908
DIVERGENT-OPTION-STATE	EXPR	FRAME_GROWS_DOWNWARD	function.cc	914
DIVERGENT-OPTION-STATE	EXPR	FRAME_GROWS_DOWNWARD	ira-color.cc	4446
DIVERGENT-OPTION-STATE	EXPR	FRAME_GROWS_DOWNWARD	lra-spills.cc	212
DIVERGENT-OPTION-STATE	EXPR	FRAME_GROWS_DOWNWARD	opts.cc	1204
DIVERGENT-OPTION-STATE	EXPR	FRAME_GROWS_DOWNWARD	rtlanal.cc	562
DIVERGENT-OPTION-STATE	EXPR	FRAME_GROWS_DOWNWARD	toplev.cc	1724
DIVERGENT-OPTION-STATE	EXPR	FRAME_GROWS_DOWNWARD	toplev.cc	1737
DIVERGENT-OPTION-STATE	EXPR	FUNCTION_BOUNDARY	c-family/c-common.cc	4039
DIVERGENT-OPTION-STATE	EXPR	FUNCTION_BOUNDARY	final.cc	596
DIVERGENT-OPTION-STATE	EXPR	FUNCTION_BOUNDARY	stor-layout.cc	2656
DIVERGENT-OPTION-STATE	EXPR	FUNCTION_BOUNDARY	stor-layout.cc	2659
DIVERGENT-OPTION-STATE	EXPR	FUNCTION_BOUNDARY	stor-layout.cc	2660
DIVERGENT-OPTION-STATE	EXPR	FUNCTION_BOUNDARY	stor-layout.cc	2661
DIVERGENT-OPTION-STATE	EXPR	FUNCTION_BOUNDARY	tree.cc	1351
DIVERGENT-OPTION-STATE	EXPR	FUNCTION_BOUNDARY	tree-nested.cc	663
UNREADABLE-function-like	EXPR	FUNCTION_PROFILER	final.cc	1848
UNREADABLE-function-like	EXPR	GLOBAL_ASM_OP	multi-target-select.cc	473
UNREADABLE-function-like	EXPR	GLOBAL_ASM_OP	varasm.cc	8106
UNREADABLE-function-like	EXPR	GLOBAL_ASM_OP	varasm.cc	8110
UNREADABLE-function-like	EXPR	HARD_REGNO_CALLER_SAVE_MODE	caller-save.cc	825
UNREADABLE-function-like	EXPR	HARD_REGNO_CALLER_SAVE_MODE	lra-constraints.cc	1366
UNREADABLE-function-like	EXPR	HARD_REGNO_CALLER_SAVE_MODE	lra-constraints.cc	6864
UNREADABLE-function-like	EXPR	HARD_REGNO_NREGS_HAS_PADDING	rtlanal.cc	4063
UNREADABLE-function-like	EXPR	HARD_REGNO_NREGS_HAS_PADDING	rtlanal.cc	4072
UNREADABLE-function-like	EXPR	HARD_REGNO_NREGS_HAS_PADDING	rtlanal.cc	4128
UNREADABLE-function-like	EXPR	HARD_REGNO_NREGS_HAS_PADDING	rtlanal.cc	4129
UNREADABLE-function-like	EXPR	HARD_REGNO_NREGS_WITH_PADDING	rtlanal.cc	4069
UNREADABLE-function-like	EXPR	HARD_REGNO_NREGS_WITH_PADDING	rtlanal.cc	4075
UNREADABLE-function-like	EXPR	HARD_REGNO_RENAME_OK	regrename.cc	361
UNREADABLE-function-like	EXPR	HARD_REGNO_RENAME_OK	sel-sched.cc	1025
UNREADABLE-function-like	EXPR	HARD_REGNO_RENAME_OK	sel-sched.cc	1039
UNREADABLE-function-like	EXPR	HARD_REGNO_RENAME_OK	sel-sched.cc	1044
UNREADABLE-function-like	EXPR	HARD_REGNO_RENAME_OK	sel-sched.cc	1125
UNREADABLE-function-like	EXPR	HARD_REGNO_RENAME_OK	sel-sched.cc	1210
UNREADABLE-function-like	EXPR	HARD_REGNO_RENAME_OK	sel-sched.cc	3226
DIVERGENT-BY-VALUE	EXPR	HAS_LONG_COND_BRANCH	bb-reorder.cc	3025
DIVERGENT-OPTION-STATE	EXPR	HAS_LONG_UNCOND_BRANCH	bb-reorder.cc	3033
DIVERGENT-BY-VALUE	EXPR	HAVE_COMDAT_GROUP	cp/contracts.cc	798
DIVERGENT-BY-VALUE	EXPR	HAVE_COMDAT_GROUP	cp/optimize.cc	224
DIVERGENT-BY-VALUE	EXPR	HAVE_COMDAT_GROUP	cp/optimize.cc	303
DIVERGENT-BY-VALUE	EXPR	HAVE_COMDAT_GROUP	dwarf2out.cc	29895
DIVERGENT-BY-VALUE	EXPR	HAVE_COMDAT_GROUP	except.cc	2954
DIVERGENT-BY-VALUE	EXPR	HAVE_COMDAT_GROUP	except.cc	2979
DIVERGENT-BY-VALUE	EXPR	HAVE_COMDAT_GROUP	except.cc	2984
DIVERGENT-BY-VALUE	EXPR	HAVE_COMDAT_GROUP	ipa-comdats.cc	432
DIVERGENT-BY-VALUE	EXPR	HAVE_COMDAT_GROUP	targhooks.cc	2364
DIVERGENT-BY-VALUE	EXPR	HAVE_COMDAT_GROUP	varasm.cc	321
DIVERGENT-BY-VALUE	EXPR	HAVE_COMDAT_GROUP	varasm.cc	581
DIVERGENT-BY-VALUE	EXPR	HAVE_COMDAT_GROUP	varasm.cc	7186
DIVERGENT-BY-VALUE	EXPR	HAVE_COMDAT_GROUP	varasm.cc	7230
DIVERGENT-BY-VALUE	EXPR	HAVE_COMDAT_GROUP	varasm.cc	7264
DIVERGENT-BY-VALUE	EXPR	HAVE_COMDAT_GROUP	varasm.cc	7315
DIVERGENT-BY-VALUE	EXPR	HAVE_COMDAT_GROUP	varasm.cc	7584
DIVERGENT-BY-VALUE	EXPR	HAVE_COMDAT_GROUP	varasm.cc	7729
DIVERGENT-BY-VALUE	EXPR	HAVE_COMDAT_GROUP	varasm.cc	776
DIVERGENT-OPTION-STATE	EXPR	HONOR_REG_ALLOC_ORDER	ira-color.cc	2249
UNREADABLE-function-like	EXPR	INCOMING_REGNO	builtins.cc	1559
UNREADABLE-function-like	EXPR	INCOMING_REGNO	builtins.cc	1597
UNREADABLE-function-like	EXPR	INCOMING_REGNO	builtins.cc	1866
UNREADABLE-function-like	EXPR	INCOMING_REGNO	cfgexpand.cc	4810
UNREADABLE-function-like	EXPR	INCOMING_REGNO	df-scan.cc	3500
UNREADABLE-function-like	EXPR	INCOMING_REGNO	ifcvt.cc	6338
UNREADABLE-function-like	EXPR	INCOMING_REGNO	var-tracking.cc	9735
UNREADABLE-function-like	EXPR	INCOMING_RETURN_ADDR_RTX	df-scan.cc	3559
UNREADABLE-function-like	EXPR	INCOMING_RETURN_ADDR_RTX	df-scan.cc	3560
UNREADABLE-function-like	EXPR	INCOMING_RETURN_ADDR_RTX	dwarf2cfi.cc	3193
UNREADABLE-function-like	EXPR	INCOMING_RETURN_ADDR_RTX	dwarf2cfi.cc	3283
DIVERGENT-OPTION-STATE	EXPR	INDEX_REG_CLASS	lra-constraints.cc	4161
DIVERGENT-OPTION-STATE	EXPR	INDEX_REG_CLASS	lra-constraints.cc	4162
DIVERGENT-OPTION-STATE	EXPR	INDEX_REG_CLASS	lra-constraints.cc	4163
DIVERGENT-OPTION-STATE	EXPR	INDEX_REG_CLASS	postreload.cc	751
DIVERGENT-OPTION-STATE	EXPR	INDEX_REG_CLASS	regcprop.cc	588
DIVERGENT-OPTION-STATE	EXPR	INDEX_REG_CLASS	regrename.cc	1314
DIVERGENT-OPTION-STATE	EXPR	INDEX_REG_CLASS	target-addr.cc	101
UNREADABLE-function-like	EXPR	INIT_ARRAY_SECTION_ASM_OP	cfgexpand.cc	6965
UNREADABLE-function-like	EXPR	INIT_CUMULATIVE_ARGS	calls.cc	3010
UNREADABLE-function-like	EXPR	INIT_CUMULATIVE_ARGS	calls.cc	3027
UNREADABLE-function-like	EXPR	INIT_CUMULATIVE_ARGS	target-cumargs.cc	121
UNREADABLE-function-like	EXPR	INIT_CUMULATIVE_ARGS	target-cumargs.cc	133
UNREADABLE-function-like	EXPR	INIT_CUMULATIVE_ARGS	target-cumargs.cc	147
UNREADABLE-function-like	EXPR	INIT_CUMULATIVE_ARGS	target-cumargs.cc	27
UNREADABLE-function-like	EXPR	INIT_CUMULATIVE_ARGS	target-cumargs.cc	47
UNREADABLE-function-like	EXPR	INIT_CUMULATIVE_ARGS	target-cumargs.cc	89
DIVERGENT-OPTION-STATE	EXPR	INITIAL_FRAME_ADDRESS_RTX	builtins.cc	819
UNREADABLE-function-like	EXPR	INSN_BASE_REG_CLASS	target-addr.cc	75
UNREADABLE-function-like	EXPR	INSN_INDEX_REG_CLASS	target-addr.cc	99
UNREADABLE-function-like	EXPR	INSN_REFERENCES_ARE_DELAYED	reorg.cc	1445
UNREADABLE-function-like	EXPR	INSN_REFERENCES_ARE_DELAYED	reorg.cc	1544
UNREADABLE-function-like	EXPR	INSN_REFERENCES_ARE_DELAYED	resource.cc	379
UNREADABLE-function-like	EXPR	INSN_SETS_ARE_DELAYED	reorg.cc	1442
UNREADABLE-function-like	EXPR	INSN_SETS_ARE_DELAYED	reorg.cc	1541
UNREADABLE-function-like	EXPR	INSN_SETS_ARE_DELAYED	resource.cc	479
DIVERGENT-OPTION-STATE	EXPR	INT16_TYPE	c-family/c-common.cc	4840
DIVERGENT-OPTION-STATE	EXPR	INT16_TYPE	c-family/c-common.cc	4842
DIVERGENT-OPTION-STATE	EXPR	INT16_TYPE	c-family/c-common.cc	5667
DIVERGENT-OPTION-STATE	EXPR	INT16_TYPE	c-family/c-common.cc	5668
DIVERGENT-OPTION-STATE	EXPR	INT16_TYPE	fortran/trans-types.cc	4156
DIVERGENT-OPTION-STATE	EXPR	INT32_TYPE	c-family/c-common.cc	4843
DIVERGENT-OPTION-STATE	EXPR	INT32_TYPE	c-family/c-common.cc	4845
DIVERGENT-OPTION-STATE	EXPR	INT32_TYPE	c-family/c-common.cc	5669
DIVERGENT-OPTION-STATE	EXPR	INT32_TYPE	c-family/c-common.cc	5670
DIVERGENT-OPTION-STATE	EXPR	INT64_TYPE	c-family/c-common.cc	4846
DIVERGENT-OPTION-STATE	EXPR	INT64_TYPE	c-family/c-common.cc	4848
DIVERGENT-OPTION-STATE	EXPR	INT64_TYPE	c-family/c-common.cc	5671
DIVERGENT-OPTION-STATE	EXPR	INT64_TYPE	c-family/c-common.cc	5672
DIVERGENT-OPTION-STATE	EXPR	INT8_TYPE	c-family/c-common.cc	4837
DIVERGENT-OPTION-STATE	EXPR	INT8_TYPE	c-family/c-common.cc	4839
DIVERGENT-OPTION-STATE	EXPR	INT8_TYPE	c-family/c-common.cc	5665
DIVERGENT-OPTION-STATE	EXPR	INT8_TYPE	c-family/c-common.cc	5666
DIVERGENT-OPTION-STATE	EXPR	INT_FAST16_TYPE	c-family/c-common.cc	4888
DIVERGENT-OPTION-STATE	EXPR	INT_FAST16_TYPE	c-family/c-common.cc	4890
DIVERGENT-OPTION-STATE	EXPR	INT_FAST16_TYPE	c-family/c-common.cc	5699
DIVERGENT-OPTION-STATE	EXPR	INT_FAST16_TYPE	c-family/c-common.cc	5700
DIVERGENT-OPTION-STATE	EXPR	INT_FAST32_TYPE	c-family/c-common.cc	4891
DIVERGENT-OPTION-STATE	EXPR	INT_FAST32_TYPE	c-family/c-common.cc	4893
DIVERGENT-OPTION-STATE	EXPR	INT_FAST32_TYPE	c-family/c-common.cc	5701
DIVERGENT-OPTION-STATE	EXPR	INT_FAST32_TYPE	c-family/c-common.cc	5702
DIVERGENT-OPTION-STATE	EXPR	INT_FAST64_TYPE	c-family/c-common.cc	4894
DIVERGENT-OPTION-STATE	EXPR	INT_FAST64_TYPE	c-family/c-common.cc	4896
DIVERGENT-OPTION-STATE	EXPR	INT_FAST64_TYPE	c-family/c-common.cc	5703
DIVERGENT-OPTION-STATE	EXPR	INT_FAST64_TYPE	c-family/c-common.cc	5704
DIVERGENT-OPTION-STATE	EXPR	INT_FAST8_TYPE	c-family/c-common.cc	4885
DIVERGENT-OPTION-STATE	EXPR	INT_FAST8_TYPE	c-family/c-common.cc	4887
DIVERGENT-OPTION-STATE	EXPR	INT_FAST8_TYPE	c-family/c-common.cc	5697
DIVERGENT-OPTION-STATE	EXPR	INT_FAST8_TYPE	c-family/c-common.cc	5698
DIVERGENT-OPTION-STATE	EXPR	INT_LEAST16_TYPE	c-family/c-common.cc	4864
DIVERGENT-OPTION-STATE	EXPR	INT_LEAST16_TYPE	c-family/c-common.cc	4866
DIVERGENT-OPTION-STATE	EXPR	INT_LEAST16_TYPE	c-family/c-common.cc	5683
DIVERGENT-OPTION-STATE	EXPR	INT_LEAST16_TYPE	c-family/c-common.cc	5684
DIVERGENT-OPTION-STATE	EXPR	INT_LEAST32_TYPE	c-family/c-common.cc	4867
DIVERGENT-OPTION-STATE	EXPR	INT_LEAST32_TYPE	c-family/c-common.cc	4869
DIVERGENT-OPTION-STATE	EXPR	INT_LEAST32_TYPE	c-family/c-common.cc	5685
DIVERGENT-OPTION-STATE	EXPR	INT_LEAST32_TYPE	c-family/c-common.cc	5686
DIVERGENT-OPTION-STATE	EXPR	INT_LEAST64_TYPE	c-family/c-common.cc	4870
DIVERGENT-OPTION-STATE	EXPR	INT_LEAST64_TYPE	c-family/c-common.cc	4872
DIVERGENT-OPTION-STATE	EXPR	INT_LEAST64_TYPE	c-family/c-common.cc	5687
DIVERGENT-OPTION-STATE	EXPR	INT_LEAST64_TYPE	c-family/c-common.cc	5688
DIVERGENT-OPTION-STATE	EXPR	INT_LEAST8_TYPE	c-family/c-common.cc	4861
DIVERGENT-OPTION-STATE	EXPR	INT_LEAST8_TYPE	c-family/c-common.cc	4863
DIVERGENT-OPTION-STATE	EXPR	INT_LEAST8_TYPE	c-family/c-common.cc	5681
DIVERGENT-OPTION-STATE	EXPR	INT_LEAST8_TYPE	c-family/c-common.cc	5682
DIVERGENT-OPTION-STATE	EXPR	INTPTR_TYPE	c-family/c-common.cc	4909
DIVERGENT-OPTION-STATE	EXPR	INTPTR_TYPE	c-family/c-common.cc	4911
DIVERGENT-OPTION-STATE	EXPR	INTPTR_TYPE	c-family/c-common.cc	5713
DIVERGENT-OPTION-STATE	EXPR	INTPTR_TYPE	c-family/c-common.cc	5714
DIVERGENT-OPTION-STATE	EXPR	INT_TYPE_SIZE	ada/gcc-interface/targtyps.cc	79
DIVERGENT-OPTION-STATE	EXPR	INT_TYPE_SIZE	analyzer/region-model.cc	7755
DIVERGENT-OPTION-STATE	EXPR	INT_TYPE_SIZE	analyzer/region-model.cc	7769
DIVERGENT-OPTION-STATE	EXPR	INT_TYPE_SIZE	analyzer/region-model.cc	7774
DIVERGENT-OPTION-STATE	EXPR	INT_TYPE_SIZE	analyzer/region-model.cc	9403
DIVERGENT-OPTION-STATE	EXPR	INT_TYPE_SIZE	builtins.cc	12147
DIVERGENT-OPTION-STATE	EXPR	INT_TYPE_SIZE	builtins.cc	12148
DIVERGENT-OPTION-STATE	EXPR	INT_TYPE_SIZE	builtins.cc	12360
DIVERGENT-OPTION-STATE	EXPR	INT_TYPE_SIZE	builtins.cc	12362
DIVERGENT-OPTION-STATE	EXPR	INT_TYPE_SIZE	builtins.cc	3389
DIVERGENT-OPTION-STATE	EXPR	INT_TYPE_SIZE	c-family/c-warn.cc	3947
DIVERGENT-OPTION-STATE	EXPR	INT_TYPE_SIZE	d/d-target.cc	163
DIVERGENT-OPTION-STATE	EXPR	INT_TYPE_SIZE	d/intrinsics.cc	537
DIVERGENT-OPTION-STATE	EXPR	INT_TYPE_SIZE	d/intrinsics.cc	567
DIVERGENT-OPTION-STATE	EXPR	INT_TYPE_SIZE	d/intrinsics.cc	674
DIVERGENT-OPTION-STATE	EXPR	INT_TYPE_SIZE	fortran/trans-intrinsic.cc	398
DIVERGENT-OPTION-STATE	EXPR	INT_TYPE_SIZE	fortran/trans-intrinsic.cc	7306
DIVERGENT-OPTION-STATE	EXPR	INT_TYPE_SIZE	fortran/trans-intrinsic.cc	7423
DIVERGENT-OPTION-STATE	EXPR	INT_TYPE_SIZE	fortran/trans-intrinsic.cc	7527
DIVERGENT-OPTION-STATE	EXPR	INT_TYPE_SIZE	fortran/trans-types.cc	809
DIVERGENT-OPTION-STATE	EXPR	INT_TYPE_SIZE	fortran/trans-types.cc	938
DIVERGENT-OPTION-STATE	EXPR	INT_TYPE_SIZE	fortran/trans-types.cc	966
DIVERGENT-OPTION-STATE	EXPR	INT_TYPE_SIZE	fortran/trans-types.cc	985
DIVERGENT-OPTION-STATE	EXPR	INT_TYPE_SIZE	go/go-gcc.cc	972
DIVERGENT-OPTION-STATE	EXPR	INT_TYPE_SIZE	go/go-gcc.cc	987
DIVERGENT-OPTION-STATE	EXPR	INT_TYPE_SIZE	go/go-lang.cc	108
DIVERGENT-OPTION-STATE	EXPR	INT_TYPE_SIZE	go/go-lang.cc	374
DIVERGENT-OPTION-STATE	EXPR	INT_TYPE_SIZE	go/go-lang.cc	389
DIVERGENT-OPTION-STATE	EXPR	INT_TYPE_SIZE	jit/jit-recording.cc	2619
DIVERGENT-OPTION-STATE	EXPR	INT_TYPE_SIZE	jit/jit-recording.cc	810
DIVERGENT-OPTION-STATE	EXPR	INT_TYPE_SIZE	m2/gm2-gcc/m2decl.cc	405
DIVERGENT-OPTION-STATE	EXPR	INT_TYPE_SIZE	m2/gm2-lang.cc	1406
DIVERGENT-OPTION-STATE	EXPR	INT_TYPE_SIZE	m2/gm2-lang.cc	1422
DIVERGENT-OPTION-STATE	EXPR	INT_TYPE_SIZE	optabs-libfuncs.cc	202
DIVERGENT-OPTION-STATE	EXPR	INT_TYPE_SIZE	optabs-libfuncs.cc	205
DIVERGENT-OPTION-STATE	EXPR	INT_TYPE_SIZE	optabs-libfuncs.cc	879
DIVERGENT-OPTION-STATE	EXPR	INT_TYPE_SIZE	optabs-libfuncs.cc	881
DIVERGENT-OPTION-STATE	EXPR	INT_TYPE_SIZE	rust/rust-gcc.cc	392
DIVERGENT-OPTION-STATE	EXPR	INT_TYPE_SIZE	rust/rust-gcc.cc	405
DIVERGENT-OPTION-STATE	EXPR	INT_TYPE_SIZE	stor-layout.cc	2927
DIVERGENT-OPTION-STATE	EXPR	INT_TYPE_SIZE	targhooks.cc	529
DIVERGENT-OPTION-STATE	EXPR	INT_TYPE_SIZE	toplev.cc	2186
DIVERGENT-OPTION-STATE	EXPR	INT_TYPE_SIZE	tree.cc	9496
DIVERGENT-OPTION-STATE	EXPR	INT_TYPE_SIZE	tree.cc	9703
DIVERGENT-OPTION-STATE	EXPR	INT_TYPE_SIZE	tree.cc	9704
DIVERGENT-OPTION-STATE	EXPR	INT_TYPE_SIZE	tree-pretty-print.cc	2396
UNREADABLE-function-like	EXPR	LAST_INDEX_REG	postreload.cc	1352
UNREADABLE-function-like	EXPR	LAST_INDEX_REG	postreload.cc	808
UNREADABLE-function-like	EXPR	LAST_STACK_REG	target-regstack.cc	2402
UNREADABLE-function-like	EXPR	LAST_STACK_REG	target-regstack.cc	2856
UNREADABLE-function-like	EXPR	LAST_STACK_REG	target-regstack.cc	3118
UNREADABLE-function-like	EXPR	LAST_STACK_REG	target-regstack.cc	3402
UNREADABLE-function-like	EXPR	LAST_STACK_REG	target-regstack.cc	607
UNREADABLE-function-like	EXPR	LAST_STACK_REG	target-regstack.cc	611
UNREADABLE-function-like	EXPR	LAST_STACK_REG	target-regstack.cc	646
UNREADABLE-function-like	EXPR	LAST_STACK_REG	target-regstack.cc	650
UNREADABLE-function-like	EXPR	LAST_STACK_REG	target-regstack.cc	664
UNREADABLE-function-like	EXPR	LAST_STACK_REG	target-regstack.cc	668
UNREADABLE-function-like	EXPR	LEGITIMATE_PIC_OPERAND_P	ira.cc	4345
UNREADABLE-function-like	EXPR	LEGITIMATE_PIC_OPERAND_P	ira.cc	4346
UNREADABLE-function-like	EXPR	LEGITIMATE_PIC_OPERAND_P	ira-costs.cc	805
UNREADABLE-function-like	EXPR	LEGITIMATE_PIC_OPERAND_P	lra-constraints.cc	2131
UNREADABLE-function-like	EXPR	LEGITIMATE_PIC_OPERAND_P	recog.cc	1535
UNREADABLE-function-like	EXPR	LEGITIMATE_PIC_OPERAND_P	recog.cc	1715
UNREADABLE-function-like	EXPR	LEGITIMATE_PIC_OPERAND_P	reload1.cc	4088
UNREADABLE-function-like	EXPR	LEGITIMATE_PIC_OPERAND_P	reload.cc	3433
UNREADABLE-function-like	EXPR	LIB_SPEC	gcc.cc	1161
UNREADABLE-function-like	EXPR	LIB_SPEC	gcc.cc	612
UNREADABLE-function-like	EXPR	LIB_SPEC	gcc.cc	795
UNREADABLE-function-like	EXPR	LINK_EH_SPEC	gcc.cc	1251
UNREADABLE-function-like	EXPR	LINK_EH_SPEC	gcc.cc	1253
UNREADABLE-function-like	EXPR	LINK_EH_SPEC	gcc.cc	1973
UNREADABLE-function-like	EXPR	LINK_EH_SPEC	gcc.cc	2118
UNREADABLE-function-like	EXPR	LINK_EH_SPEC	gcc.cc	2119
UNREADABLE-function-like	EXPR	LINK_GCC_C_SEQUENCE_SPEC	gcc.cc	1156
UNREADABLE-function-like	EXPR	LINK_GCC_C_SEQUENCE_SPEC	gcc.cc	968
UNREADABLE-function-like	EXPR	LINK_SPEC	gcc.cc	1160
UNREADABLE-function-like	EXPR	LINK_SPEC	gcc.cc	611
UNREADABLE-function-like	EXPR	LINK_SPEC	gcc.cc	783
UNREADABLE-function-like	EXPR	LINK_SPEC	gcc.cc	9948
UNREADABLE-function-like	EXPR	LOAD_EXTEND_OP	combine.cc	13139
UNREADABLE-function-like	EXPR	LOAD_EXTEND_OP	combine.cc	13144
UNREADABLE-function-like	EXPR	LOAD_EXTEND_OP	combine.cc	13545
UNREADABLE-function-like	EXPR	LOAD_EXTEND_OP	combine.cc	3817
UNREADABLE-function-like	EXPR	LOAD_EXTEND_OP	fwprop.cc	618
UNREADABLE-function-like	EXPR	LOAD_EXTEND_OP	fwprop.cc	692
UNREADABLE-function-like	EXPR	LOAD_EXTEND_OP	reload.cc	1079
UNREADABLE-function-like	EXPR	LOAD_EXTEND_OP	reload.cc	1120
UNREADABLE-function-like	EXPR	LOAD_EXTEND_OP	reload.cc	3164
UNREADABLE-function-like	EXPR	LOAD_EXTEND_OP	reload.cc	6165
UNREADABLE-function-like	EXPR	LOCAL_DECL_ALIGNMENT	adjust-alignment.cc	71
UNREADABLE-function-like	EXPR	LOCAL_DECL_ALIGNMENT	cfgexpand.cc	386
UNREADABLE-function-like	EXPR	LOCAL_DECL_ALIGNMENT	cfgexpand.cc	395
UNREADABLE-function-like	EXPR	LOCAL_DECL_ALIGNMENT	tree-ssa-coalesce.cc	1580
UNREADABLE-function-like	EXPR	LOCAL_DECL_ALIGNMENT	tree-ssa-coalesce.cc	1583
UNREADABLE-function-like	EXPR	LOCAL_LABEL_PREFIX	final.cc	3942
UNREADABLE-function-like	EXPR	LOCAL_LABEL_PREFIX	final.cc	4060
UNREADABLE-function-like	EXPR	LOCAL_REGNO	df-scan.cc	3537
UNREADABLE-function-like	EXPR	LOCAL_REGNO	df-scan.cc	3673
UNREADABLE-function-like	EXPR	LOCAL_REGNO	df-scan.cc	3697
UNREADABLE-function-like	EXPR	LOCAL_REGNO	ira-color.cc	1818
UNREADABLE-function-like	EXPR	LOCAL_REGNO	lra.cc	2476
UNREADABLE-function-like	EXPR	LOCAL_REGNO	reload1.cc	808
DIVERGENT-BY-VALUE	EXPR	LONG_ACCUM_TYPE_SIZE	tree.cc	9569
DIVERGENT-BY-VALUE	EXPR	LONG_ACCUM_TYPE_SIZE	tree.cc	9583
DIVERGENT-BY-VALUE	EXPR	LONG_FRACT_TYPE_SIZE	tree.cc	9532
DIVERGENT-BY-VALUE	EXPR	LONG_FRACT_TYPE_SIZE	tree.cc	9546
DIVERGENT-OPTION-STATE	EXPR	LONG_LONG_ACCUM_TYPE_SIZE	tree.cc	9572
DIVERGENT-OPTION-STATE	EXPR	LONG_LONG_ACCUM_TYPE_SIZE	tree.cc	9586
DIVERGENT-BY-VALUE	EXPR	LONG_LONG_FRACT_TYPE_SIZE	tree.cc	9535
DIVERGENT-BY-VALUE	EXPR	LONG_LONG_FRACT_TYPE_SIZE	tree.cc	9549
DIVERGENT-OPTION-STATE	EXPR	LONG_LONG_TYPE_SIZE	ada/gcc-interface/decl.cc	559
DIVERGENT-OPTION-STATE	EXPR	LONG_LONG_TYPE_SIZE	ada/gcc-interface/targtyps.cc	100
DIVERGENT-OPTION-STATE	EXPR	LONG_LONG_TYPE_SIZE	ada/gcc-interface/targtyps.cc	91
DIVERGENT-OPTION-STATE	EXPR	LONG_LONG_TYPE_SIZE	ada/gcc-interface/utils.cc	1562
DIVERGENT-OPTION-STATE	EXPR	LONG_LONG_TYPE_SIZE	c-family/c-warn.cc	3958
DIVERGENT-OPTION-STATE	EXPR	LONG_LONG_TYPE_SIZE	c-family/c-warn.cc	3968
DIVERGENT-OPTION-STATE	EXPR	LONG_LONG_TYPE_SIZE	coverage.cc	142
DIVERGENT-OPTION-STATE	EXPR	LONG_LONG_TYPE_SIZE	d/d-target.cc	165
DIVERGENT-OPTION-STATE	EXPR	LONG_LONG_TYPE_SIZE	d/intrinsics.cc	539
DIVERGENT-OPTION-STATE	EXPR	LONG_LONG_TYPE_SIZE	d/intrinsics.cc	569
DIVERGENT-OPTION-STATE	EXPR	LONG_LONG_TYPE_SIZE	d/intrinsics.cc	676
DIVERGENT-OPTION-STATE	EXPR	LONG_LONG_TYPE_SIZE	fortran/trans-intrinsic.cc	403
DIVERGENT-OPTION-STATE	EXPR	LONG_LONG_TYPE_SIZE	fortran/trans-intrinsic.cc	7316
DIVERGENT-OPTION-STATE	EXPR	LONG_LONG_TYPE_SIZE	fortran/trans-intrinsic.cc	7323
DIVERGENT-OPTION-STATE	EXPR	LONG_LONG_TYPE_SIZE	fortran/trans-intrinsic.cc	7360
DIVERGENT-OPTION-STATE	EXPR	LONG_LONG_TYPE_SIZE	fortran/trans-intrinsic.cc	7433
DIVERGENT-OPTION-STATE	EXPR	LONG_LONG_TYPE_SIZE	fortran/trans-intrinsic.cc	7440
DIVERGENT-OPTION-STATE	EXPR	LONG_LONG_TYPE_SIZE	fortran/trans-intrinsic.cc	7472
DIVERGENT-OPTION-STATE	EXPR	LONG_LONG_TYPE_SIZE	fortran/trans-intrinsic.cc	7541
DIVERGENT-OPTION-STATE	EXPR	LONG_LONG_TYPE_SIZE	fortran/trans-intrinsic.cc	7557
DIVERGENT-OPTION-STATE	EXPR	LONG_LONG_TYPE_SIZE	fortran/trans-intrinsic.cc	7574
DIVERGENT-OPTION-STATE	EXPR	LONG_LONG_TYPE_SIZE	fortran/trans-types.cc	942
DIVERGENT-OPTION-STATE	EXPR	LONG_LONG_TYPE_SIZE	fortran/trans-types.cc	970
DIVERGENT-OPTION-STATE	EXPR	LONG_LONG_TYPE_SIZE	fortran/trans-types.cc	989
DIVERGENT-OPTION-STATE	EXPR	LONG_LONG_TYPE_SIZE	go/go-gcc.cc	980
DIVERGENT-OPTION-STATE	EXPR	LONG_LONG_TYPE_SIZE	go/go-gcc.cc	995
DIVERGENT-OPTION-STATE	EXPR	LONG_LONG_TYPE_SIZE	go/go-lang.cc	382
DIVERGENT-OPTION-STATE	EXPR	LONG_LONG_TYPE_SIZE	go/go-lang.cc	397
DIVERGENT-OPTION-STATE	EXPR	LONG_LONG_TYPE_SIZE	jit/jit-recording.cc	2627
DIVERGENT-OPTION-STATE	EXPR	LONG_LONG_TYPE_SIZE	jit/jit-recording.cc	826
DIVERGENT-OPTION-STATE	EXPR	LONG_LONG_TYPE_SIZE	m2/gm2-gcc/m2type.cc	1500
DIVERGENT-OPTION-STATE	EXPR	LONG_LONG_TYPE_SIZE	m2/gm2-gcc/m2type.cc	1512
DIVERGENT-OPTION-STATE	EXPR	LONG_LONG_TYPE_SIZE	m2/gm2-lang.cc	1414
DIVERGENT-OPTION-STATE	EXPR	LONG_LONG_TYPE_SIZE	m2/gm2-lang.cc	1430
DIVERGENT-OPTION-STATE	EXPR	LONG_LONG_TYPE_SIZE	optabs-libfuncs.cc	200
DIVERGENT-OPTION-STATE	EXPR	LONG_LONG_TYPE_SIZE	optabs-libfuncs.cc	201
DIVERGENT-OPTION-STATE	EXPR	LONG_LONG_TYPE_SIZE	rust/rust-gcc.cc	398
DIVERGENT-OPTION-STATE	EXPR	LONG_LONG_TYPE_SIZE	rust/rust-gcc.cc	411
DIVERGENT-OPTION-STATE	EXPR	LONG_LONG_TYPE_SIZE	stor-layout.cc	2931
DIVERGENT-OPTION-STATE	EXPR	LONG_LONG_TYPE_SIZE	targhooks.cc	533
DIVERGENT-OPTION-STATE	EXPR	LONG_LONG_TYPE_SIZE	toplev.cc	2188
DIVERGENT-OPTION-STATE	EXPR	LONG_LONG_TYPE_SIZE	tree.cc	9504
DIVERGENT-OPTION-STATE	EXPR	LONG_LONG_TYPE_SIZE	tree.cc	9707
DIVERGENT-OPTION-STATE	EXPR	LONG_LONG_TYPE_SIZE	tree.cc	9708
DIVERGENT-OPTION-STATE	EXPR	LONG_LONG_TYPE_SIZE	tree-pretty-print.cc	2404
UNREADABLE-function-like	EXPR	MACH_DEP_SECTION_ASM_FLAG	varasm.cc	7272
UNREADABLE-function-like	EXPR	MAIN_STACK_BOUNDARY	ada/gcc-interface/decl.cc	85
UNREADABLE-function-like	EXPR	MAKE_DECL_ONE_ONLY	varasm.cc	6962
DIVERGENT-OPTION-STATE	EXPR	MASK_RETURN_ADDR	except.cc	2221
DIVERGENT-OPTION-STATE	EXPR	MAX_BITS_PER_WORD	ada/gcc-interface/utils.cc	3922
DIVERGENT-OPTION-STATE	EXPR	MAX_BITS_PER_WORD	ada/gcc-interface/utils.cc	3932
DIVERGENT-OPTION-STATE	EXPR	MAX_BITS_PER_WORD	jit/jit-recording.cc	2678
DIVERGENT-OPTION-STATE	EXPR	MAX_BITS_PER_WORD	multi-target-reg-probe.cc	156
DIVERGENT-OPTION-STATE	EXPR	MAX_BITS_PER_WORD	multi-target-reg-probe.cc	166
DIVERGENT-OPTION-STATE	EXPR	MAX_BITS_PER_WORD	multi-target-reg-probe.cc	171
DIVERGENT-OPTION-STATE	EXPR	MAX_BITS_PER_WORD	reginfo.cc	231
DIVERGENT-OPTION-STATE	EXPR	MAX_BITS_PER_WORD	target-regs.cc	220
DIVERGENT-OPTION-STATE	EXPR	MAX_BITS_PER_WORD	target-regs.cc	224
DIVERGENT-OPTION-STATE	EXPR	MAX_MOVE_MAX	caller-save.cc	55
DIVERGENT-OPTION-STATE	EXPR	MAX_MOVE_MAX	multi-target-reg-probe.cc	136
DIVERGENT-OPTION-STATE	EXPR	MAX_MOVE_MAX	multi-target-reg-probe.cc	142
DIVERGENT-OPTION-STATE	EXPR	MAX_MOVE_MAX	target-cumargs.cc	1144
DIVERGENT-OPTION-STATE	EXPR	MAX_MOVE_MAX	target-cumargs.cc	269
DIVERGENT-OPTION-STATE	EXPR	MAX_MOVE_MAX	target-cumargs-select.cc	593
DIVERGENT-OPTION-STATE	EXPR	MAX_MOVE_MAX	target-cumargs-select.cc	594
DIVERGENT-OPTION-STATE	EXPR	MAX_MOVE_MAX	target-cumargs-select.cc	595
DIVERGENT-OPTION-STATE	EXPR	MAX_MOVE_MAX	target-cumargs-select.cc	596
DIVERGENT-OPTION-STATE	EXPR	MAX_MOVE_MAX	target-cumargs-select.cc	600
DIVERGENT-OPTION-STATE	EXPR	MAX_MOVE_MAX	target-cumargs-select.cc	603
DIVERGENT-OPTION-STATE	EXPR	MAX_MOVE_MAX	target-cumargs-select.cc	636
DIVERGENT-OPTION-STATE	EXPR	MAX_MOVE_MAX	target-cumargs-select.cc	638
DIVERGENT-OPTION-STATE	EXPR	MAX_MOVE_MAX	target-cumargs-select.cc	653
DIVERGENT-OPTION-STATE	EXPR	MAX_MOVE_MAX	target-cumargs-select.cc	672
DIVERGENT-OPTION-STATE	EXPR	MAX_MOVE_MAX	target-regs.cc	215
DIVERGENT-OPTION-STATE	EXPR	MAX_OFILE_ALIGNMENT	ada/gcc-interface/targtyps.cc	162
DIVERGENT-OPTION-STATE	EXPR	MAX_OFILE_ALIGNMENT	asan.cc	2476
DIVERGENT-OPTION-STATE	EXPR	MAX_OFILE_ALIGNMENT	c-family/c-attribs.cc	2723
DIVERGENT-OPTION-STATE	EXPR	MAX_OFILE_ALIGNMENT	c-family/c-common.cc	5750
DIVERGENT-OPTION-STATE	EXPR	MAX_OFILE_ALIGNMENT	c-family/c-common.cc	5790
DIVERGENT-OPTION-STATE	EXPR	MAX_OFILE_ALIGNMENT	symtab.cc	2543
DIVERGENT-OPTION-STATE	EXPR	MAX_OFILE_ALIGNMENT	targhooks.cc	1614
DIVERGENT-OPTION-STATE	EXPR	MAX_OFILE_ALIGNMENT	targhooks.cc	1619
DIVERGENT-OPTION-STATE	EXPR	MAX_OFILE_ALIGNMENT	targhooks.cc	1623
DIVERGENT-OPTION-STATE	EXPR	MAX_OFILE_ALIGNMENT	targhooks.cc	1624
DIVERGENT-OPTION-STATE	EXPR	MAX_OFILE_ALIGNMENT	tree-data-ref.cc	6190
DIVERGENT-OPTION-STATE	EXPR	MAX_OFILE_ALIGNMENT	tree-data-ref.cc	6246
DIVERGENT-OPTION-STATE	EXPR	MAX_OFILE_ALIGNMENT	tree-vect-data-refs.cc	6806
DIVERGENT-OPTION-STATE	EXPR	MAX_OFILE_ALIGNMENT	varasm.cc	1140
DIVERGENT-OPTION-STATE	EXPR	MAX_OFILE_ALIGNMENT	varasm.cc	1144
DIVERGENT-OPTION-STATE	EXPR	MAX_OFILE_ALIGNMENT	varasm.cc	1145
DIVERGENT-BY-VALUE	EXPR	MAX_REGS_PER_ADDRESS	ira-costs.cc	1221
DIVERGENT-BY-VALUE	EXPR	MAX_REGS_PER_ADDRESS	regrename.cc	218
DIVERGENT-OPTION-STATE	EXPR	MIN_UNITS_PER_WORD	caller-save.cc	56
DIVERGENT-OPTION-STATE	EXPR	MIN_UNITS_PER_WORD	multi-target-reg-probe.cc	137
DIVERGENT-OPTION-STATE	EXPR	MIN_UNITS_PER_WORD	multi-target-reg-probe.cc	143
DIVERGENT-OPTION-STATE	EXPR	MIN_UNITS_PER_WORD	target-cumargs.cc	490
DIVERGENT-OPTION-STATE	EXPR	MIN_UNITS_PER_WORD	target-cumargs-select.cc	608
DIVERGENT-OPTION-STATE	EXPR	MIN_UNITS_PER_WORD	target-cumargs-select.cc	610
DIVERGENT-OPTION-STATE	EXPR	MIN_UNITS_PER_WORD	target-cumargs-select.cc	611
DIVERGENT-OPTION-STATE	EXPR	MIN_UNITS_PER_WORD	target-cumargs-select.cc	620
UNREADABLE-function-like	EXPR	MULTILIB_DEFAULTS	common/config/riscv/riscv-common.cc	2104
UNREADABLE-function-like	EXPR	MULTILIB_DEFAULTS	gcc.cc	10480
UNREADABLE-function-like	EXPR	MULTILIB_DEFAULTS	jit/jit-playback.cc	3560
DIVERGENT-BY-VALUE	EXPR	MULTIPLE_SYMBOL_SPACES	cp/decl2.cc	2752
DIVERGENT-BY-VALUE	EXPR	MULTIPLE_SYMBOL_SPACES	cp/decl2.cc	2795
DIVERGENT-BY-VALUE	EXPR	MULTIPLE_SYMBOL_SPACES	cp/decl2.cc	2797
DIVERGENT-BY-VALUE	EXPR	MULTIPLE_SYMBOL_SPACES	cp/decl.cc	20213
DIVERGENT-BY-VALUE	EXPR	MULTIPLE_SYMBOL_SPACES	cp/lex.cc	747
DIVERGENT-BY-VALUE	EXPR	MULTIPLE_SYMBOL_SPACES	cp/lex.cc	749
UNREADABLE-function-like	EXPR	NO_DOLLAR_IN_LABEL	collect2.cc	510
DIVERGENT-OPTION-STATE	EXPR	NO_FUNCTION_CSE	calls.cc	314
DIVERGENT-OPTION-STATE	EXPR	NO_FUNCTION_CSE	cse.cc	3227
DIVERGENT-OPTION-STATE	EXPR	NO_FUNCTION_CSE	postreload.cc	86
DIVERGENT-OPTION-STATE	EXPR	NO_FUNCTION_CSE	postreload.cc	88
UNREADABLE-function-like	EXPR	NO_PROFILE_COUNTERS	final.cc	1830
UNREADABLE-function-like	EXPR	OPTIMIZE_MODE_SWITCHING	mode-switching.cc	1292
UNREADABLE-function-like	EXPR	OPTIMIZE_MODE_SWITCHING	mode-switching.cc	1333
UNREADABLE-function-like	EXPR	OPTIMIZE_MODE_SWITCHING	mode-switching.cc	817
UNREADABLE-function-like	EXPR	OPTION_DEFAULT_SPECS	common/config/aarch64/aarch64-common.cc	828
UNREADABLE-function-like	EXPR	OPTION_DEFAULT_SPECS	common/config/riscv/riscv-common.cc	2123
UNREADABLE-function-like	EXPR	OPTION_DEFAULT_SPECS	gcc.cc	1465
UNREADABLE-function-like	EXPR	OPTION_DEFAULT_SPECS	jit/jit-playback.cc	3257
UNREADABLE-function-like	EXPR	OPTION_DEFAULT_SPECS	jit/jit-playback.cc	3260
UNREADABLE-function-like	EXPR	OPTION_DEFAULT_SPECS	jit/jit-playback.cc	3264
UNREADABLE-function-like	EXPR	OPTION_DEFAULT_SPECS	jit/jit-playback.cc	3298
UNREADABLE-function-like	EXPR	OPTION_GLIBC_P	common/config/i386/i386-common.cc	2085
UNREADABLE-function-like	EXPR	OPTION_GLIBC_P	common/config/s390/s390-common.cc	136
UNREADABLE-function-like	EXPR	OUTGOING_REGNO	cfgexpand.cc	4812
UNREADABLE-function-like	EXPR	OUTGOING_REGNO	cfgexpand.cc	4814
UNREADABLE-function-like	EXPR	OUTGOING_REGNO	cfgexpand.cc	4817
UNREADABLE-function-like	EXPR	OUTGOING_REGNO	cfgexpand.cc	4821
UNREADABLE-function-like	EXPR	OUTGOING_REGNO	cfgexpand.cc	4823
UNREADABLE-function-like	EXPR	OUTGOING_REGNO	var-tracking.cc	1219
UNREADABLE-function-like	EXPR	OUTGOING_REGNO	var-tracking.cc	9737
UNREADABLE-function-like	EXPR	OUTGOING_REGNO	var-tracking.cc	9742
UNREADABLE-function-like	EXPR	OUTGOING_REGNO	var-tracking.cc	9748
UNREADABLE-function-like	EXPR	OUTGOING_REGNO	var-tracking.cc	9764
UNREADABLE-function-like	EXPR	OUTGOING_REGNO	var-tracking.cc	9779
UNREADABLE-function-like	EXPR	OUTGOING_REGNO	var-tracking.cc	9783
UNREADABLE-function-like	EXPR	OVERRIDE_ABI_FORMAT	function.cc	4882
UNREADABLE-function-like	EXPR	OVERRIDE_ABI_FORMAT	target-cumargs.cc	164
UNREADABLE-function-like	EXPR	OVERRIDE_ABI_FORMAT	target-cumargs.cc	171
DIVERGENT-OPTION-STATE	EXPR	PCC_BITFIELD_TYPE_MATTERS	cp/class.cc	7235
DIVERGENT-OPTION-STATE	EXPR	PCC_BITFIELD_TYPE_MATTERS	cp/class.cc	7239
DIVERGENT-OPTION-STATE	EXPR	PCC_BITFIELD_TYPE_MATTERS	d/d-target.cc	601
DIVERGENT-OPTION-STATE	EXPR	PCC_BITFIELD_TYPE_MATTERS	dwarf2out.cc	20228
DIVERGENT-OPTION-STATE	EXPR	PCC_BITFIELD_TYPE_MATTERS	stor-layout.cc	1128
DIVERGENT-OPTION-STATE	EXPR	PCC_BITFIELD_TYPE_MATTERS	stor-layout.cc	1417
DIVERGENT-OPTION-STATE	EXPR	PCC_BITFIELD_TYPE_MATTERS	stor-layout.cc	727
DIVERGENT-OPTION-STATE	EXPR	PIC_OFFSET_TABLE_REG_CALL_CLOBBERED	df-scan.cc	3680
DIVERGENT-OPTION-STATE	EXPR	PIC_OFFSET_TABLE_REG_CALL_CLOBBERED	reginfo.cc	545
DIVERGENT-OPTION-STATE	EXPR	PIC_OFFSET_TABLE_REG_CALL_CLOBBERED	rtlanal.cc	232
DIVERGENT-OPTION-STATE	EXPR	PIC_OFFSET_TABLE_REG_CALL_CLOBBERED	rtlanal.cc	307
DIVERGENT-OPTION-STATE	EXPR	PIC_OFFSET_TABLE_REGNUM	builtins.cc	1244
DIVERGENT-OPTION-STATE	EXPR	PIC_OFFSET_TABLE_REGNUM	cfgexpand.cc	3350
DIVERGENT-OPTION-STATE	EXPR	PIC_OFFSET_TABLE_REGNUM	df-problems.cc	950
DIVERGENT-OPTION-STATE	EXPR	PIC_OFFSET_TABLE_REGNUM	df-scan.cc	3393
DIVERGENT-OPTION-STATE	EXPR	PIC_OFFSET_TABLE_REGNUM	df-scan.cc	3552
DIVERGENT-OPTION-STATE	EXPR	PIC_OFFSET_TABLE_REGNUM	df-scan.cc	3648
DIVERGENT-OPTION-STATE	EXPR	PIC_OFFSET_TABLE_REGNUM	emit-rtl.cc	6327
DIVERGENT-OPTION-STATE	EXPR	PIC_OFFSET_TABLE_REGNUM	emit-rtl.cc	829
DIVERGENT-OPTION-STATE	EXPR	PIC_OFFSET_TABLE_REGNUM	emit-rtl.cc	830
DIVERGENT-OPTION-STATE	EXPR	PIC_OFFSET_TABLE_REGNUM	emit-rtl.cc	831
DIVERGENT-OPTION-STATE	EXPR	PIC_OFFSET_TABLE_REGNUM	reginfo.cc	546
DIVERGENT-OPTION-STATE	EXPR	PIC_OFFSET_TABLE_REGNUM	sched-deps.cc	3548
DIVERGENT-OPTION-STATE	EXPR	PIC_OFFSET_TABLE_REGNUM	shrink-wrap.cc	709
DIVERGENT-OPTION-STATE	EXPR	PIC_OFFSET_TABLE_REGNUM	shrink-wrap.cc	711
DIVERGENT-OPTION-STATE	EXPR	PIC_OFFSET_TABLE_REGNUM	target-cdata.cc	50
UNREADABLE-function-like	EXPR	POINTERS_EXTEND_UNSIGNED	builtins.cc	5484
UNREADABLE-function-like	EXPR	POINTERS_EXTEND_UNSIGNED	except.cc	1344
UNREADABLE-function-like	EXPR	POINTERS_EXTEND_UNSIGNED	except.cc	2346
UNREADABLE-function-like	EXPR	POINTERS_EXTEND_UNSIGNED	explow.cc	370
UNREADABLE-function-like	EXPR	POINTERS_EXTEND_UNSIGNED	explow.cc	903
UNREADABLE-function-like	EXPR	POINTERS_EXTEND_UNSIGNED	expr.cc	10202
UNREADABLE-function-like	EXPR	POINTERS_EXTEND_UNSIGNED	expr.cc	2399
UNREADABLE-function-like	EXPR	POINTERS_EXTEND_UNSIGNED	rtlanal.cc	6826
UNREADABLE-function-like	EXPR	POINTERS_EXTEND_UNSIGNED	targhooks.cc	327
UNREADABLE-function-like	EXPR	POINTERS_EXTEND_UNSIGNED	tree-cfg.cc	3593
DIVERGENT-OPTION-STATE	EXPR	PREFERRED_DEBUGGING_TYPE	go/go-lang.cc	338
DIVERGENT-OPTION-STATE	EXPR	PREFERRED_DEBUGGING_TYPE	opts.cc	1456
DIVERGENT-OPTION-STATE	EXPR	PREFERRED_DEBUGGING_TYPE	opts.cc	3602
UNREADABLE-function-like	EXPR	PROMOTE_MODE	explow.cc	929
UNREADABLE-function-like	EXPR	PROMOTE_MODE	function.cc	5568
UNREADABLE-function-like	EXPR	PUSH_ROUNDING	calls.cc	1806
UNREADABLE-function-like	EXPR	PUSH_ROUNDING	calls.cc	2779
UNREADABLE-function-like	EXPR	PUSH_ROUNDING	calls.cc	5237
UNREADABLE-function-like	EXPR	PUSH_ROUNDING	combine-stack-adj.cc	842
UNREADABLE-function-like	EXPR	PUSH_ROUNDING	expr.cc	1662
UNREADABLE-function-like	EXPR	PUSH_ROUNDING	expr.cc	1969
UNREADABLE-function-like	EXPR	PUSH_ROUNDING	expr.cc	5012
UNREADABLE-function-like	EXPR	PUSH_ROUNDING	target-cumargs.cc	781
UNREADABLE-function-like	EXPR	PUSH_ROUNDING	target-cumargs.cc	858
UNREADABLE-function-like	EXPR	PUSH_ROUNDING	target-cumargs.cc	876
UNREADABLE-function-like	EXPR	PUSH_ROUNDING	target-cumargs-select.cc	531
UNREADABLE-function-like	EXPR	PUSH_ROUNDING	target-cumargs-select.cc	534
UNREADABLE-function-like	EXPR	PUSH_ROUNDING	targhooks.cc	913
UNREADABLE-function-like	EXPR	PUSH_ROUNDING	targhooks.cc	915
UNREADABLE-function-like	EXPR	REAL_PIC_OFFSET_TABLE_REGNUM	ira-lives.cc	1693
UNREADABLE-function-like	EXPR	REAL_PIC_OFFSET_TABLE_REGNUM	lra-lives.cc	1117
UNREADABLE-function-like	EXPR	RED_ZONE_SIZE	builtins.cc	5609
UNREADABLE-function-like	EXPR	RED_ZONE_SIZE	rtlanal.cc	550
UNREADABLE-function-like	EXPR	REG_ALLOC_ORDER	ira.cc	484
UNREADABLE-function-like	EXPR	REG_ALLOC_ORDER	ira-color.cc	2229
UNREADABLE-function-like	EXPR	REG_ALLOC_ORDER	ira-color.cc	5243
UNREADABLE-function-like	EXPR	REG_ALLOC_ORDER	recog.cc	3832
UNREADABLE-function-like	EXPR	REG_ALLOC_ORDER	reginfo.cc	297
UNREADABLE-function-like	EXPR	REG_ALLOC_ORDER	reginfo.cc	365
UNREADABLE-function-like	EXPR	REG_ALLOC_ORDER	reginfo.cc	373
UNREADABLE-function-like	EXPR	REG_ALLOC_ORDER	reload1.cc	1854
UNREADABLE-function-like	EXPR	REG_ALLOC_ORDER	reload1.cc	1913
UNREADABLE-function-like	EXPR	REG_ALLOC_ORDER	reload1.cc	1914
UNREADABLE-function-like	EXPR	REG_ALLOC_ORDER	target-regs.cc	129
UNREADABLE-function-like	EXPR	REG_ALLOC_ORDER	target-regs.cc	138
UNREADABLE-function-like	EXPR	REG_ALLOC_ORDER	target-regs.cc	145
DIVERGENT-OPTION-STATE	EXPR	REG_CLASS_CONTENTS	target-regs.cc	161
DIVERGENT-OPTION-STATE	EXPR	REG_CLASS_CONTENTS	target-regs.cc	167
DIVERGENT-OPTION-STATE	EXPR	REG_CLASS_CONTENTS	target-regs.cc	191
DIVERGENT-OPTION-STATE	EXPR	REG_CLASS_NAMES	reginfo.cc	127
DIVERGENT-OPTION-STATE	EXPR	REG_CLASS_NAMES	target-regs.cc	182
DIVERGENT-OPTION-STATE	EXPR	REGISTER_NAMES	reginfo.cc	100
DIVERGENT-OPTION-STATE	EXPR	REGISTER_NAMES	toplev.cc	2433
UNREADABLE-function-like	EXPR	REGISTER_TARGET_PRAGMAS	cp/tree.cc	7135
UNREADABLE-function-like	EXPR	REGISTER_TARGET_PRAGMAS	multi-target-select.cc	661
UNREADABLE-function-like	EXPR	REGISTER_TARGET_PRAGMAS	target-c-ops.cc	145
UNREADABLE-function-like	EXPR	REGISTER_TARGET_PRAGMAS	target-c-ops.cc	156
UNREADABLE-function-like	EXPR	REGISTER_TARGET_PRAGMAS	target-c-ops.cc	42
UNREADABLE-function-like	EXPR	REGMODE_NATURAL_SIZE	cfgexpand.cc	4228
UNREADABLE-function-like	EXPR	REGMODE_NATURAL_SIZE	combine.cc	2390
UNREADABLE-function-like	EXPR	REGMODE_NATURAL_SIZE	combine.cc	2391
UNREADABLE-function-like	EXPR	REGMODE_NATURAL_SIZE	emit-rtl.cc	1615
UNREADABLE-function-like	EXPR	REGMODE_NATURAL_SIZE	emit-rtl.cc	931
UNREADABLE-function-like	EXPR	REGMODE_NATURAL_SIZE	expmed.cc	553
UNREADABLE-function-like	EXPR	REGMODE_NATURAL_SIZE	expmed.cc	834
UNREADABLE-function-like	EXPR	REGMODE_NATURAL_SIZE	expr.cc	7585
UNREADABLE-function-like	EXPR	REGMODE_NATURAL_SIZE	ira-conflicts.cc	232
UNREADABLE-function-like	EXPR	REGMODE_NATURAL_SIZE	reginfo.cc	1427
UNREADABLE-function-like	EXPR	REGMODE_NATURAL_SIZE	rtlanal.cc	1418
UNREADABLE-function-like	EXPR	REGNO_OK_FOR_BASE_P	target-addr.cc	105
UNREADABLE-function-like	EXPR	REGNO_OK_FOR_BASE_P	target-addr.cc	130
UNREADABLE-function-like	EXPR	REGNO_OK_FOR_INDEX_P	ira-costs.cc	1136
UNREADABLE-function-like	EXPR	REGNO_OK_FOR_INDEX_P	target-addr.cc	139
UNREADABLE-function-like	EXPR	REGNO_OK_FOR_INSN_BASE_P	target-addr.cc	116
UNREADABLE-function-like	EXPR	REG_PARM_STACK_SPACE	calls.cc	1315
UNREADABLE-function-like	EXPR	REG_PARM_STACK_SPACE	calls.cc	1643
UNREADABLE-function-like	EXPR	REG_PARM_STACK_SPACE	calls.cc	174
UNREADABLE-function-like	EXPR	REG_PARM_STACK_SPACE	cse.cc	4263
UNREADABLE-function-like	EXPR	REG_PARM_STACK_SPACE	expr.cc	5302
UNREADABLE-function-like	EXPR	REG_PARM_STACK_SPACE	function.cc	1404
UNREADABLE-function-like	EXPR	REG_PARM_STACK_SPACE	function.cc	1405
UNREADABLE-function-like	EXPR	REG_PARM_STACK_SPACE	function.cc	2329
UNREADABLE-function-like	EXPR	REG_PARM_STACK_SPACE	function.cc	2331
UNREADABLE-function-like	EXPR	REG_PARM_STACK_SPACE	function.cc	2555
UNREADABLE-function-like	EXPR	REG_PARM_STACK_SPACE	function.cc	4023
UNREADABLE-function-like	EXPR	REG_PARM_STACK_SPACE	function.cc	4025
UNREADABLE-function-like	EXPR	REG_PARM_STACK_SPACE	target-cumargs.cc	734
UNREADABLE-function-like	EXPR	REG_PARM_STACK_SPACE	target-cumargs.cc	798
UNREADABLE-function-like	EXPR	REG_PARM_STACK_SPACE	target-cumargs.cc	825
UNREADABLE-function-like	EXPR	REG_PARM_STACK_SPACE	target-cumargs.cc	852
UNREADABLE-function-like	EXPR	REG_PARM_STACK_SPACE	target-cumargs-select.cc	507
DIVERGENT-OPTION-STATE	EXPR	RETURN_ADDR_IN_PREVIOUS_FRAME	builtins.cc	849
DIVERGENT-OPTION-STATE	EXPR	RETURN_ADDR_OFFSET	except.cc	2226
DIVERGENT-OPTION-STATE	EXPR	RETURN_ADDR_OFFSET	except.cc	2243
UNREADABLE-function-like	EXPR	RETURN_ADDR_RTX	builtins.cc	870
UNREADABLE-function-like	EXPR	REVERSE_CONDITION	jump.cc	374
UNREADABLE-function-like	EXPR	REVERSIBLE_CC_MODE	jump.cc	352
UNREADABLE-function-like	EXPR	REVERSIBLE_CC_MODE	jump.cc	373
UNREADABLE-function-like	EXPR	REVERSIBLE_CC_MODE	jump.cc	410
UNREADABLE-function-like	EXPR	SELECT_CC_MODE	ccmp.cc	309
UNREADABLE-function-like	EXPR	SELECT_CC_MODE	combine.cc	3210
UNREADABLE-function-like	EXPR	SELECT_CC_MODE	combine.cc	3218
UNREADABLE-function-like	EXPR	SELECT_CC_MODE	combine.cc	3265
UNREADABLE-function-like	EXPR	SELECT_CC_MODE	combine.cc	6943
UNREADABLE-function-like	EXPR	SELECT_CC_MODE	combine.cc	6972
UNREADABLE-function-like	EXPR	SELECT_CC_MODE	compare-elim.cc	49
UNREADABLE-function-like	EXPR	SELECT_CC_MODE	compare-elim.cc	528
UNREADABLE-function-like	EXPR	SELECT_CC_MODE	compare-elim.cc	539
UNREADABLE-function-like	EXPR	SELECT_CC_MODE	compare-elim.cc	542
UNREADABLE-function-like	EXPR	SETUP_FRAME_ADDRESSES	builtins.cc	843
UNREADABLE-function-like	EXPR	SETUP_FRAME_ADDRESSES	except.cc	2166
DIVERGENT-BY-VALUE	EXPR	SHORT_ACCUM_TYPE_SIZE	tree.cc	9564
DIVERGENT-BY-VALUE	EXPR	SHORT_ACCUM_TYPE_SIZE	tree.cc	9578
IDENTITY-BY-VALUE	EXPR	SHORT_FRACT_TYPE_SIZE	tree.cc	9527
IDENTITY-BY-VALUE	EXPR	SHORT_FRACT_TYPE_SIZE	tree.cc	9541
DIVERGENT-BY-VALUE	EXPR	SHORT_IMMEDIATES_SIGN_EXTEND	combine.cc	10284
DIVERGENT-BY-VALUE	EXPR	SHORT_IMMEDIATES_SIGN_EXTEND	combine.cc	1606
DIVERGENT-BY-VALUE	EXPR	SHORT_IMMEDIATES_SIGN_EXTEND	rtlanal.cc	4837
DIVERGENT-OPTION-STATE	EXPR	SHORT_TYPE_SIZE	ada/gcc-interface/targtyps.cc	67
DIVERGENT-OPTION-STATE	EXPR	SHORT_TYPE_SIZE	ada/gcc-interface/targtyps.cc	73
DIVERGENT-OPTION-STATE	EXPR	SHORT_TYPE_SIZE	d/d-target.cc	162
DIVERGENT-OPTION-STATE	EXPR	SHORT_TYPE_SIZE	fortran/trans-types.cc	936
DIVERGENT-OPTION-STATE	EXPR	SHORT_TYPE_SIZE	fortran/trans-types.cc	964
DIVERGENT-OPTION-STATE	EXPR	SHORT_TYPE_SIZE	fortran/trans-types.cc	983
DIVERGENT-OPTION-STATE	EXPR	SHORT_TYPE_SIZE	go/go-gcc.cc	976
DIVERGENT-OPTION-STATE	EXPR	SHORT_TYPE_SIZE	go/go-gcc.cc	991
DIVERGENT-OPTION-STATE	EXPR	SHORT_TYPE_SIZE	go/go-lang.cc	378
DIVERGENT-OPTION-STATE	EXPR	SHORT_TYPE_SIZE	go/go-lang.cc	393
DIVERGENT-OPTION-STATE	EXPR	SHORT_TYPE_SIZE	jit/jit-recording.cc	2615
DIVERGENT-OPTION-STATE	EXPR	SHORT_TYPE_SIZE	jit/jit-recording.cc	818
DIVERGENT-OPTION-STATE	EXPR	SHORT_TYPE_SIZE	m2/gm2-gcc/m2type.cc	1524
DIVERGENT-OPTION-STATE	EXPR	SHORT_TYPE_SIZE	m2/gm2-gcc/m2type.cc	1536
DIVERGENT-OPTION-STATE	EXPR	SHORT_TYPE_SIZE	m2/gm2-lang.cc	1410
DIVERGENT-OPTION-STATE	EXPR	SHORT_TYPE_SIZE	m2/gm2-lang.cc	1426
DIVERGENT-OPTION-STATE	EXPR	SHORT_TYPE_SIZE	rust/rust-gcc.cc	394
DIVERGENT-OPTION-STATE	EXPR	SHORT_TYPE_SIZE	rust/rust-gcc.cc	407
DIVERGENT-OPTION-STATE	EXPR	SHORT_TYPE_SIZE	stor-layout.cc	2933
DIVERGENT-OPTION-STATE	EXPR	SHORT_TYPE_SIZE	targhooks.cc	527
DIVERGENT-OPTION-STATE	EXPR	SHORT_TYPE_SIZE	toplev.cc	2185
DIVERGENT-OPTION-STATE	EXPR	SHORT_TYPE_SIZE	tree.cc	9500
DIVERGENT-OPTION-STATE	EXPR	SHORT_TYPE_SIZE	tree.cc	9701
DIVERGENT-OPTION-STATE	EXPR	SHORT_TYPE_SIZE	tree.cc	9702
DIVERGENT-OPTION-STATE	EXPR	SHORT_TYPE_SIZE	tree-pretty-print.cc	2392
DIVERGENT-OPTION-STATE	EXPR	SIG_ATOMIC_TYPE	c-family/c-common.cc	4834
DIVERGENT-OPTION-STATE	EXPR	SIG_ATOMIC_TYPE	c-family/c-common.cc	4836
DIVERGENT-OPTION-STATE	EXPR	SIG_ATOMIC_TYPE	c-family/c-common.cc	5663
DIVERGENT-OPTION-STATE	EXPR	SIG_ATOMIC_TYPE	c-family/c-common.cc	5664
DIVERGENT-OPTION-STATE	EXPR	SLOW_BYTE_ACCESS	dojump.cc	562
DIVERGENT-OPTION-STATE	EXPR	SLOW_BYTE_ACCESS	stor-layout.cc	3152
DIVERGENT-OPTION-STATE	EXPR	SLOW_BYTE_ACCESS	stor-layout.cc	3172
DIVERGENT-OPTION-STATE	EXPR	SLOW_BYTE_ACCESS	stor-layout.cc	3175
DIVERGENT-BY-VALUE	EXPR	STACK_CHECK_BUILTIN	opts.cc	3301
DIVERGENT-BY-VALUE	EXPR	STACK_CHECK_BUILTIN	opts.cc	3306
DIVERGENT-BY-VALUE	EXPR	STACK_CHECK_MOVING_SP	explow.cc	1595
DIVERGENT-BY-VALUE	EXPR	STACK_CHECK_MOVING_SP	explow.cc	1654
DIVERGENT-BY-VALUE	EXPR	STACK_CHECK_MOVING_SP	function.cc	5444
DIVERGENT-BY-VALUE	EXPR	STACK_CHECK_MOVING_SP	ira.cc	2550
DIVERGENT-OPTION-STATE	EXPR	STACK_CHECK_PROTECT	explow.cc	1417
DIVERGENT-OPTION-STATE	EXPR	STACK_CHECK_PROTECT	explow.cc	1427
DIVERGENT-BY-VALUE	EXPR	STACK_CHECK_STATIC_BUILTIN	opts.cc	3308
DIVERGENT-BY-VALUE	EXPR	STACK_GROWS_DOWNWARD	builtins.cc	1608
DIVERGENT-BY-VALUE	EXPR	STACK_GROWS_DOWNWARD	builtins.cc	1692
DIVERGENT-BY-VALUE	EXPR	STACK_GROWS_DOWNWARD	builtins.cc	1722
DIVERGENT-BY-VALUE	EXPR	STACK_GROWS_DOWNWARD	calls.cc	2122
DIVERGENT-BY-VALUE	EXPR	STACK_GROWS_DOWNWARD	calls.cc	3295
DIVERGENT-BY-VALUE	EXPR	STACK_GROWS_DOWNWARD	calls.cc	3715
DIVERGENT-BY-VALUE	EXPR	STACK_GROWS_DOWNWARD	calls.cc	5277
DIVERGENT-BY-VALUE	EXPR	STACK_GROWS_DOWNWARD	c-family/c-cppbuiltin.cc	1614
DIVERGENT-BY-VALUE	EXPR	STACK_GROWS_DOWNWARD	combine-stack-adj.cc	632
DIVERGENT-BY-VALUE	EXPR	STACK_GROWS_DOWNWARD	combine-stack-adj.cc	654
DIVERGENT-BY-VALUE	EXPR	STACK_GROWS_DOWNWARD	combine-stack-adj.cc	715
DIVERGENT-BY-VALUE	EXPR	STACK_GROWS_DOWNWARD	combine-stack-adj.cc	722
DIVERGENT-BY-VALUE	EXPR	STACK_GROWS_DOWNWARD	cselib.cc	2797
DIVERGENT-BY-VALUE	EXPR	STACK_GROWS_DOWNWARD	cselib.cc	2823
DIVERGENT-BY-VALUE	EXPR	STACK_GROWS_DOWNWARD	cselib.cc	3400
DIVERGENT-BY-VALUE	EXPR	STACK_GROWS_DOWNWARD	cselib.cc	3463
DIVERGENT-BY-VALUE	EXPR	STACK_GROWS_DOWNWARD	cselib.cc	3470
DIVERGENT-BY-VALUE	EXPR	STACK_GROWS_DOWNWARD	d/d-builtins.cc	463
DIVERGENT-BY-VALUE	EXPR	STACK_GROWS_DOWNWARD	dwarf2cfi.cc	1093
DIVERGENT-BY-VALUE	EXPR	STACK_GROWS_DOWNWARD	dwarf2cfi.cc	2640
DIVERGENT-BY-VALUE	EXPR	STACK_GROWS_DOWNWARD	explow.cc	1026
DIVERGENT-BY-VALUE	EXPR	STACK_GROWS_DOWNWARD	explow.cc	1623
DIVERGENT-BY-VALUE	EXPR	STACK_GROWS_DOWNWARD	explow.cc	1631
DIVERGENT-BY-VALUE	EXPR	STACK_GROWS_DOWNWARD	explow.cc	1666
DIVERGENT-BY-VALUE	EXPR	STACK_GROWS_DOWNWARD	explow.cc	1781
DIVERGENT-BY-VALUE	EXPR	STACK_GROWS_DOWNWARD	expr.cc	1260
DIVERGENT-BY-VALUE	EXPR	STACK_GROWS_DOWNWARD	expr.cc	4912
DIVERGENT-BY-VALUE	EXPR	STACK_GROWS_DOWNWARD	expr.cc	5127
DIVERGENT-BY-VALUE	EXPR	STACK_GROWS_DOWNWARD	expr.cc	5172
DIVERGENT-BY-VALUE	EXPR	STACK_GROWS_DOWNWARD	expr.cc	5179
DIVERGENT-BY-VALUE	EXPR	STACK_GROWS_DOWNWARD	expr.cc	5184
DIVERGENT-BY-VALUE	EXPR	STACK_GROWS_DOWNWARD	expr.cc	5193
DIVERGENT-BY-VALUE	EXPR	STACK_GROWS_DOWNWARD	expr.cc	5314
DIVERGENT-BY-VALUE	EXPR	STACK_GROWS_DOWNWARD	recog.cc	1855
DIVERGENT-BY-VALUE	EXPR	STACK_GROWS_DOWNWARD	sched-deps.cc	4988
DIVERGENT-BY-VALUE	EXPR	STACK_GROWS_DOWNWARD	toplev.cc	1691
DIVERGENT-OPTION-STATE	EXPR	STACK_POINTER_OFFSET	calls.cc	4576
DIVERGENT-OPTION-STATE	EXPR	STACK_POINTER_OFFSET	function.cc	1967
DIVERGENT-OPTION-STATE	EXPR	STACK_POINTER_OFFSET	function.cc	2726
DIVERGENT-OPTION-STATE	EXPR	STACK_POINTER_OFFSET	function.cc	2728
DIVERGENT-OPTION-STATE	EXPR	STACK_POINTER_OFFSET	function.cc	4201
DIVERGENT-OPTION-STATE	EXPR	STACK_POINTER_OFFSET	function.cc	4206
DIVERGENT-OPTION-STATE	EXPR	STACK_POINTER_OFFSET	rtlanal.cc	486
DIVERGENT-OPTION-STATE	EXPR	STACK_POINTER_OFFSET	rtlanal.cc	489
DIVERGENT-OPTION-STATE	EXPR	STACK_POINTER_OFFSET	target-cumargs.cc	761
DIVERGENT-OPTION-STATE	EXPR	STACK_POINTER_OFFSET	target-cumargs.cc	766
DIVERGENT-OPTION-STATE	EXPR	STACK_PUSH_CODE	expr.cc	5163
DIVERGENT-OPTION-STATE	EXPR	STACK_PUSH_CODE	expr.cc	5194
DIVERGENT-OPTION-STATE	EXPR	STACK_PUSH_CODE	expr.cc	5197
DIVERGENT-OPTION-STATE	EXPR	STACK_PUSH_CODE	expr.cc	5323
DIVERGENT-OPTION-STATE	EXPR	STACK_PUSH_CODE	recog.cc	1845
UNREADABLE-function-like	EXPR	STACK_REG_P	rtlanal.cc	716
UNREADABLE-function-like	EXPR	STACK_REG_P	target-regstack.cc	1099
UNREADABLE-function-like	EXPR	STACK_REG_P	target-regstack.cc	1173
UNREADABLE-function-like	EXPR	STACK_REG_P	target-regstack.cc	1212
UNREADABLE-function-like	EXPR	STACK_REG_P	target-regstack.cc	1427
UNREADABLE-function-like	EXPR	STACK_REG_P	target-regstack.cc	1428
UNREADABLE-function-like	EXPR	STACK_REG_P	target-regstack.cc	1453
UNREADABLE-function-like	EXPR	STACK_REG_P	target-regstack.cc	1462
UNREADABLE-function-like	EXPR	STACK_REG_P	target-regstack.cc	1486
UNREADABLE-function-like	EXPR	STACK_REG_P	target-regstack.cc	1524
UNREADABLE-function-like	EXPR	STACK_REG_P	target-regstack.cc	1558
UNREADABLE-function-like	EXPR	STACK_REG_P	target-regstack.cc	1583
UNREADABLE-function-like	EXPR	STACK_REG_P	target-regstack.cc	1649
UNREADABLE-function-like	EXPR	STACK_REG_P	target-regstack.cc	1650
UNREADABLE-function-like	EXPR	STACK_REG_P	target-regstack.cc	1693
UNREADABLE-function-like	EXPR	STACK_REG_P	target-regstack.cc	1723
UNREADABLE-function-like	EXPR	STACK_REG_P	target-regstack.cc	1727
UNREADABLE-function-like	EXPR	STACK_REG_P	target-regstack.cc	1735
UNREADABLE-function-like	EXPR	STACK_REG_P	target-regstack.cc	1770
UNREADABLE-function-like	EXPR	STACK_REG_P	target-regstack.cc	1772
UNREADABLE-function-like	EXPR	STACK_REG_P	target-regstack.cc	1863
UNREADABLE-function-like	EXPR	STACK_REG_P	target-regstack.cc	1923
UNREADABLE-function-like	EXPR	STACK_REG_P	target-regstack.cc	1948
UNREADABLE-function-like	EXPR	STACK_REG_P	target-regstack.cc	2014
UNREADABLE-function-like	EXPR	STACK_REG_P	target-regstack.cc	2036
UNREADABLE-function-like	EXPR	STACK_REG_P	target-regstack.cc	2139
UNREADABLE-function-like	EXPR	STACK_REG_P	target-regstack.cc	2141
UNREADABLE-function-like	EXPR	STACK_REG_P	target-regstack.cc	2255
UNREADABLE-function-like	EXPR	STACK_REG_P	target-regstack.cc	2288
UNREADABLE-function-like	EXPR	STACK_REG_P	target-regstack.cc	2302
UNREADABLE-function-like	EXPR	STACK_REG_P	target-regstack.cc	2342
UNREADABLE-function-like	EXPR	STACK_REG_P	target-regstack.cc	2374
UNREADABLE-function-like	EXPR	STACK_REG_P	target-regstack.cc	2408
UNREADABLE-function-like	EXPR	STACK_REG_P	target-regstack.cc	2425
UNREADABLE-function-like	EXPR	STACK_REG_P	target-regstack.cc	2440
UNREADABLE-function-like	EXPR	STACK_REG_P	target-regstack.cc	2566
UNREADABLE-function-like	EXPR	STACK_REG_P	target-regstack.cc	310
UNREADABLE-function-like	EXPR	STACK_REG_P	target-regstack.cc	461
UNREADABLE-function-like	EXPR	STACK_REG_P	target-regstack.cc	558
UNREADABLE-function-like	EXPR	STACK_REG_P	target-regstack.cc	575
UNREADABLE-function-like	EXPR	STACK_REG_P	target-regstack.cc	624
UNREADABLE-function-like	EXPR	STACK_REG_P	target-regstack.cc	683
UNREADABLE-function-like	EXPR	STACK_REG_P	target-regstack.cc	741
UNREADABLE-function-like	EXPR	STACK_REG_P	target-regstack.cc	757
UNREADABLE-function-like	EXPR	STACK_REG_P	target-regstack.cc	796
UNREADABLE-function-like	EXPR	STACK_REGS	multi-target-select.cc	888
UNREADABLE-function-like	EXPR	STACK_REGS	reg-stack.cc	23
UNREADABLE-function-like	EXPR	STACK_REGS	reg-stack.cc	79
UNREADABLE-function-like	EXPR	STACK_REGS	reg-stack.cc	80
UNREADABLE-function-like	EXPR	STACK_REGS	sel-sched.cc	1227
UNREADABLE-function-like	EXPR	STACK_REGS	target-regstack.cc	3480
UNREADABLE-function-like	EXPR	STACK_REGS	target-regstack.cc	3483
UNREADABLE-function-like	EXPR	STACK_REGS	target-regstack-select.cc	61
UNREADABLE-function-like	EXPR	STACK_REGS	target-regstack-select.cc	64
UNREADABLE-function-like	EXPR	STACK_SAVEAREA_MODE	builtins.cc	1203
UNREADABLE-function-like	EXPR	STACK_SAVEAREA_MODE	builtins.cc	1275
UNREADABLE-function-like	EXPR	STACK_SAVEAREA_MODE	builtins.cc	889
UNREADABLE-function-like	EXPR	STACK_SAVEAREA_MODE	builtins.cc	996
UNREADABLE-function-like	EXPR	STACK_SAVEAREA_MODE	explow.cc	1145
UNREADABLE-function-like	EXPR	STACK_SAVEAREA_MODE	explow.cc	1255
UNREADABLE-function-like	EXPR	STACK_SAVEAREA_MODE	tree-nested.cc	784
UNREADABLE-function-like	EXPR	STACK_SAVEAREA_MODE	tree-nested.cc	792
DIVERGENT-OPTION-STATE	EXPR	STACK_SIZE_MODE	explow.cc	1616
UNREADABLE-function-like	EXPR	STARTFILE_SPEC	gcc.cc	1165
UNREADABLE-function-like	EXPR	STARTFILE_SPEC	gcc.cc	618
UNREADABLE-function-like	EXPR	STARTFILE_SPEC	gcc.cc	927
DIVERGENT-BY-VALUE	EXPR	STORE_FLAG_VALUE	combine.cc	11020
DIVERGENT-BY-VALUE	EXPR	STORE_FLAG_VALUE	combine.cc	11022
DIVERGENT-BY-VALUE	EXPR	STORE_FLAG_VALUE	combine.cc	11023
DIVERGENT-BY-VALUE	EXPR	STORE_FLAG_VALUE	combine.cc	11027
DIVERGENT-BY-VALUE	EXPR	STORE_FLAG_VALUE	combine.cc	11036
DIVERGENT-BY-VALUE	EXPR	STORE_FLAG_VALUE	combine.cc	11100
DIVERGENT-BY-VALUE	EXPR	STORE_FLAG_VALUE	combine.cc	11109
DIVERGENT-BY-VALUE	EXPR	STORE_FLAG_VALUE	combine.cc	11243
DIVERGENT-BY-VALUE	EXPR	STORE_FLAG_VALUE	combine.cc	11245
DIVERGENT-BY-VALUE	EXPR	STORE_FLAG_VALUE	combine.cc	11248
DIVERGENT-BY-VALUE	EXPR	STORE_FLAG_VALUE	combine.cc	11260
DIVERGENT-BY-VALUE	EXPR	STORE_FLAG_VALUE	combine.cc	12272
DIVERGENT-BY-VALUE	EXPR	STORE_FLAG_VALUE	combine.cc	12407
DIVERGENT-BY-VALUE	EXPR	STORE_FLAG_VALUE	combine.cc	12814
DIVERGENT-BY-VALUE	EXPR	STORE_FLAG_VALUE	combine.cc	12825
DIVERGENT-BY-VALUE	EXPR	STORE_FLAG_VALUE	combine.cc	5141
DIVERGENT-BY-VALUE	EXPR	STORE_FLAG_VALUE	combine.cc	5143
DIVERGENT-BY-VALUE	EXPR	STORE_FLAG_VALUE	combine.cc	5865
DIVERGENT-BY-VALUE	EXPR	STORE_FLAG_VALUE	combine.cc	5878
DIVERGENT-BY-VALUE	EXPR	STORE_FLAG_VALUE	combine.cc	5880
DIVERGENT-BY-VALUE	EXPR	STORE_FLAG_VALUE	combine.cc	5888
DIVERGENT-BY-VALUE	EXPR	STORE_FLAG_VALUE	combine.cc	6080
DIVERGENT-BY-VALUE	EXPR	STORE_FLAG_VALUE	combine.cc	6082
DIVERGENT-BY-VALUE	EXPR	STORE_FLAG_VALUE	combine.cc	6259
DIVERGENT-BY-VALUE	EXPR	STORE_FLAG_VALUE	combine.cc	6279
DIVERGENT-BY-VALUE	EXPR	STORE_FLAG_VALUE	combine.cc	6288
DIVERGENT-BY-VALUE	EXPR	STORE_FLAG_VALUE	combine.cc	6302
DIVERGENT-BY-VALUE	EXPR	STORE_FLAG_VALUE	combine.cc	6315
DIVERGENT-BY-VALUE	EXPR	STORE_FLAG_VALUE	combine.cc	6327
DIVERGENT-BY-VALUE	EXPR	STORE_FLAG_VALUE	combine.cc	6332
DIVERGENT-BY-VALUE	EXPR	STORE_FLAG_VALUE	combine.cc	6341
DIVERGENT-BY-VALUE	EXPR	STORE_FLAG_VALUE	combine.cc	6354
DIVERGENT-BY-VALUE	EXPR	STORE_FLAG_VALUE	combine.cc	6369
DIVERGENT-BY-VALUE	EXPR	STORE_FLAG_VALUE	combine.cc	6380
DIVERGENT-BY-VALUE	EXPR	STORE_FLAG_VALUE	combine.cc	6383
DIVERGENT-BY-VALUE	EXPR	STORE_FLAG_VALUE	combine.cc	6388
DIVERGENT-BY-VALUE	EXPR	STORE_FLAG_VALUE	combine.cc	6675
DIVERGENT-BY-VALUE	EXPR	STORE_FLAG_VALUE	combine.cc	6677
DIVERGENT-BY-VALUE	EXPR	STORE_FLAG_VALUE	combine.cc	6680
DIVERGENT-BY-VALUE	EXPR	STORE_FLAG_VALUE	combine.cc	7378
DIVERGENT-BY-VALUE	EXPR	STORE_FLAG_VALUE	combine.cc	7385
DIVERGENT-BY-VALUE	EXPR	STORE_FLAG_VALUE	combine.cc	7394
DIVERGENT-BY-VALUE	EXPR	STORE_FLAG_VALUE	combine.cc	9232
DIVERGENT-BY-VALUE	EXPR	STORE_FLAG_VALUE	combine.cc	9233
DIVERGENT-BY-VALUE	EXPR	STORE_FLAG_VALUE	combine.cc	9234
DIVERGENT-BY-VALUE	EXPR	STORE_FLAG_VALUE	combine.cc	9239
DIVERGENT-BY-VALUE	EXPR	STORE_FLAG_VALUE	combine.cc	9366
DIVERGENT-BY-VALUE	EXPR	STORE_FLAG_VALUE	combine.cc	9368
DIVERGENT-BY-VALUE	EXPR	STORE_FLAG_VALUE	combine.cc	9404
DIVERGENT-BY-VALUE	EXPR	STORE_FLAG_VALUE	combine.cc	9469
DIVERGENT-BY-VALUE	EXPR	STORE_FLAG_VALUE	combine.cc	9473
DIVERGENT-BY-VALUE	EXPR	STORE_FLAG_VALUE	cse.cc	2990
DIVERGENT-BY-VALUE	EXPR	STORE_FLAG_VALUE	cse.cc	3000
DIVERGENT-BY-VALUE	EXPR	STORE_FLAG_VALUE	cse.cc	3010
DIVERGENT-BY-VALUE	EXPR	STORE_FLAG_VALUE	cse.cc	3065
DIVERGENT-BY-VALUE	EXPR	STORE_FLAG_VALUE	cse.cc	3068
DIVERGENT-BY-VALUE	EXPR	STORE_FLAG_VALUE	cse.cc	3072
DIVERGENT-BY-VALUE	EXPR	STORE_FLAG_VALUE	cse.cc	3088
DIVERGENT-BY-VALUE	EXPR	STORE_FLAG_VALUE	dwarf2out.cc	15565
DIVERGENT-BY-VALUE	EXPR	STORE_FLAG_VALUE	dwarf2out.cc	15567
DIVERGENT-BY-VALUE	EXPR	STORE_FLAG_VALUE	emit-rtl.cc	530
DIVERGENT-BY-VALUE	EXPR	STORE_FLAG_VALUE	emit-rtl.cc	6425
DIVERGENT-BY-VALUE	EXPR	STORE_FLAG_VALUE	emit-rtl.cc	6426
DIVERGENT-BY-VALUE	EXPR	STORE_FLAG_VALUE	emit-rtl.cc	6429
DIVERGENT-BY-VALUE	EXPR	STORE_FLAG_VALUE	explow.cc	61
DIVERGENT-BY-VALUE	EXPR	STORE_FLAG_VALUE	explow.cc	63
DIVERGENT-BY-VALUE	EXPR	STORE_FLAG_VALUE	expmed.cc	5713
DIVERGENT-BY-VALUE	EXPR	STORE_FLAG_VALUE	expmed.cc	5719
DIVERGENT-BY-VALUE	EXPR	STORE_FLAG_VALUE	expmed.cc	5721
DIVERGENT-BY-VALUE	EXPR	STORE_FLAG_VALUE	expmed.cc	5737
DIVERGENT-BY-VALUE	EXPR	STORE_FLAG_VALUE	expmed.cc	5739
DIVERGENT-BY-VALUE	EXPR	STORE_FLAG_VALUE	expmed.cc	5741
DIVERGENT-BY-VALUE	EXPR	STORE_FLAG_VALUE	expmed.cc	5744
DIVERGENT-BY-VALUE	EXPR	STORE_FLAG_VALUE	expmed.cc	5747
DIVERGENT-BY-VALUE	EXPR	STORE_FLAG_VALUE	expmed.cc	5753
DIVERGENT-BY-VALUE	EXPR	STORE_FLAG_VALUE	expmed.cc	5842
DIVERGENT-BY-VALUE	EXPR	STORE_FLAG_VALUE	expmed.cc	5843
DIVERGENT-BY-VALUE	EXPR	STORE_FLAG_VALUE	expmed.cc	5868
DIVERGENT-BY-VALUE	EXPR	STORE_FLAG_VALUE	expmed.cc	5871
DIVERGENT-BY-VALUE	EXPR	STORE_FLAG_VALUE	expmed.cc	5959
DIVERGENT-BY-VALUE	EXPR	STORE_FLAG_VALUE	expmed.cc	6012
DIVERGENT-BY-VALUE	EXPR	STORE_FLAG_VALUE	expmed.cc	6013
DIVERGENT-BY-VALUE	EXPR	STORE_FLAG_VALUE	expmed.cc	6021
DIVERGENT-BY-VALUE	EXPR	STORE_FLAG_VALUE	expmed.cc	6225
DIVERGENT-BY-VALUE	EXPR	STORE_FLAG_VALUE	expmed.cc	6226
DIVERGENT-BY-VALUE	EXPR	STORE_FLAG_VALUE	expmed.cc	6228
DIVERGENT-BY-VALUE	EXPR	STORE_FLAG_VALUE	expmed.cc	6241
DIVERGENT-BY-VALUE	EXPR	STORE_FLAG_VALUE	expmed.cc	6256
DIVERGENT-BY-VALUE	EXPR	STORE_FLAG_VALUE	expmed.cc	6257
DIVERGENT-BY-VALUE	EXPR	STORE_FLAG_VALUE	expmed.cc	6265
DIVERGENT-BY-VALUE	EXPR	STORE_FLAG_VALUE	ifcvt.cc	1440
DIVERGENT-BY-VALUE	EXPR	STORE_FLAG_VALUE	ifcvt.cc	1455
DIVERGENT-BY-VALUE	EXPR	STORE_FLAG_VALUE	ifcvt.cc	1460
DIVERGENT-BY-VALUE	EXPR	STORE_FLAG_VALUE	ifcvt.cc	1602
DIVERGENT-BY-VALUE	EXPR	STORE_FLAG_VALUE	ifcvt.cc	1761
DIVERGENT-BY-VALUE	EXPR	STORE_FLAG_VALUE	ifcvt.cc	1765
DIVERGENT-BY-VALUE	EXPR	STORE_FLAG_VALUE	ifcvt.cc	1770
DIVERGENT-BY-VALUE	EXPR	STORE_FLAG_VALUE	ifcvt.cc	1775
DIVERGENT-BY-VALUE	EXPR	STORE_FLAG_VALUE	ifcvt.cc	1788
DIVERGENT-BY-VALUE	EXPR	STORE_FLAG_VALUE	ifcvt.cc	1800
DIVERGENT-BY-VALUE	EXPR	STORE_FLAG_VALUE	ifcvt.cc	1807
DIVERGENT-BY-VALUE	EXPR	STORE_FLAG_VALUE	ifcvt.cc	1811
DIVERGENT-BY-VALUE	EXPR	STORE_FLAG_VALUE	ifcvt.cc	1818
DIVERGENT-BY-VALUE	EXPR	STORE_FLAG_VALUE	ifcvt.cc	1822
DIVERGENT-BY-VALUE	EXPR	STORE_FLAG_VALUE	ifcvt.cc	1855
DIVERGENT-BY-VALUE	EXPR	STORE_FLAG_VALUE	ifcvt.cc	1937
DIVERGENT-BY-VALUE	EXPR	STORE_FLAG_VALUE	ifcvt.cc	1943
DIVERGENT-BY-VALUE	EXPR	STORE_FLAG_VALUE	ifcvt.cc	1971
DIVERGENT-BY-VALUE	EXPR	STORE_FLAG_VALUE	ifcvt.cc	2061
DIVERGENT-BY-VALUE	EXPR	STORE_FLAG_VALUE	ifcvt.cc	2063
DIVERGENT-BY-VALUE	EXPR	STORE_FLAG_VALUE	ifcvt.cc	874
DIVERGENT-BY-VALUE	EXPR	STORE_FLAG_VALUE	optabs.cc	2027
DIVERGENT-BY-VALUE	EXPR	STORE_FLAG_VALUE	rtlanal.cc	4963
DIVERGENT-BY-VALUE	EXPR	STORE_FLAG_VALUE	rtlanal.cc	5742
DIVERGENT-BY-VALUE	EXPR	STORE_FLAG_VALUE	rtlanal.cc	5917
DIVERGENT-BY-VALUE	EXPR	STORE_FLAG_VALUE	rtlanal.cc	5991
DIVERGENT-BY-VALUE	EXPR	STORE_FLAG_VALUE	rtlanal.cc	6004
DIVERGENT-BY-VALUE	EXPR	STORE_FLAG_VALUE	simplify-rtx.cc	1014
DIVERGENT-BY-VALUE	EXPR	STORE_FLAG_VALUE	simplify-rtx.cc	1016
DIVERGENT-BY-VALUE	EXPR	STORE_FLAG_VALUE	simplify-rtx.cc	1184
DIVERGENT-BY-VALUE	EXPR	STORE_FLAG_VALUE	simplify-rtx.cc	1185
DIVERGENT-BY-VALUE	EXPR	STORE_FLAG_VALUE	simplify-rtx.cc	1192
DIVERGENT-BY-VALUE	EXPR	STORE_FLAG_VALUE	simplify-rtx.cc	1203
DIVERGENT-BY-VALUE	EXPR	STORE_FLAG_VALUE	simplify-rtx.cc	1273
DIVERGENT-BY-VALUE	EXPR	STORE_FLAG_VALUE	simplify-rtx.cc	1278
DIVERGENT-BY-VALUE	EXPR	STORE_FLAG_VALUE	simplify-rtx.cc	3417
DIVERGENT-BY-VALUE	EXPR	STORE_FLAG_VALUE	simplify-rtx.cc	3420
DIVERGENT-BY-VALUE	EXPR	STORE_FLAG_VALUE	simplify-rtx.cc	3421
DIVERGENT-BY-VALUE	EXPR	STORE_FLAG_VALUE	simplify-rtx.cc	3631
DIVERGENT-BY-VALUE	EXPR	STORE_FLAG_VALUE	simplify-rtx.cc	3633
DIVERGENT-BY-VALUE	EXPR	STORE_FLAG_VALUE	simplify-rtx.cc	4238
DIVERGENT-BY-VALUE	EXPR	STORE_FLAG_VALUE	simplify-rtx.cc	4239
DIVERGENT-BY-VALUE	EXPR	STORE_FLAG_VALUE	simplify-rtx.cc	4247
DIVERGENT-BY-VALUE	EXPR	STORE_FLAG_VALUE	simplify-rtx.cc	4250
DIVERGENT-BY-VALUE	EXPR	STORE_FLAG_VALUE	simplify-rtx.cc	4258
DIVERGENT-BY-VALUE	EXPR	STORE_FLAG_VALUE	simplify-rtx.cc	4260
DIVERGENT-BY-VALUE	EXPR	STORE_FLAG_VALUE	simplify-rtx.cc	5001
DIVERGENT-BY-VALUE	EXPR	STORE_FLAG_VALUE	simplify-rtx.cc	6828
DIVERGENT-BY-VALUE	EXPR	STORE_FLAG_VALUE	simplify-rtx.cc	6989
DIVERGENT-BY-VALUE	EXPR	STORE_FLAG_VALUE	simplify-rtx.cc	7009
DIVERGENT-BY-VALUE	EXPR	STORE_FLAG_VALUE	simplify-rtx.cc	7010
DIVERGENT-BY-VALUE	EXPR	STORE_FLAG_VALUE	simplify-rtx.cc	7011
DIVERGENT-BY-VALUE	EXPR	STORE_FLAG_VALUE	simplify-rtx.cc	7017
DIVERGENT-BY-VALUE	EXPR	STORE_FLAG_VALUE	simplify-rtx.cc	7019
DIVERGENT-BY-VALUE	EXPR	STORE_FLAG_VALUE	simplify-rtx.cc	7021
DIVERGENT-BY-VALUE	EXPR	STORE_FLAG_VALUE	simplify-rtx.cc	7023
DIVERGENT-BY-VALUE	EXPR	STORE_FLAG_VALUE	simplify-rtx.cc	7757
DIVERGENT-BY-VALUE	EXPR	STORE_FLAG_VALUE	simplify-rtx.cc	7759
DIVERGENT-BY-VALUE	EXPR	STORE_FLAG_VALUE	simplify-rtx.cc	8136
DIVERGENT-BY-VALUE	EXPR	STORE_FLAG_VALUE	simplify-rtx.cc	944
DIVERGENT-BY-VALUE	EXPR	STORE_FLAG_VALUE	simplify-rtx.cc	958
DIVERGENT-BY-VALUE	EXPR	STORE_FLAG_VALUE	stor-layout.cc	3275
DIVERGENT-BY-VALUE	EXPR	STORE_FLAG_VALUE	stor-layout.cc	3278
DIVERGENT-BY-VALUE	EXPR	STORE_FLAG_VALUE	stor-layout.cc	3280
DIVERGENT-BY-VALUE	EXPR	STORE_FLAG_VALUE	stor-layout.cc	3286
UNREADABLE-function-like	EXPR	STRING_ASM_OP	varasm.cc	8737
UNREADABLE-function-like	EXPR	STRING_ASM_OP	varasm.cc	8839
UNREADABLE-function-like	EXPR	SUBALIGN_LOG	toplev.cc	1272
UNREADABLE-function-like	EXPR	SUBALIGN_LOG	toplev.cc	1274
UNREADABLE-function-like	EXPR	SUBALIGN_LOG	toplev.cc	1280
DIVERGENT-BY-VALUE	EXPR	SUPPORTS_INIT_PRIORITY	c-family/c-attribs.cc	2272
DIVERGENT-BY-VALUE	EXPR	SUPPORTS_INIT_PRIORITY	c-family/c-lex.cc	460
DIVERGENT-BY-VALUE	EXPR	SUPPORTS_INIT_PRIORITY	coverage.cc	1093
DIVERGENT-BY-VALUE	EXPR	SUPPORTS_INIT_PRIORITY	coverage.cc	1116
DIVERGENT-BY-VALUE	EXPR	SUPPORTS_INIT_PRIORITY	cp/tree.cc	5708
DIVERGENT-BY-VALUE	EXPR	SUPPORTS_ONE_ONLY	c-family/c-cppbuiltin.cc	954
DIVERGENT-BY-VALUE	EXPR	SUPPORTS_ONE_ONLY	cp/decl.cc	21406
DIVERGENT-BY-VALUE	EXPR	SUPPORTS_ONE_ONLY	dwarf2asm.cc	933
DIVERGENT-BY-VALUE	EXPR	SUPPORTS_ONE_ONLY	varasm.cc	6936
DIVERGENT-BY-VALUE	EXPR	SUPPORTS_ONE_ONLY	varasm.cc	6959
DIVERGENT-OPTION-STATE	EXPR	SUPPORTS_SHF_GNU_RETAIN	c-family/c-attribs.cc	2017
DIVERGENT-BY-VALUE	EXPR	SUPPORTS_WEAK	ada/gcc-interface/utils.cc	3422
DIVERGENT-BY-VALUE	EXPR	SUPPORTS_WEAK	c-family/c-opts.cc	1228
DIVERGENT-BY-VALUE	EXPR	SUPPORTS_WEAK	c-family/c-pragma.cc	266
UNREADABLE-function-like	EXPR	TARGET_64BIT	ada/gcc-interface/decl.cc	64
UNREADABLE-function-like	EXPR	TARGET_64BIT	ada/gcc-interface/targtyps.cc	227
UNREADABLE-function-like	EXPR	TARGET_64BIT	collect2.cc	37
UNREADABLE-function-like	EXPR	TARGET_64BIT	common/config/i386/i386-common.cc	2123
UNREADABLE-function-like	EXPR	TARGET_64BIT	common/config/rs6000/rs6000-common.cc	252
UNREADABLE-function-like	EXPR	TARGET_64BIT	dwarf2codeview.cc	2111
UNREADABLE-function-like	EXPR	TARGET_64BIT	dwarf2codeview.cc	2498
UNREADABLE-function-like	EXPR	TARGET_64BIT	dwarf2codeview.cc	6848
UNREADABLE-function-like	EXPR	TARGET_64BIT_MS_ABI	target-cumargs.cc	181
UNREADABLE-function-like	EXPR	TARGET_64BIT	target-cumargs-select.cc	315
UNREADABLE-function-like	EXPR	TARGET_64BIT	target-cumargs-select.cc	351
UNREADABLE-function-like	EXPR	TARGET_64BIT	target-regstack.cc	3456
UNREADABLE-function-like	EXPR	TARGET_ASM_FILE_END	btfout.cc	1769
UNREADABLE-function-like	EXPR	TARGET_ASM_FILE_END	varasm.cc	2744
UNREADABLE-function-like	EXPR	TARGET_ASM_FILE_END	varasm.cc	8209
UNREADABLE-function-like	EXPR	TARGET_ASM_OUTPUT_IDENT	varasm.cc	9023
UNREADABLE-function-like	EXPR	TARGET_ASM_RECORD_GCC_SWITCHES	varasm.cc	8622
UNREADABLE-function-like	EXPR	TARGET_ASM_SELECT_SECTION	varasm.cc	7194
DIVERGENT-BY-VALUE	EXPR	TARGET_CLONES_ATTR_SEPARATOR	attribs.cc	1121
DIVERGENT-BY-VALUE	EXPR	TARGET_CLONES_ATTR_SEPARATOR	attribs.cc	1123
DIVERGENT-BY-VALUE	EXPR	TARGET_CLONES_ATTR_SEPARATOR	attribs.cc	1158
DIVERGENT-BY-VALUE	EXPR	TARGET_CLONES_ATTR_SEPARATOR	multiple_target.cc	261
UNREADABLE-function-like	EXPR	TARGET_CMOV	common/config/nds32/nds32-common.cc	136
UNREADABLE-function-like	EXPR	TARGET_CPU_CPP_BUILTINS	c-family/c-cppbuiltin.cc	1729
UNREADABLE-function-like	EXPR	TARGET_CPU_CPP_BUILTINS	fortran/cpp.cc	200
UNREADABLE-function-like	EXPR	TARGET_CPU_CPP_BUILTINS	multi-target-select.cc	660
UNREADABLE-function-like	EXPR	TARGET_CPU_CPP_BUILTINS	target-c-ops.cc	113
UNREADABLE-function-like	EXPR	TARGET_CPU_CPP_BUILTINS	target-c-ops.cc	137
UNREADABLE-function-like	EXPR	TARGET_CPU_CPP_BUILTINS	target-c-ops.cc	73
UNREADABLE-function-like	EXPR	TARGET_CPU_CPP_BUILTINS	target-c-ops-select.cc	50
UNREADABLE-function-like	EXPR	TARGET_CPU_DEFAULT	common/config/mips/mips-common.cc	111
UNREADABLE-function-like	EXPR	TARGET_CPU_DEFAULT	common/config/nds32/nds32-common.cc	123
UNREADABLE-function-like	EXPR	TARGET_CPU_DEFAULT	common/config/nds32/nds32-common.cc	125
UNREADABLE-function-like	EXPR	TARGET_CPU_DEFAULT	common/config/nds32/nds32-common.cc	139
UNREADABLE-function-like	EXPR	TARGET_DEFAULT	common/config/alpha/alpha-common.cc	93
UNREADABLE-function-like	EXPR	TARGET_DEFAULT	common/config/i386/i386-common.cc	2137
UNREADABLE-function-like	EXPR	TARGET_DEFAULT	common/config/mips/mips-common.cc	110
DIVERGENT-BY-VALUE	EXPR	TARGET_DLLIMPORT_DECL_ATTRIBUTES	attribs.cc	2082
DIVERGENT-BY-VALUE	EXPR	TARGET_DLLIMPORT_DECL_ATTRIBUTES	c-family/c-attribs.cc	3679
DIVERGENT-BY-VALUE	EXPR	TARGET_DLLIMPORT_DECL_ATTRIBUTES	c-family/c-attribs.cc	3683
DIVERGENT-BY-VALUE	EXPR	TARGET_DLLIMPORT_DECL_ATTRIBUTES	c-family/c-common.cc	5829
DIVERGENT-BY-VALUE	EXPR	TARGET_DLLIMPORT_DECL_ATTRIBUTES	d/d-attribs.cc	1656
DIVERGENT-BY-VALUE	EXPR	TARGET_DLLIMPORT_DECL_ATTRIBUTES	d/d-attribs.cc	1660
DIVERGENT-BY-VALUE	EXPR	TARGET_DLLIMPORT_DECL_ATTRIBUTES	d/decl.cc	2665
DIVERGENT-BY-VALUE	EXPR	TARGET_DLLIMPORT_DECL_ATTRIBUTES	ipa-visibility.cc	223
DIVERGENT-BY-VALUE	EXPR	TARGET_DLLIMPORT_DECL_ATTRIBUTES	ipa-visibility.cc	296
DIVERGENT-BY-VALUE	EXPR	TARGET_DLLIMPORT_DECL_ATTRIBUTES	jit/dummy-frontend.cc	660
DIVERGENT-BY-VALUE	EXPR	TARGET_DLLIMPORT_DECL_ATTRIBUTES	jit/dummy-frontend.cc	664
DIVERGENT-BY-VALUE	EXPR	TARGET_FHARDENED_SUPPORTED	toplev.cc	1682
UNREADABLE-function-like	EXPR	TARGET_FPMATH_DEFAULT	ada/gcc-interface/misc.cc	1251
DIVERGENT-BY-VALUE	EXPR	TARGET_HAS_FMV_TARGET_ATTRIBUTE	ada/gcc-interface/utils.cc	150
DIVERGENT-BY-VALUE	EXPR	TARGET_HAS_FMV_TARGET_ATTRIBUTE	ada/gcc-interface/utils.cc	151
DIVERGENT-BY-VALUE	EXPR	TARGET_HAS_FMV_TARGET_ATTRIBUTE	ada/gcc-interface/utils.cc	158
DIVERGENT-BY-VALUE	EXPR	TARGET_HAS_FMV_TARGET_ATTRIBUTE	ada/gcc-interface/utils.cc	159
DIVERGENT-BY-VALUE	EXPR	TARGET_HAS_FMV_TARGET_ATTRIBUTE	attribs.cc	1095
DIVERGENT-BY-VALUE	EXPR	TARGET_HAS_FMV_TARGET_ATTRIBUTE	attribs.cc	1233
DIVERGENT-BY-VALUE	EXPR	TARGET_HAS_FMV_TARGET_ATTRIBUTE	attribs.cc	1235
DIVERGENT-BY-VALUE	EXPR	TARGET_HAS_FMV_TARGET_ATTRIBUTE	attribs.cc	1237
DIVERGENT-BY-VALUE	EXPR	TARGET_HAS_FMV_TARGET_ATTRIBUTE	attribs.cc	1269
DIVERGENT-BY-VALUE	EXPR	TARGET_HAS_FMV_TARGET_ATTRIBUTE	c/c-decl.cc	11011
DIVERGENT-BY-VALUE	EXPR	TARGET_HAS_FMV_TARGET_ATTRIBUTE	c/c-decl.cc	2581
DIVERGENT-BY-VALUE	EXPR	TARGET_HAS_FMV_TARGET_ATTRIBUTE	c/c-decl.cc	3459
DIVERGENT-BY-VALUE	EXPR	TARGET_HAS_FMV_TARGET_ATTRIBUTE	c/c-decl.cc	5946
DIVERGENT-BY-VALUE	EXPR	TARGET_HAS_FMV_TARGET_ATTRIBUTE	c-family/c-attribs.cc	247
DIVERGENT-BY-VALUE	EXPR	TARGET_HAS_FMV_TARGET_ATTRIBUTE	c-family/c-attribs.cc	248
DIVERGENT-BY-VALUE	EXPR	TARGET_HAS_FMV_TARGET_ATTRIBUTE	c-family/c-attribs.cc	255
DIVERGENT-BY-VALUE	EXPR	TARGET_HAS_FMV_TARGET_ATTRIBUTE	c-family/c-attribs.cc	256
DIVERGENT-BY-VALUE	EXPR	TARGET_HAS_FMV_TARGET_ATTRIBUTE	c-family/c-attribs.cc	6600
DIVERGENT-BY-VALUE	EXPR	TARGET_HAS_FMV_TARGET_ATTRIBUTE	c-family/c-attribs.cc	6602
DIVERGENT-BY-VALUE	EXPR	TARGET_HAS_FMV_TARGET_ATTRIBUTE	c-family/c-pretty-print.cc	3057
DIVERGENT-BY-VALUE	EXPR	TARGET_HAS_FMV_TARGET_ATTRIBUTE	c-family/c-pretty-print.cc	3090
DIVERGENT-BY-VALUE	EXPR	TARGET_HAS_FMV_TARGET_ATTRIBUTE	cp/call.cc	6952
DIVERGENT-BY-VALUE	EXPR	TARGET_HAS_FMV_TARGET_ATTRIBUTE	cp/class.cc	9039
DIVERGENT-BY-VALUE	EXPR	TARGET_HAS_FMV_TARGET_ATTRIBUTE	cp/class.cc	9271
DIVERGENT-BY-VALUE	EXPR	TARGET_HAS_FMV_TARGET_ATTRIBUTE	cp/cp-gimplify.cc	2465
DIVERGENT-BY-VALUE	EXPR	TARGET_HAS_FMV_TARGET_ATTRIBUTE	cp/decl2.cc	2252
DIVERGENT-BY-VALUE	EXPR	TARGET_HAS_FMV_TARGET_ATTRIBUTE	cp/decl.cc	2349
DIVERGENT-BY-VALUE	EXPR	TARGET_HAS_FMV_TARGET_ATTRIBUTE	cp/typeck.cc	4677
DIVERGENT-BY-VALUE	EXPR	TARGET_HAS_FMV_TARGET_ATTRIBUTE	d/d-attribs.cc	132
DIVERGENT-BY-VALUE	EXPR	TARGET_HAS_FMV_TARGET_ATTRIBUTE	d/d-attribs.cc	133
DIVERGENT-BY-VALUE	EXPR	TARGET_HAS_FMV_TARGET_ATTRIBUTE	d/d-attribs.cc	140
DIVERGENT-BY-VALUE	EXPR	TARGET_HAS_FMV_TARGET_ATTRIBUTE	d/d-attribs.cc	141
DIVERGENT-BY-VALUE	EXPR	TARGET_HAS_FMV_TARGET_ATTRIBUTE	jit/dummy-frontend.cc	141
DIVERGENT-BY-VALUE	EXPR	TARGET_HAS_FMV_TARGET_ATTRIBUTE	jit/dummy-frontend.cc	142
DIVERGENT-BY-VALUE	EXPR	TARGET_HAS_FMV_TARGET_ATTRIBUTE	multiple_target.cc	108
DIVERGENT-BY-VALUE	EXPR	TARGET_HAS_FMV_TARGET_ATTRIBUTE	multiple_target.cc	133
DIVERGENT-BY-VALUE	EXPR	TARGET_HAS_FMV_TARGET_ATTRIBUTE	multiple_target.cc	273
DIVERGENT-BY-VALUE	EXPR	TARGET_HAS_FMV_TARGET_ATTRIBUTE	multiple_target.cc	280
DIVERGENT-BY-VALUE	EXPR	TARGET_HAS_FMV_TARGET_ATTRIBUTE	multiple_target.cc	289
DIVERGENT-BY-VALUE	EXPR	TARGET_HAS_FMV_TARGET_ATTRIBUTE	multiple_target.cc	324
DIVERGENT-BY-VALUE	EXPR	TARGET_HAS_FMV_TARGET_ATTRIBUTE	multiple_target.cc	340
DIVERGENT-BY-VALUE	EXPR	TARGET_HAS_FMV_TARGET_ATTRIBUTE	multiple_target.cc	378
DIVERGENT-BY-VALUE	EXPR	TARGET_HAS_FMV_TARGET_ATTRIBUTE	multiple_target.cc	532
DIVERGENT-BY-VALUE	EXPR	TARGET_HAS_FMV_TARGET_ATTRIBUTE	multiple_target.cc	555
DIVERGENT-BY-VALUE	EXPR	TARGET_HAS_FMV_TARGET_ATTRIBUTE	multiple_target.cc	586
DIVERGENT-BY-VALUE	EXPR	TARGET_HAS_FMV_TARGET_ATTRIBUTE	multiple_target.cc	596
DIVERGENT-BY-VALUE	EXPR	TARGET_HAS_FMV_TARGET_ATTRIBUTE	tree.cc	15625
DIVERGENT-BY-VALUE	EXPR	TARGET_HAS_FMV_TARGET_ATTRIBUTE	tree.cc	15651
DIVERGENT-BY-VALUE	EXPR	TARGET_HAS_FMV_TARGET_ATTRIBUTE	tree.cc	15729
DIVERGENT-BY-VALUE	EXPR	TARGET_HAS_FMV_TARGET_ATTRIBUTE	tree.cc	15772
DIVERGENT-BY-VALUE	EXPR	TARGET_LIBC_PROVIDES_SSP	gcc.cc	983
DIVERGENT-OPTION-STATE	EXPR	TARGET_LIB_INT_CMP_BIASED	optabs.cc	4796
UNREADABLE-function-like	EXPR	TARGET_MACHO	common/config/i386/i386-common.cc	2068
UNREADABLE-function-like	EXPR	TARGET_MACHO	common/config/rs6000/rs6000-common.cc	65
DIVERGENT-OPTION-STATE	EXPR	TARGET_MEM_CONSTRAINT	reload.cc	4636
UNREADABLE-function-like	EXPR	TARGET_MS_BITFIELD_LAYOUT_P	stor-layout.cc	1506
UNREADABLE-function-like	EXPR	TARGET_OBJFMT_CPP_BUILTINS	c-family/c-cppbuiltin.cc	1741
UNREADABLE-function-like	EXPR	TARGET_OBJFMT_CPP_BUILTINS	fortran/cpp.cc	202
UNREADABLE-function-like	EXPR	TARGET_OS_CPP_BUILTINS	c-family/c-cppbuiltin.cc	1740
UNREADABLE-function-like	EXPR	TARGET_OS_CPP_BUILTINS	fortran/cpp.cc	201
DIVERGENT-OPTION-STATE	EXPR	TARGET_PTRMEMFUNC_VBIT_LOCATION	builtins.cc	259
DIVERGENT-OPTION-STATE	EXPR	TARGET_PTRMEMFUNC_VBIT_LOCATION	builtins.cc	262
DIVERGENT-OPTION-STATE	EXPR	TARGET_PTRMEMFUNC_VBIT_LOCATION	cp/typeck.cc	10587
DIVERGENT-OPTION-STATE	EXPR	TARGET_PTRMEMFUNC_VBIT_LOCATION	cp/typeck.cc	10669
DIVERGENT-OPTION-STATE	EXPR	TARGET_PTRMEMFUNC_VBIT_LOCATION	cp/typeck.cc	4470
DIVERGENT-OPTION-STATE	EXPR	TARGET_PTRMEMFUNC_VBIT_LOCATION	cp/typeck.cc	6229
DIVERGENT-OPTION-STATE	EXPR	TARGET_PTRMEMFUNC_VBIT_LOCATION	cp/typeck.cc	6317
DIVERGENT-OPTION-STATE	EXPR	TARGET_PTRMEMFUNC_VBIT_LOCATION	ipa-prop.cc	2901
DIVERGENT-OPTION-STATE	EXPR	TARGET_PTRMEMFUNC_VBIT_LOCATION	ipa-prop.cc	3103
UNREADABLE-function-like	EXPR	TARGET_SUBTARGET_DEFAULT	common/config/i386/i386-common.cc	2138
DIVERGENT-BY-VALUE	EXPR	TARGET_SUPPORTS_WIDE_INT	cse.cc	2384
DIVERGENT-BY-VALUE	EXPR	TARGET_SUPPORTS_WIDE_INT	cselib.cc	1466
DIVERGENT-BY-VALUE	EXPR	TARGET_SUPPORTS_WIDE_INT	dwarf2out.cc	16994
DIVERGENT-BY-VALUE	EXPR	TARGET_SUPPORTS_WIDE_INT	dwarf2out.cc	16996
DIVERGENT-BY-VALUE	EXPR	TARGET_SUPPORTS_WIDE_INT	dwarf2out.cc	20697
DIVERGENT-BY-VALUE	EXPR	TARGET_SUPPORTS_WIDE_INT	emit-rtl.cc	298
DIVERGENT-BY-VALUE	EXPR	TARGET_SUPPORTS_WIDE_INT	emit-rtl.cc	318
DIVERGENT-BY-VALUE	EXPR	TARGET_SUPPORTS_WIDE_INT	emit-rtl.cc	651
DIVERGENT-BY-VALUE	EXPR	TARGET_SUPPORTS_WIDE_INT	emit-rtl.cc	652
DIVERGENT-BY-VALUE	EXPR	TARGET_SUPPORTS_WIDE_INT	expmed.cc	5539
DIVERGENT-BY-VALUE	EXPR	TARGET_SUPPORTS_WIDE_INT	varasm.cc	4115
UNREADABLE-function-like	EXPR	TARGET_TLS_DIRECT_SEG_REFS_DEFAULT	common/config/i386/i386-common.cc	2139
DIVERGENT-BY-VALUE	EXPR	TARGET_VTABLE_DATA_ENTRY_DISTANCE	cp/class.cc	10576
DIVERGENT-BY-VALUE	EXPR	TARGET_VTABLE_DATA_ENTRY_DISTANCE	cp/class.cc	10595
DIVERGENT-BY-VALUE	EXPR	TARGET_VTABLE_DATA_ENTRY_DISTANCE	cp/class.cc	10599
DIVERGENT-BY-VALUE	EXPR	TARGET_VTABLE_DATA_ENTRY_DISTANCE	cp/class.cc	10610
DIVERGENT-BY-VALUE	EXPR	TARGET_VTABLE_DATA_ENTRY_DISTANCE	cp/class.cc	10611
DIVERGENT-BY-VALUE	EXPR	TARGET_VTABLE_DATA_ENTRY_DISTANCE	cp/class.cc	10615
DIVERGENT-BY-VALUE	EXPR	TARGET_VTABLE_DATA_ENTRY_DISTANCE	cp/class.cc	10864
DIVERGENT-BY-VALUE	EXPR	TARGET_VTABLE_DATA_ENTRY_DISTANCE	cp/class.cc	11008
DIVERGENT-BY-VALUE	EXPR	TARGET_VTABLE_DATA_ENTRY_DISTANCE	cp/rtti.cc	1018
DIVERGENT-BY-VALUE	EXPR	TARGET_VTABLE_DATA_ENTRY_DISTANCE	cp/rtti.cc	177
DIVERGENT-BY-VALUE	EXPR	TARGET_VTABLE_DATA_ENTRY_DISTANCE	cp/rtti.cc	292
DIVERGENT-OPTION-STATE	EXPR	TARGET_VTABLE_ENTRY_ALIGN	cp/class.cc	840
DIVERGENT-OPTION-STATE	EXPR	TARGET_VTABLE_ENTRY_ALIGN	d/decl.cc	2245
DIVERGENT-BY-VALUE	EXPR	TARGET_VTABLE_USES_DESCRIPTORS	ada/gcc-interface/decl.cc	3795
DIVERGENT-BY-VALUE	EXPR	TARGET_VTABLE_USES_DESCRIPTORS	ada/gcc-interface/trans.cc	1805
DIVERGENT-BY-VALUE	EXPR	TARGET_VTABLE_USES_DESCRIPTORS	ada/gcc-interface/trans.cc	1808
DIVERGENT-BY-VALUE	EXPR	TARGET_VTABLE_USES_DESCRIPTORS	ada/gcc-interface/trans.cc	1831
DIVERGENT-BY-VALUE	EXPR	TARGET_VTABLE_USES_DESCRIPTORS	ada/gcc-interface/trans.cc	1832
DIVERGENT-BY-VALUE	EXPR	TARGET_VTABLE_USES_DESCRIPTORS	ada/gcc-interface/trans.cc	1834
DIVERGENT-BY-VALUE	EXPR	TARGET_VTABLE_USES_DESCRIPTORS	ada/gcc-interface/trans.cc	619
DIVERGENT-BY-VALUE	EXPR	TARGET_VTABLE_USES_DESCRIPTORS	ada/gcc-interface/trans.cc	628
DIVERGENT-BY-VALUE	EXPR	TARGET_VTABLE_USES_DESCRIPTORS	ada/gcc-interface/trans.cc	629
DIVERGENT-BY-VALUE	EXPR	TARGET_VTABLE_USES_DESCRIPTORS	ada/gcc-interface/trans.cc	631
DIVERGENT-BY-VALUE	EXPR	TARGET_VTABLE_USES_DESCRIPTORS	ada/gcc-interface/trans.cc	7274
DIVERGENT-BY-VALUE	EXPR	TARGET_VTABLE_USES_DESCRIPTORS	ada/gcc-interface/trans.cc	7339
DIVERGENT-BY-VALUE	EXPR	TARGET_VTABLE_USES_DESCRIPTORS	c-family/c-cppbuiltin.cc	1646
DIVERGENT-BY-VALUE	EXPR	TARGET_VTABLE_USES_DESCRIPTORS	cp/class.cc	10690
DIVERGENT-BY-VALUE	EXPR	TARGET_VTABLE_USES_DESCRIPTORS	cp/class.cc	10713
DIVERGENT-BY-VALUE	EXPR	TARGET_VTABLE_USES_DESCRIPTORS	cp/class.cc	10728
DIVERGENT-BY-VALUE	EXPR	TARGET_VTABLE_USES_DESCRIPTORS	cp/class.cc	10745
DIVERGENT-BY-VALUE	EXPR	TARGET_VTABLE_USES_DESCRIPTORS	cp/class.cc	10749
DIVERGENT-BY-VALUE	EXPR	TARGET_VTABLE_USES_DESCRIPTORS	cp/class.cc	10752
DIVERGENT-BY-VALUE	EXPR	TARGET_VTABLE_USES_DESCRIPTORS	cp/class.cc	2838
DIVERGENT-BY-VALUE	EXPR	TARGET_VTABLE_USES_DESCRIPTORS	cp/class.cc	2839
DIVERGENT-BY-VALUE	EXPR	TARGET_VTABLE_USES_DESCRIPTORS	cp/class.cc	787
DIVERGENT-BY-VALUE	EXPR	TARGET_VTABLE_USES_DESCRIPTORS	cp/class.cc	8105
DIVERGENT-BY-VALUE	EXPR	TARGET_VTABLE_USES_DESCRIPTORS	cp/class.cc	8106
DIVERGENT-BY-VALUE	EXPR	TARGET_VTABLE_USES_DESCRIPTORS	cp/constexpr.cc	4010
DIVERGENT-BY-VALUE	EXPR	TARGET_VTABLE_USES_DESCRIPTORS	cp/constexpr.cc	4014
DIVERGENT-BY-VALUE	EXPR	TARGET_VTABLE_USES_DESCRIPTORS	cp/error.cc	2426
DIVERGENT-BY-VALUE	EXPR	TARGET_VTABLE_USES_DESCRIPTORS	cp/error.cc	2427
DIVERGENT-BY-VALUE	EXPR	TARGET_VTABLE_USES_DESCRIPTORS	cp/typeck.cc	4550
UNREADABLE-function-like	EXPR	TEXT_SECTION_ASM_OP	varasm.cc	6986
DIVERGENT-OPTION-STATE	EXPR	TRAMPOLINE_ALIGNMENT	builtins.cc	6112
DIVERGENT-OPTION-STATE	EXPR	TRAMPOLINE_ALIGNMENT	builtins.cc	6121
DIVERGENT-OPTION-STATE	EXPR	TRAMPOLINE_ALIGNMENT	builtins.cc	6126
DIVERGENT-OPTION-STATE	EXPR	TRAMPOLINE_ALIGNMENT	builtins.cc	6127
DIVERGENT-OPTION-STATE	EXPR	TRAMPOLINE_ALIGNMENT	builtins.cc	6168
DIVERGENT-OPTION-STATE	EXPR	TRAMPOLINE_ALIGNMENT	tree-nested.cc	628
DIVERGENT-OPTION-STATE	EXPR	TRAMPOLINE_ALIGNMENT	varasm.cc	3055
DIVERGENT-OPTION-STATE	EXPR	TRAMPOLINE_ALIGNMENT	varasm.cc	3069
DIVERGENT-OPTION-STATE	EXPR	UINT16_TYPE	c-family/c-common.cc	4852
DIVERGENT-OPTION-STATE	EXPR	UINT16_TYPE	c-family/c-common.cc	4854
DIVERGENT-OPTION-STATE	EXPR	UINT16_TYPE	c-family/c-common.cc	5675
DIVERGENT-OPTION-STATE	EXPR	UINT16_TYPE	c-family/c-common.cc	5676
DIVERGENT-OPTION-STATE	EXPR	UINT32_TYPE	c-family/c-common.cc	4855
DIVERGENT-OPTION-STATE	EXPR	UINT32_TYPE	c-family/c-common.cc	4857
DIVERGENT-OPTION-STATE	EXPR	UINT32_TYPE	c-family/c-common.cc	5677
DIVERGENT-OPTION-STATE	EXPR	UINT32_TYPE	c-family/c-common.cc	5678
DIVERGENT-OPTION-STATE	EXPR	UINT64_TYPE	c-family/c-common.cc	4858
DIVERGENT-OPTION-STATE	EXPR	UINT64_TYPE	c-family/c-common.cc	4860
DIVERGENT-OPTION-STATE	EXPR	UINT64_TYPE	c-family/c-common.cc	5679
DIVERGENT-OPTION-STATE	EXPR	UINT64_TYPE	c-family/c-common.cc	5680
DIVERGENT-OPTION-STATE	EXPR	UINT8_TYPE	c-family/c-common.cc	4849
DIVERGENT-OPTION-STATE	EXPR	UINT8_TYPE	c-family/c-common.cc	4851
DIVERGENT-OPTION-STATE	EXPR	UINT8_TYPE	c-family/c-common.cc	5673
DIVERGENT-OPTION-STATE	EXPR	UINT8_TYPE	c-family/c-common.cc	5674
DIVERGENT-OPTION-STATE	EXPR	UINT_FAST16_TYPE	c-family/c-common.cc	4900
DIVERGENT-OPTION-STATE	EXPR	UINT_FAST16_TYPE	c-family/c-common.cc	4902
DIVERGENT-OPTION-STATE	EXPR	UINT_FAST16_TYPE	c-family/c-common.cc	5707
DIVERGENT-OPTION-STATE	EXPR	UINT_FAST16_TYPE	c-family/c-common.cc	5708
DIVERGENT-OPTION-STATE	EXPR	UINT_FAST32_TYPE	c-family/c-common.cc	4903
DIVERGENT-OPTION-STATE	EXPR	UINT_FAST32_TYPE	c-family/c-common.cc	4905
DIVERGENT-OPTION-STATE	EXPR	UINT_FAST32_TYPE	c-family/c-common.cc	5709
DIVERGENT-OPTION-STATE	EXPR	UINT_FAST32_TYPE	c-family/c-common.cc	5710
DIVERGENT-OPTION-STATE	EXPR	UINT_FAST64_TYPE	c-family/c-common.cc	4906
DIVERGENT-OPTION-STATE	EXPR	UINT_FAST64_TYPE	c-family/c-common.cc	4908
DIVERGENT-OPTION-STATE	EXPR	UINT_FAST64_TYPE	c-family/c-common.cc	5711
DIVERGENT-OPTION-STATE	EXPR	UINT_FAST64_TYPE	c-family/c-common.cc	5712
DIVERGENT-OPTION-STATE	EXPR	UINT_FAST8_TYPE	c-family/c-common.cc	4897
DIVERGENT-OPTION-STATE	EXPR	UINT_FAST8_TYPE	c-family/c-common.cc	4899
DIVERGENT-OPTION-STATE	EXPR	UINT_FAST8_TYPE	c-family/c-common.cc	5705
DIVERGENT-OPTION-STATE	EXPR	UINT_FAST8_TYPE	c-family/c-common.cc	5706
DIVERGENT-OPTION-STATE	EXPR	UINT_LEAST16_TYPE	c-family/c-common.cc	4876
DIVERGENT-OPTION-STATE	EXPR	UINT_LEAST16_TYPE	c-family/c-common.cc	4878
DIVERGENT-OPTION-STATE	EXPR	UINT_LEAST16_TYPE	c-family/c-common.cc	5691
DIVERGENT-OPTION-STATE	EXPR	UINT_LEAST16_TYPE	c-family/c-common.cc	5692
DIVERGENT-OPTION-STATE	EXPR	UINT_LEAST32_TYPE	c-family/c-common.cc	4879
DIVERGENT-OPTION-STATE	EXPR	UINT_LEAST32_TYPE	c-family/c-common.cc	4881
DIVERGENT-OPTION-STATE	EXPR	UINT_LEAST32_TYPE	c-family/c-common.cc	5693
DIVERGENT-OPTION-STATE	EXPR	UINT_LEAST32_TYPE	c-family/c-common.cc	5694
DIVERGENT-OPTION-STATE	EXPR	UINT_LEAST64_TYPE	c-family/c-common.cc	4882
DIVERGENT-OPTION-STATE	EXPR	UINT_LEAST64_TYPE	c-family/c-common.cc	4884
DIVERGENT-OPTION-STATE	EXPR	UINT_LEAST64_TYPE	c-family/c-common.cc	5695
DIVERGENT-OPTION-STATE	EXPR	UINT_LEAST64_TYPE	c-family/c-common.cc	5696
DIVERGENT-OPTION-STATE	EXPR	UINT_LEAST8_TYPE	c-family/c-common.cc	4873
DIVERGENT-OPTION-STATE	EXPR	UINT_LEAST8_TYPE	c-family/c-common.cc	4875
DIVERGENT-OPTION-STATE	EXPR	UINT_LEAST8_TYPE	c-family/c-common.cc	5689
DIVERGENT-OPTION-STATE	EXPR	UINT_LEAST8_TYPE	c-family/c-common.cc	5690
DIVERGENT-OPTION-STATE	EXPR	UINTPTR_TYPE	c-family/c-common.cc	4912
DIVERGENT-OPTION-STATE	EXPR	UINTPTR_TYPE	c-family/c-common.cc	4914
DIVERGENT-OPTION-STATE	EXPR	UINTPTR_TYPE	c-family/c-common.cc	5715
DIVERGENT-OPTION-STATE	EXPR	UINTPTR_TYPE	c-family/c-common.cc	5716
DIVERGENT-OPTION-STATE	EXPR	UINTPTR_TYPE	targhooks.cc	1016
DIVERGENT-OPTION-STATE	EXPR	UINTPTR_TYPE	targhooks.cc	1018
UNREADABLE-function-like	EXPR	USE_LD_AS_NEEDED	gcc.cc	1361
UNREADABLE-function-like	EXPR	USE_LD_AS_NEEDED	gcc.cc	1972
UNREADABLE-function-like	EXPR	USE_LD_AS_NEEDED	gcc.cc	965
DIVERGENT-OPTION-STATE	EXPR	USER_LABEL_PREFIX	final.cc	3943
DIVERGENT-OPTION-STATE	EXPR	USER_LABEL_PREFIX	toplev.cc	1437
UNREADABLE-function-like	EXPR	VECTOR_STORE_FLAG_VALUE	simplify-rtx.cc	2648
UNREADABLE-function-like	EXPR	VECTOR_STORE_FLAG_VALUE	simplify-rtx.cc	947
UNREADABLE-function-like	EXPR	VECTOR_STORE_FLAG_VALUE	simplify-rtx.cc	961
DIVERGENT-OPTION-STATE	EXPR	WCHAR_TYPE_SIZE	d/d-target.cc	167
DIVERGENT-OPTION-STATE	EXPR	WCHAR_TYPE_SIZE	d/types.cc	1092
DIVERGENT-OPTION-STATE	EXPR	WINT_TYPE	c-family/c-common.cc	4823
DIVERGENT-OPTION-STATE	EXPR	WINT_TYPE	c-family/c-common.cc	4827
DIVERGENT-OPTION-STATE	EXPR	WINT_TYPE	c-family/c-common.cc	5649
DIVERGENT-OPTION-STATE	EXPR	WINT_TYPE	c-family/c-common.cc	5653
DIVERGENT-OPTION-STATE	EXPR	WINT_TYPE	c-family/c-common.cc	5656
DIVERGENT-BY-VALUE	EXPR	WORD_REGISTER_OPERATIONS	combine.cc	10133
DIVERGENT-BY-VALUE	EXPR	WORD_REGISTER_OPERATIONS	combine.cc	10136
DIVERGENT-BY-VALUE	EXPR	WORD_REGISTER_OPERATIONS	combine.cc	12209
DIVERGENT-BY-VALUE	EXPR	WORD_REGISTER_OPERATIONS	combine.cc	12656
DIVERGENT-BY-VALUE	EXPR	WORD_REGISTER_OPERATIONS	combine.cc	12660
DIVERGENT-BY-VALUE	EXPR	WORD_REGISTER_OPERATIONS	combine.cc	12888
DIVERGENT-BY-VALUE	EXPR	WORD_REGISTER_OPERATIONS	combine.cc	12898
DIVERGENT-BY-VALUE	EXPR	WORD_REGISTER_OPERATIONS	combine.cc	13553
DIVERGENT-BY-VALUE	EXPR	WORD_REGISTER_OPERATIONS	combine.cc	7046
DIVERGENT-BY-VALUE	EXPR	WORD_REGISTER_OPERATIONS	combine.cc	7057
DIVERGENT-BY-VALUE	EXPR	WORD_REGISTER_OPERATIONS	combine.cc	8265
DIVERGENT-BY-VALUE	EXPR	WORD_REGISTER_OPERATIONS	combine.cc	8267
DIVERGENT-BY-VALUE	EXPR	WORD_REGISTER_OPERATIONS	dse.cc	2039
DIVERGENT-BY-VALUE	EXPR	WORD_REGISTER_OPERATIONS	dse.cc	2044
DIVERGENT-BY-VALUE	EXPR	WORD_REGISTER_OPERATIONS	expr.cc	7657
DIVERGENT-BY-VALUE	EXPR	WORD_REGISTER_OPERATIONS	lra-constraints.cc	1779
DIVERGENT-BY-VALUE	EXPR	WORD_REGISTER_OPERATIONS	lra-constraints.cc	1796
DIVERGENT-BY-VALUE	EXPR	WORD_REGISTER_OPERATIONS	lra-constraints.cc	5256
DIVERGENT-BY-VALUE	EXPR	WORD_REGISTER_OPERATIONS	lra-constraints.cc	5271
DIVERGENT-BY-VALUE	EXPR	WORD_REGISTER_OPERATIONS	ree.cc	870
DIVERGENT-BY-VALUE	EXPR	WORD_REGISTER_OPERATIONS	ree.cc	956
DIVERGENT-BY-VALUE	EXPR	WORD_REGISTER_OPERATIONS	reload1.cc	2857
DIVERGENT-BY-VALUE	EXPR	WORD_REGISTER_OPERATIONS	reload.cc	1080
DIVERGENT-BY-VALUE	EXPR	WORD_REGISTER_OPERATIONS	reload.cc	1119
DIVERGENT-BY-VALUE	EXPR	WORD_REGISTER_OPERATIONS	reload.cc	1182
DIVERGENT-BY-VALUE	EXPR	WORD_REGISTER_OPERATIONS	reload.cc	1211
DIVERGENT-BY-VALUE	EXPR	WORD_REGISTER_OPERATIONS	reload.cc	3138
DIVERGENT-BY-VALUE	EXPR	WORD_REGISTER_OPERATIONS	reload.cc	3149
DIVERGENT-BY-VALUE	EXPR	WORD_REGISTER_OPERATIONS	reload.cc	6168
DIVERGENT-BY-VALUE	EXPR	WORD_REGISTER_OPERATIONS	reload.cc	6185
DIVERGENT-BY-VALUE	EXPR	WORD_REGISTER_OPERATIONS	rtlanal.cc	4873
DIVERGENT-BY-VALUE	EXPR	WORD_REGISTER_OPERATIONS	rtlanal.cc	5157
DIVERGENT-BY-VALUE	EXPR	WORD_REGISTER_OPERATIONS	rtlanal.cc	5425
DIVERGENT-BY-VALUE	EXPR	WORD_REGISTER_OPERATIONS	rtlanal.cc	5509
DIVERGENT-BY-VALUE	EXPR	WORD_REGISTER_OPERATIONS	simplify-rtx.cc	4325
DIVERGENT-BY-VALUE	EXPR	WORD_REGISTER_OPERATIONS	simplify-rtx.cc	4328
DIVERGENT-BY-VALUE	EXPR	WORD_REGISTER_OPERATIONS	simplify-rtx.cc	647
DIVERGENT-BY-VALUE	EXPR	WORD_REGISTER_OPERATIONS	targhooks.cc	2842
DIVERGENT-BY-VALUE	IF	ARGS_GROW_DOWNWARD	rtlanal.cc	586
DIVERGENT-BY-VALUE	IF	ARGS_GROW_DOWNWARD	rtlanal.cc	594
DIVERGENT-BY-VALUE	IF	ARGS_GROW_DOWNWARD	rtlanal.cc	610
DIVERGENT-BY-VALUE	IF	ARGS_GROW_DOWNWARD	rtlanal.cc	618
DIVERGENT-BY-VALUE	IF	ARGS_GROW_DOWNWARD	rtlanal.cc	629
UNREADABLE-function-like	IFDEF	ADDITIONAL_REGISTER_NAMES	varasm.cc	1066
UNREADABLE-function-like	IFDEF	ADDR_VEC_ALIGN	final.cc	2471
UNREADABLE-function-like	IFDEF	ADDR_VEC_ALIGN	final.cc	478
UNREADABLE-function-like	IFDEF	ADJUST_FIELD_ALIGN	ada/gcc-interface/misc.cc	1151
UNREADABLE-function-like	IFDEF	ADJUST_FIELD_ALIGN	d/d-target.cc	229
UNREADABLE-function-like	IFDEF	ADJUST_FIELD_ALIGN	go/go-backend.cc	77
UNREADABLE-function-like	IFDEF	ADJUST_FIELD_ALIGN	rust/rust-object-export.cc	74
UNREADABLE-function-like	IFDEF	ADJUST_FIELD_ALIGN	stor-layout.cc	1138
UNREADABLE-function-like	IFDEF	ADJUST_FIELD_ALIGN	stor-layout.cc	1437
UNREADABLE-function-like	IFDEF	ADJUST_FIELD_ALIGN	stor-layout.cc	1483
UNREADABLE-function-like	IFDEF	ADJUST_FIELD_ALIGN	stor-layout.cc	2840
UNREADABLE-function-like	IFDEF	ADJUST_FIELD_ALIGN	stor-layout.cc	801
UNREADABLE-function-like	IFDEF	ADJUST_INSN_LENGTH	final.cc	1106
UNREADABLE-function-like	IFDEF	ADJUST_INSN_LENGTH	final.cc	1126
UNREADABLE-function-like	IFDEF	ADJUST_INSN_LENGTH	final.cc	1363
UNREADABLE-function-like	IFDEF	ADJUST_INSN_LENGTH	final.cc	399
UNREADABLE-function-like	IFDEF	ADJUST_REG_ALLOC_ORDER	target-regs.cc	153
UNREADABLE-function-like	IFDEF	ADJUST_REG_ALLOC_ORDER	target-regs.cc	273
UNREADABLE-function-like	IFDEF	APPLY_RESULT_SIZE	builtins.cc	1531
UNREADABLE-function-like	IFDEF	ASM_DECLARE_COLD_FUNCTION_NAME	final.cc	2224
UNREADABLE-function-like	IFDEF	ASM_DECLARE_COLD_FUNCTION_SIZE	varasm.cc	2256
UNREADABLE-function-like	IFDEF	ASM_DECLARE_FUNCTION_NAME	varasm.cc	2213
UNREADABLE-function-like	IFDEF	ASM_DECLARE_FUNCTION_SIZE	varasm.cc	2237
UNREADABLE-function-like	IFDEF	ASM_DECLARE_OBJECT_NAME	varasm.cc	2477
UNREADABLE-function-like	IFDEF	ASM_DECLARE_OBJECT_NAME	varasm.cc	515
UNREADABLE-function-like	IFDEF	ASM_DECLARE_REGISTER_GLOBAL	varasm.cc	1607
UNREADABLE-function-like	IFDEF	ASM_FINISH_DECLARE_OBJECT	passes.cc	236
UNREADABLE-function-like	IFDEF	ASM_FPRINTF_EXTENSIONS	final.cc	4068
UNREADABLE-function-like	IFDEF	ASM_MAYBE_OUTPUT_ENCODED_ADDR_RTX	dwarf2asm.cc	1114
UNREADABLE-function-like	IFDEF	ASM_MAYBE_OUTPUT_ENCODED_ADDR_RTX	dwarf2asm.cc	1161
UNREADABLE-function-like	IFDEF	ASM_NO_SKIP_IN_TEXT	varasm.cc	2281
UNREADABLE-function-like	IFDEF	ASM_OUTPUT_ADDR_DIFF_ELT	final.cc	2570
UNREADABLE-function-like	IFDEF	ASM_OUTPUT_ADDR_DIFF_VEC	final.cc	2549
UNREADABLE-function-like	IFDEF	ASM_OUTPUT_ADDR_VEC_ELT	final.cc	2561
UNREADABLE-function-like	IFDEF	ASM_OUTPUT_ADDR_VEC	final.cc	2458
UNREADABLE-function-like	IFDEF	ASM_OUTPUT_ADDR_VEC	final.cc	2525
UNREADABLE-function-like	IFDEF	ASM_OUTPUT_ADDR_VEC	final.cc	2538
UNREADABLE-function-like	IFDEF	ASM_OUTPUT_ADDR_VEC	final.cc	2541
UNREADABLE-function-like	IFDEF	ASM_OUTPUT_ALIGNED_BSS	varasm.cc	120
UNREADABLE-function-like	IFDEF	ASM_OUTPUT_ALIGNED_BSS	varasm.cc	2384
UNREADABLE-function-like	IFDEF	ASM_OUTPUT_ALIGNED_BSS	varasm.cc	501
UNREADABLE-function-like	IFDEF	ASM_OUTPUT_ALIGNED_BSS	varasm.cc	7034
UNREADABLE-function-like	IFDEF	ASM_OUTPUT_ALIGNED_COMMON	toplev.cc	560
UNREADABLE-function-like	IFDEF	ASM_OUTPUT_ALIGNED_COMMON	varasm.cc	2409
UNREADABLE-function-like	IFDEF	ASM_OUTPUT_ALIGNED_DECL_COMMON	toplev.cc	557
UNREADABLE-function-like	IFDEF	ASM_OUTPUT_ALIGNED_DECL_COMMON	varasm.cc	2405
UNREADABLE-function-like	IFDEF	ASM_OUTPUT_ALIGNED_DECL_LOCAL	varasm.cc	2356
UNREADABLE-function-like	IFDEF	ASM_OUTPUT_ALIGNED_DECL_LOCAL	varasm.cc	3004
UNREADABLE-function-like	IFDEF	ASM_OUTPUT_ALIGNED_LOCAL	varasm.cc	2361
UNREADABLE-function-like	IFDEF	ASM_OUTPUT_ALIGNED_LOCAL	varasm.cc	3008
UNREADABLE-function-like	IFDEF	ASM_OUTPUT_ALIGN_WITH_NOP	final.cc	2437
UNREADABLE-function-like	IFDEF	ASM_OUTPUT_CASE_END	final.cc	2581
UNREADABLE-function-like	IFDEF	ASM_OUTPUT_CASE_LABEL	final.cc	2481
UNREADABLE-function-like	IFDEF	ASM_OUTPUT_DWARF_DELTA	dwarf2asm.cc	184
UNREADABLE-function-like	IFDEF	ASM_OUTPUT_DWARF_OFFSET	dwarf2asm.cc	243
UNREADABLE-function-like	IFDEF	ASM_OUTPUT_DWARF_OFFSET	dwarf2asm.cc	268
UNREADABLE-function-like	IFDEF	ASM_OUTPUT_DWARF_PCREL	dwarf2asm.cc	1148
UNREADABLE-function-like	IFDEF	ASM_OUTPUT_DWARF_PCREL	dwarf2asm.cc	300
UNREADABLE-function-like	IFDEF	ASM_OUTPUT_EXTERNAL_LIBCALL	targhooks.cc	121
UNREADABLE-function-like	IFDEF	ASM_OUTPUT_FDESC	varasm.cc	5531
UNREADABLE-function-like	IFDEF	ASM_OUTPUT_LABEL_REF	final.cc	3729
UNREADABLE-function-like	IFDEF	ASM_OUTPUT_MAX_SKIP_ALIGN	final.cc	2425
UNREADABLE-function-like	IFDEF	ASM_OUTPUT_MAX_SKIP_ALIGN	varasm.cc	2164
UNREADABLE-function-like	IFDEF	ASM_OUTPUT_MAX_SKIP_ALIGN	varasm.cc	2172
UNREADABLE-function-like	IFDEF	ASM_OUTPUT_OPCODE	final.cc	3464
UNREADABLE-function-like	IFDEF	ASM_OUTPUT_OPCODE	final.cc	3481
UNREADABLE-function-like	IFDEF	ASM_OUTPUT_OPCODE	final.cc	4041
UNREADABLE-function-like	IFDEF	ASM_OUTPUT_POOL_EPILOGUE	varasm.cc	4810
UNREADABLE-function-like	IFDEF	ASM_OUTPUT_POOL_PROLOGUE	varasm.cc	4804
UNREADABLE-function-like	IFDEF	ASM_OUTPUT_REG_PUSH	final.cc	1820
UNREADABLE-function-like	IFDEF	ASM_OUTPUT_REG_PUSH	final.cc	1841
UNREADABLE-function-like	IFDEF	ASM_OUTPUT_REG_PUSH	final.cc	1850
UNREADABLE-function-like	IFDEF	ASM_OUTPUT_SOURCE_FILENAME	varasm.cc	8665
UNREADABLE-function-like	IFDEF	ASM_OUTPUT_SPECIAL_POOL_ENTRY	varasm.cc	4449
UNREADABLE-function-like	IFDEF	ASM_OUTPUT_SPECIAL_POOL_ENTRY	varasm.cc	4479
UNREADABLE-function-like	IFDEF	ASM_OUTPUT_SYMBOL_REF	final.cc	3717
UNREADABLE-function-like	IFDEF	ASM_OUTPUT_SYMVER_DIRECTIVE	varasm.cc	6647
UNREADABLE-function-like	IFDEF	ASM_OUTPUT_TLS_COMMON	varasm.cc	2427
UNREADABLE-function-like	IFDEF	ASM_OUTPUT_TYPE_DIRECTIVE	final.cc	2068
UNREADABLE-function-like	IFDEF	ASM_OUTPUT_TYPE_DIRECTIVE	varasm.cc	6579
UNREADABLE-function-like	IFDEF	ASM_OUTPUT_WEAKREF	cgraphunit.cc	2412
UNREADABLE-function-like	IFDEF	ASM_OUTPUT_WEAKREF	symtab.cc	344
UNREADABLE-function-like	IFDEF	ASM_OUTPUT_WEAKREF	varasm.cc	6396
UNREADABLE-function-like	IFDEF	ASM_OUTPUT_WEAKREF	varasm.cc	6547
UNREADABLE-function-like	IFDEF	ASM_SPEC	gcc.cc	723
UNREADABLE-function-like	IFDEF	ASSEMBLER_DIALECT	final.cc	184
UNREADABLE-function-like	IFDEF	ASSEMBLER_DIALECT	final.cc	222
UNREADABLE-function-like	IFDEF	ASSEMBLER_DIALECT	final.cc	3337
UNREADABLE-function-like	IFDEF	ASSEMBLER_DIALECT	final.cc	3448
UNREADABLE-function-like	IFDEF	ASSEMBLER_DIALECT	final.cc	3491
UNREADABLE-function-like	IFDEF	ASSEMBLER_DIALECT	final.cc	3504
UNREADABLE-function-like	IFDEF	ASSEMBLER_DIALECT	final.cc	3955
UNREADABLE-function-like	IFDEF	ASSEMBLER_DIALECT	final.cc	3967
UNREADABLE-function-like	IFDEF	AVOID_CCMODE_COPIES	gcse.cc	553
UNREADABLE-function-like	IFDEF	AVOID_CCMODE_COPIES	gcse.cc	563
UNREADABLE-function-like	IFDEF	BASE64_ASM_OP	varasm.cc	2318
UNREADABLE-function-like	IFDEF	BASE64_ASM_OP	varasm.cc	8797
UNREADABLE-function-like	IFDEF	BIGGEST_FIELD_ALIGNMENT	ada/gcc-interface/misc.cc	1147
UNREADABLE-function-like	IFDEF	BIGGEST_FIELD_ALIGNMENT	d/d-target.cc	225
UNREADABLE-function-like	IFDEF	BIGGEST_FIELD_ALIGNMENT	go/go-backend.cc	72
UNREADABLE-function-like	IFDEF	BIGGEST_FIELD_ALIGNMENT	rust/rust-object-export.cc	69
UNREADABLE-function-like	IFDEF	BIGGEST_FIELD_ALIGNMENT	stor-layout.cc	2836
UNREADABLE-function-like	IFDEF	BIGGEST_FIELD_ALIGNMENT	stor-layout.cc	797
UNREADABLE-function-like	IFDEF	BLOCK_REG_PADDING	calls.cc	1238
UNREADABLE-function-like	IFDEF	BLOCK_REG_PADDING	calls.cc	1613
UNREADABLE-function-like	IFDEF	BLOCK_REG_PADDING	calls.cc	2219
UNREADABLE-function-like	IFDEF	BLOCK_REG_PADDING	calls.cc	2323
UNREADABLE-function-like	IFDEF	BLOCK_REG_PADDING	calls.cc	4480
UNREADABLE-function-like	IFDEF	BLOCK_REG_PADDING	calls.cc	4756
UNREADABLE-function-like	IFDEF	BLOCK_REG_PADDING	expr.cc	3022
UNREADABLE-function-like	IFDEF	BLOCK_REG_PADDING	expr.cc	3481
UNREADABLE-function-like	IFDEF	BLOCK_REG_PADDING	function.cc	2893
UNREADABLE-function-like	IFDEF	BLOCK_REG_PADDING	function.cc	3031
UNREADABLE-function-like	IFDEF	BLOCK_REG_PADDING	function.cc	3065
UNREADABLE-function-like	IFDEF	BLOCK_REG_PADDING	function.cc	3102
UNREADABLE-function-like	IFDEF	BLOCK_REG_PADDING	function.cc	3125
UNREADABLE-function-like	IFDEF	BSS_SECTION_ASM_OP	varasm.cc	119
UNREADABLE-function-like	IFDEF	BSS_SECTION_ASM_OP	varasm.cc	499
UNREADABLE-function-like	IFDEF	BTF_DEBUGGING_INFO	toplev.cc	1519
UNREADABLE-function-like	IFDEF	CALL_POPS_ARGS	target-cumargs.cc	157
UNREADABLE-function-like	IFDEF	CALL_REALLY_USED_REGISTERS	reginfo.cc	879
UNREADABLE-function-like	IFDEF	CALL_REALLY_USED_REGISTERS	target-regs.cc	115
UNREADABLE-function-like	IFDEF	CALL_USED_REGISTERS	target-regs.cc	116
UNREADABLE-function-like	IFDEF	CASE_VECTOR_SHORTEN_MODE	final.cc	1137
UNREADABLE-function-like	IFDEF	CASE_VECTOR_SHORTEN_MODE	final.cc	1179
UNREADABLE-function-like	IFDEF	CASE_VECTOR_SHORTEN_MODE	final.cc	952
UNREADABLE-function-like	IFDEF	CC1PLUS_SPEC	gcc.cc	779
UNREADABLE-function-like	IFDEF	CC1_SPEC	gcc.cc	773
UNREADABLE-function-like	IFDEF	CC_STATUS_INIT	final.cc	92
IDENTITY-BY-VALUE	IFDEF	CHAR_TYPE_SIZE	fortran/f95-lang.cc	522
UNREADABLE-function-like	IFDEF	CLASS_MAX_NREGS	targhooks.cc	2435
UNREADABLE-function-like	IFDEF	CLEAR_INSN_CACHE	builtins.cc	6076
UNREADABLE-function-like	IFDEF	CONSTANT_POOL_BEFORE_FUNCTION	varasm.cc	1971
UNREADABLE-function-like	IFDEF	CPP_SPEC	gcc.cc	753
UNREADABLE-function-like	IFDEF	CTF_DEBUGGING_INFO	toplev.cc	1515
UNREADABLE-function-like	IFDEF	DATA_ABI_ALIGNMENT	target-cumargs.cc	357
UNREADABLE-function-like	IFDEF	DATA_ALIGNMENT	target-cumargs.cc	344
UNREADABLE-function-like	IFDEF	DBR_OUTPUT_SEQEND	final.cc	2714
UNREADABLE-function-like	IFDEF	DOLLARS_IN_IDENTIFIERS	c-family/c-opts.cc	49
UNREADABLE-function-like	IFDEF	DONT_USE_BUILTIN_SETJMP	c-family/c-cppbuiltin.cc	1618
UNREADABLE-function-like	IFDEF	DONT_USE_BUILTIN_SETJMP	except.cc	1208
UNREADABLE-function-like	IFDEF	DONT_USE_BUILTIN_SETJMP	except.cc	1248
UNREADABLE-function-like	IFDEF	DONT_USE_BUILTIN_SETJMP	except.cc	1327
UNREADABLE-function-like	IFDEF	DONT_USE_BUILTIN_SETJMP	except.cc	272
UNREADABLE-function-like	IFDEF	DONT_USE_BUILTIN_SETJMP	except.cc	303
UNREADABLE-function-like	IFDEF	DONT_USE_BUILTIN_SETJMP	except.cc	338
UNREADABLE-function-like	IFDEF	DRIVER_SELF_SPECS	gcc.cc	1437
UNREADABLE-function-like	IFDEF	DWARF2_ASM_LINE_DEBUG_INFO	dwarf2out.cc	3352
UNREADABLE-function-like	IFDEF	DWARF2_DEBUGGING_INFO	dwarf2out.cc	1142
UNREADABLE-function-like	IFDEF	DWARF2_DEBUGGING_INFO	dwarf2out.cc	2138
UNREADABLE-function-like	IFDEF	DWARF2_DEBUGGING_INFO	dwarf2out.cc	2366
UNREADABLE-function-like	IFDEF	DWARF2_DEBUGGING_INFO	opts.cc	1479
UNREADABLE-function-like	IFDEF	DWARF2_DEBUGGING_INFO	opts.cc	3606
UNREADABLE-function-like	IFDEF	DWARF2_DEBUGGING_INFO	targhooks.cc	2485
UNREADABLE-function-like	IFDEF	DWARF2_DEBUGGING_INFO	toplev.cc	1511
UNREADABLE-function-like	IFDEF	DWARF2_DEBUGGING_INFO	toplev.cc	536
UNREADABLE-function-like	IFDEF	DWARF2_FRAME_INFO	targhooks.cc	2479
UNREADABLE-function-like	IFDEF	DWARF2_LINENO_DEBUGGING_INFO	dwarf2out.cc	30203
UNREADABLE-function-like	IFDEF	DWARF2_LINENO_DEBUGGING_INFO	dwarf2out.cc	30248
UNREADABLE-function-like	IFDEF	DWARF2_LINENO_DEBUGGING_INFO	dwarf2out.cc	30263
UNREADABLE-function-like	IFDEF	DWARF2_LINENO_DEBUGGING_INFO	toplev.cc	1534
UNREADABLE-function-like	IFDEF	DWARF2_UNWIND_INFO	builtins.cc	8485
UNREADABLE-function-like	IFDEF	DWARF2_UNWIND_INFO	c-family/c-cppbuiltin.cc	1680
UNREADABLE-function-like	IFDEF	DWARF2_UNWIND_INFO	common/common-targhooks.cc	42
UNREADABLE-function-like	IFDEF	DWARF2_UNWIND_INFO	common/config/arm/arm-common.cc	73
UNREADABLE-function-like	IFDEF	EH_FRAME_SECTION_NAME	c-family/c-cppbuiltin.cc	1581
UNREADABLE-function-like	IFDEF	EH_FRAME_SECTION_NAME	dwarf2out.cc	490
UNREADABLE-function-like	IFDEF	EH_FRAME_THROUGH_COLLECT2	dwarf2out.cc	500
UNREADABLE-function-like	IFDEF	EH_RETURN_DATA_REGNO	ira-lives.cc	1338
UNREADABLE-function-like	IFDEF	EH_RETURN_DATA_REGNO	ira-lives.cc	1456
UNREADABLE-function-like	IFDEF	EH_RETURN_STACKADJ_RTX	c-family/c-cppbuiltin.cc	1634
UNREADABLE-function-like	IFDEF	EH_RETURN_STACKADJ_RTX	df-scan.cc	3706
UNREADABLE-function-like	IFDEF	EH_RETURN_STACKADJ_RTX	except.cc	2261
UNREADABLE-function-like	IFDEF	EH_RETURN_STACKADJ_RTX	except.cc	2298
UNREADABLE-function-like	IFDEF	EH_RETURN_STACKADJ_RTX	except.cc	2312
UNREADABLE-function-like	IFDEF	EH_RETURN_TAKEN_RTX	df-scan.cc	3716
UNREADABLE-function-like	IFDEF	EH_RETURN_TAKEN_RTX	except.cc	2302
UNREADABLE-function-like	IFDEF	EH_RETURN_TAKEN_RTX	except.cc	2316
UNREADABLE-function-like	IFDEF	EH_RETURN_TAKEN_RTX	except.cc	2330
UNREADABLE-function-like	IFDEF	EH_RETURN_TAKEN_RTX	except.cc	2337
UNREADABLE-function-like	IFDEF	EH_USES	df-problems.cc	2569
UNREADABLE-function-like	IFDEF	EH_USES	df-problems.cc	3979
UNREADABLE-function-like	IFDEF	EH_USES	df-problems.cc	3988
UNREADABLE-function-like	IFDEF	EH_USES	df-problems.cc	910
UNREADABLE-function-like	IFDEF	EH_USES	df-scan.cc	3377
UNREADABLE-function-like	IFDEF	EH_USES	df-scan.cc	3418
UNREADABLE-function-like	IFDEF	ELF_ASCII_ESCAPES	varasm.cc	8728
UNREADABLE-function-like	IFDEF	ENDFILE_SPEC	gcc.cc	934
UNREADABLE-function-like	IFDEF	EXTRA_SPEC_FUNCTIONS	spec-functions.cc	28
UNREADABLE-function-like	IFDEF	EXTRA_SPEC_FUNCTIONS	spec-functions.cc	77
UNREADABLE-function-like	IFDEF	EXTRA_SPECS	gcc.cc	12263
UNREADABLE-function-like	IFDEF	EXTRA_SPECS	gcc.cc	1877
UNREADABLE-function-like	IFDEF	EXTRA_SPECS	gcc.cc	2000
UNREADABLE-function-like	IFDEF	FENCE_FOLLOWING_MOVNT	tree-ssa-loop-prefetch.cc	206
UNREADABLE-function-like	IFDEF	FINAL_PRESCAN_INSN	final.cc	2659
UNREADABLE-function-like	IFDEF	FINAL_PRESCAN_INSN	final.cc	2794
UNREADABLE-function-like	IFDEF	FIND_BASE_TERM	alias.cc	1413
UNREADABLE-function-like	IFDEF	FIND_BASE_TERM	alias.cc	1926
UNREADABLE-function-like	IFDEF	FLOAT_STORE_FLAG_VALUE	cse.cc	2994
UNREADABLE-function-like	IFDEF	FLOAT_STORE_FLAG_VALUE	cse.cc	3001
UNREADABLE-function-like	IFDEF	FLOAT_STORE_FLAG_VALUE	cse.cc	3011
UNREADABLE-function-like	IFDEF	FLOAT_STORE_FLAG_VALUE	cse.cc	3049
UNREADABLE-function-like	IFDEF	FLOAT_STORE_FLAG_VALUE	cse.cc	3073
UNREADABLE-function-like	IFDEF	FLOAT_STORE_FLAG_VALUE	cse.cc	3089
UNREADABLE-function-like	IFDEF	FLOAT_STORE_FLAG_VALUE	cse.cc	3387
UNREADABLE-function-like	IFDEF	FLOAT_STORE_FLAG_VALUE	rtlanal.cc	5965
UNREADABLE-function-like	IFDEF	FLOAT_STORE_FLAG_VALUE	rtlanal.cc	5992
UNREADABLE-function-like	IFDEF	FLOAT_STORE_FLAG_VALUE	rtlanal.cc	6005
UNREADABLE-function-like	IFDEF	FLOAT_STORE_FLAG_VALUE	simplify-rtx.cc	2636
UNREADABLE-function-like	IFDEF	FRAME_POINTER_CFA_OFFSET	dwarf2out.cc	21620
UNREADABLE-function-like	IFDEF	FRAME_POINTER_CFA_OFFSET	function.cc	1464
UNREADABLE-function-like	IFDEF	FRAME_POINTER_CFA_OFFSET	function.cc	1968
UNREADABLE-function-like	IFDEF	FRAME_POINTER_CFA_OFFSET	var-tracking.cc	10093
UNREADABLE-function-like	IFDEF	FRAME_POINTER_CFA_OFFSET	var-tracking.cc	10146
UNREADABLE-function-like	IFDEF	FRAME_POINTER_CFA_OFFSET	var-tracking.cc	10166
UNREADABLE-function-like	IFDEF	FRAME_POINTER_CFA_OFFSET	var-tracking.cc	10202
UNREADABLE-function-like	IFDEF	FRAME_POINTER_CFA_OFFSET	var-tracking.cc	9990
UNREADABLE-function-like	IFDEF	FUNCTION_VALUE_REGNO_P	targhooks.cc	1150
UNREADABLE-function-like	IFDEF	FUNCTION_VALUE	targhooks.cc	1127
UNREADABLE-function-like	IFDEF	GCC_DRIVER_HOST_INITIALIZATION	gcc.cc	9010
UNREADABLE-function-like	IFDEF	GO_IF_LEGITIMATE_ADDRESS	lra-constraints.cc	356
UNREADABLE-function-like	IFDEF	GO_IF_LEGITIMATE_ADDRESS	recog.cc	1894
UNREADABLE-function-like	IFDEF	GO_IF_LEGITIMATE_ADDRESS	reload.cc	2167
UNREADABLE-function-like	IFDEF	GO_IF_LEGITIMATE_ADDRESS	targhooks.cc	107
UNREADABLE-function-like	IFDEF	GOMP_SELF_SPECS	gcc.cc	1443
UNREADABLE-function-like	IFDEF	HARDREG_PRE_REGNOS	gcse.cc	4230
UNREADABLE-function-like	IFDEF	HARDREG_PRE_REGNOS	gcse.cc	4360
UNREADABLE-function-like	IFDEF	HAVE_LOCAL_CPU_DETECT	common/config/aarch64/aarch64-common.cc	277
UNREADABLE-function-like	IFDEF	HAVE_LOCAL_CPU_DETECT	common/config/arm/arm-common.cc	349
UNREADABLE-function-like	IFDEF	HAVE_LOCAL_CPU_DETECT	common/config/arm/arm-common.cc	413
UNREADABLE-function-like	IFDEF	HAVE_LOCAL_CPU_DETECT	common/config/i386/i386-common.cc	2546
UNREADABLE-function-like	IFDEF	HAVE_sync_compare_and_swapdi	c-family/c-cppbuiltin.cc	708
UNREADABLE-function-like	IFDEF	HAVE_sync_compare_and_swapdi	tree-profile.cc	1854
UNREADABLE-function-like	IFDEF	HAVE_sync_compare_and_swaphi	c-family/c-cppbuiltin.cc	684
UNREADABLE-function-like	IFDEF	HAVE_sync_compare_and_swapqi	c-family/c-cppbuiltin.cc	671
UNREADABLE-function-like	IFDEF	HAVE_sync_compare_and_swapsi	c-family/c-cppbuiltin.cc	696
UNREADABLE-function-like	IFDEF	HAVE_sync_compare_and_swapsi	tree-profile.cc	1847
UNREADABLE-function-like	IFDEF	IFCVT_MACHDEP_INIT	ifcvt.cc	5376
UNREADABLE-function-like	IFDEF	IFCVT_MODIFY_CANCEL	ifcvt.cc	730
UNREADABLE-function-like	IFDEF	IFCVT_MODIFY_CANCEL	ifcvt.cc	767
UNREADABLE-function-like	IFDEF	IFCVT_MODIFY_FINAL	ifcvt.cc	737
UNREADABLE-function-like	IFDEF	IFCVT_MODIFY_INSN	ifcvt.cc	412
UNREADABLE-function-like	IFDEF	IFCVT_MODIFY_MULTIPLE_TESTS	ifcvt.cc	693
UNREADABLE-function-like	IFDEF	IFCVT_MODIFY_TESTS	ifcvt.cc	618
UNREADABLE-function-like	IFDEF	IFCVT_MODIFY_TESTS	ifcvt.cc	6228
UNREADABLE-function-like	IFDEF	IMMEDIATE_PREFIX	final.cc	4053
UNREADABLE-function-like	IFDEF	INCOMING_REG_PARM_STACK_SPACE	target-cumargs.cc	749
UNREADABLE-function-like	IFDEF	INCOMING_REG_PARM_STACK_SPACE	target-cumargs.cc	811
UNREADABLE-function-like	IFDEF	INCOMING_RETURN_ADDR_RTX	df-scan.cc	3558
UNREADABLE-function-like	IFDEF	INCOMING_RETURN_ADDR_RTX	dwarf2cfi.cc	52
UNREADABLE-function-like	IFDEF	INIT_ARRAY_SECTION_ASM_OP	c-family/c-cppbuiltin.cc	1602
UNREADABLE-function-like	IFDEF	INIT_CUMULATIVE_INCOMING_ARGS	target-cumargs.cc	130
UNREADABLE-function-like	IFDEF	INIT_CUMULATIVE_LIBCALL_ARGS	target-cumargs.cc	143
UNREADABLE-function-like	IFDEF	INIT_EXPANDERS	target-cumargs.cc	255
UNREADABLE-function-like	IFDEF	INSN_BASE_REG_CLASS	target-addr.cc	74
UNREADABLE-function-like	IFDEF	INSN_INDEX_REG_CLASS	target-addr.cc	98
UNREADABLE-function-like	IFDEF	INSN_LENGTH_ALIGNMENT	final.cc	493
DIVERGENT-OPTION-STATE	IFDEF	INT_TYPE_SIZE	fortran/f95-lang.cc	526
UNREADABLE-function-like	IFDEF	INVOKE__main	cfgexpand.cc	6962
UNREADABLE-function-like	IFDEF	IRA_HARD_REGNO_ADD_COST_MULTIPLIER	ira-costs.cc	2740
UNREADABLE-function-like	IFDEF	IS_ASM_LOGICAL_LINE_SEPARATOR	final.cc	97
UNREADABLE-function-like	IFDEF	JUMP_ALIGN	final.cc	474
UNREADABLE-function-like	IFDEF	LABEL_ALIGN_AFTER_BARRIER	final.cc	470
UNREADABLE-function-like	IFDEF	LABEL_ALIGN	final.cc	462
UNREADABLE-function-like	IFDEF	LEAF_REGISTERS	combine.cc	2252
UNREADABLE-function-like	IFDEF	LEAF_REGISTERS	final.cc	208
UNREADABLE-function-like	IFDEF	LEAF_REGISTERS	final.cc	4150
UNREADABLE-function-like	IFDEF	LEAF_REGISTERS	function.cc	6491
UNREADABLE-function-like	IFDEF	LEAF_REGISTERS	regrename.cc	355
UNREADABLE-function-like	IFDEF	LEAF_REGISTERS	sel-sched.cc	1087
UNREADABLE-function-like	IFDEF	LEAF_REG_REMAP	dwarf2out.cc	14590
UNREADABLE-function-like	IFDEF	LEAF_REG_REMAP	dwarf2out.cc	14707
UNREADABLE-function-like	IFDEF	LEAF_REG_REMAP	dwarf2out.cc	15250
UNREADABLE-function-like	IFDEF	LEAF_REG_REMAP	final.cc	1725
UNREADABLE-function-like	IFDEF	LEAF_REG_REMAP	function.cc	5983
UNREADABLE-function-like	IFDEF	LEGITIMIZE_RELOAD_ADDRESS	reload.cc	5009
UNREADABLE-function-like	IFDEF	LIBASAN_EARLY_SPEC	gcc.cc	835
UNREADABLE-function-like	IFDEF	LIBASAN_EARLY_SPEC	gcc.cc	844
UNREADABLE-function-like	IFDEF	LIBCALL_VALUE	targhooks.cc	1138
UNREADABLE-function-like	IFDEF	LIBGCC_SPEC	gcc.cc	916
UNREADABLE-function-like	IFDEF	LIBHWASAN_EARLY_SPEC	gcc.cc	851
UNREADABLE-function-like	IFDEF	LIBHWASAN_EARLY_SPEC	gcc.cc	860
UNREADABLE-function-like	IFDEF	LIBLSAN_EARLY_SPEC	gcc.cc	883
UNREADABLE-function-like	IFDEF	LIBLSAN_EARLY_SPEC	gcc.cc	892
UNREADABLE-function-like	IFDEF	LIB_SPEC	gcc.cc	796
UNREADABLE-function-like	IFDEF	LIBSTDCXX	cp/g++spec.cc	45
UNREADABLE-function-like	IFDEF	LIBSTDCXX	d/d-spec.cc	34
UNREADABLE-function-like	IFDEF	LIBSTDCXX	m2/gm2spec.cc	72
UNREADABLE-function-like	IFDEF	LIBTSAN_EARLY_SPEC	gcc.cc	867
UNREADABLE-function-like	IFDEF	LIBTSAN_EARLY_SPEC	gcc.cc	876
UNREADABLE-function-like	IFDEF	LIMIT_RELOAD_CLASS	reload.cc	1113
UNREADABLE-function-like	IFDEF	LIMIT_RELOAD_CLASS	reload.cc	1206
UNREADABLE-function-like	IFDEF	LIMIT_RELOAD_CLASS	reload.cc	1289
UNREADABLE-function-like	IFDEF	LIMIT_RELOAD_CLASS	reload.cc	727
UNREADABLE-function-like	IFDEF	LIMIT_RELOAD_CLASS	reload.cc	960
UNREADABLE-function-like	IFDEF	LINK_EH_SPEC	gcc.cc	2112
UNREADABLE-function-like	IFDEF	LINK_EH_SPEC	gcc.cc	2117
UNREADABLE-function-like	IFDEF	LINK_GCC_C_SEQUENCE_SPEC	gcc.cc	977
UNREADABLE-function-like	IFDEF	LINK_SPEC	gcc.cc	785
UNREADABLE-function-like	IFDEF	LOCAL_LABEL_PREFIX	final.cc	4059
UNREADABLE-function-like	IFDEF	LOGICAL_OP_NON_SHORT_CIRCUIT	fold-const.cc	6169
UNREADABLE-function-like	IFDEF	LOGICAL_OP_NON_SHORT_CIRCUIT	tree-ssa-ifcombine.cc	49
UNREADABLE-function-like	IFDEF	LOOP_ALIGN	final.cc	466
UNREADABLE-function-like	IFDEF	MACH_DEP_SECTION_ASM_FLAG	varasm.cc	7270
UNREADABLE-function-like	IFDEF	MAIN_STACK_BOUNDARY	ada/gcc-interface/decl.cc	83
UNREADABLE-function-like	IFDEF	MAKE_DECL_ONE_ONLY	varasm.cc	6961
UNREADABLE-function-like	IFDEF	MATH_LIBRARY	cp/g++spec.cc	38
UNREADABLE-function-like	IFDEF	MATH_LIBRARY	fortran/gfortranspec.cc	58
UNREADABLE-function-like	IFDEF	MATH_LIBRARY	gcc.cc	75
UNREADABLE-function-like	IFDEF	MATH_LIBRARY	go/gospec.cc	38
UNREADABLE-function-like	IFDEF	MATH_LIBRARY	m2/gm2spec.cc	65
UNREADABLE-function-like	IFDEF	MAX_CONDITIONAL_EXECUTE	ifcvt.cc	49
DIVERGENT-OPTION-STATE	IFDEF	MAX_OFILE_ALIGNMENT	ada/gcc-interface/targtyps.cc	155
UNREADABLE-function-like	IFDEF	MEMORY_MOVE_COST	targhooks.cc	2178
UNREADABLE-function-like	IFDEF	MINIMUM_ATOMIC_ALIGNMENT	ada/gcc-interface/decl.cc	10215
UNREADABLE-function-like	IFDEF	MINIMUM_ATOMIC_ALIGNMENT	ada/gcc-interface/decl.cc	994
UNREADABLE-function-like	IFDEF	MODE_BASE_REG_CLASS	target-addr.cc	86
UNREADABLE-function-like	IFDEF	MODE_BASE_REG_REG_CLASS	target-addr.cc	82
UNREADABLE-function-like	IFDEF	MODE_CODE_BASE_REG_CLASS	target-addr.cc	77
UNREADABLE-function-like	IFDEF	MULTILIB_DEFAULTS	gcc.cc	1431
UNREADABLE-function-like	IFDEF	MULTILIB_DEFAULTS	jit/jit-playback.cc	3564
UNREADABLE-function-like	IFDEF	NM_FLAGS	collect2.cc	143
UNREADABLE-function-like	IFDEF	NO_DOLLAR_IN_LABEL	asan.cc	3436
UNREADABLE-function-like	IFDEF	NO_DOLLAR_IN_LABEL	c/c-parser.cc	28704
UNREADABLE-function-like	IFDEF	NO_DOLLAR_IN_LABEL	collect2.cc	502
UNREADABLE-function-like	IFDEF	NO_DOLLAR_IN_LABEL	cp/coroutines.cc	2935
UNREADABLE-function-like	IFDEF	NO_DOLLAR_IN_LABEL	fortran/trans-common.cc	346
UNREADABLE-function-like	IFDEF	NO_DOLLAR_IN_LABEL	lto/lto-partition.cc	1743
UNREADABLE-function-like	IFDEF	NO_DOLLAR_IN_LABEL	symtab.cc	2580
UNREADABLE-function-like	IFDEF	NO_DOLLAR_IN_LABEL	tree.cc	9062
UNREADABLE-function-like	IFDEF	NO_DOLLAR_IN_LABEL	tree.cc	9083
UNREADABLE-function-like	IFDEF	NO_DOLLAR_IN_LABEL	tree-emutls.cc	80
UNREADABLE-function-like	IFDEF	NO_DOT_IN_LABEL	asan.cc	3434
UNREADABLE-function-like	IFDEF	NO_DOT_IN_LABEL	c/c-parser.cc	28702
UNREADABLE-function-like	IFDEF	NO_DOT_IN_LABEL	cgraphclones.cc	623
UNREADABLE-function-like	IFDEF	NO_DOT_IN_LABEL	collect2.cc	506
UNREADABLE-function-like	IFDEF	NO_DOT_IN_LABEL	cp/coroutines.cc	2932
UNREADABLE-function-like	IFDEF	NO_DOT_IN_LABEL	fortran/trans-common.cc	344
UNREADABLE-function-like	IFDEF	NO_DOT_IN_LABEL	lto/lto-partition.cc	1739
UNREADABLE-function-like	IFDEF	NO_DOT_IN_LABEL	lto/lto-partition.cc	1740
UNREADABLE-function-like	IFDEF	NO_DOT_IN_LABEL	symtab.cc	2578
UNREADABLE-function-like	IFDEF	NO_DOT_IN_LABEL	tree.cc	9065
UNREADABLE-function-like	IFDEF	NO_DOT_IN_LABEL	tree.cc	9081
UNREADABLE-function-like	IFDEF	NO_DOT_IN_LABEL	tree-emutls.cc	78
UNREADABLE-function-like	IFDEF	NO_PROFILE_COUNTERS	final.cc	1817
UNREADABLE-function-like	IFDEF	OBJECT_FORMAT_ELF	common/config/rs6000/rs6000-common.cc	73
UNREADABLE-function-like	IFDEF	OBJECT_FORMAT_ELF	d/d-target.cc	502
UNREADABLE-function-like	IFDEF	OBJECT_FORMAT_ELF	dwarf2out.cc	11492
UNREADABLE-function-like	IFDEF	OBJECT_FORMAT_ELF	dwarf2out.cc	11510
UNREADABLE-function-like	IFDEF	OBJECT_FORMAT_ELF	varasm.cc	9056
UNREADABLE-function-like	IFDEF	OPTIMIZE_MODE_SWITCHING	mode-switching.cc	1322
UNREADABLE-function-like	IFDEF	OPTIMIZE_MODE_SWITCHING	mode-switching.cc	1331
UNREADABLE-function-like	IFDEF	OPTIMIZE_MODE_SWITCHING	mode-switching.cc	43
UNREADABLE-function-like	IFDEF	OPTION_GLIBC_P	common/config/s390/s390-common.cc	135
UNREADABLE-function-like	IFDEF	OUTPUT_QUOTED_STRING	final.cc	3843
UNREADABLE-function-like	IFDEF	OVERLAPPING_REGISTER_NAMES	varasm.cc	1047
UNREADABLE-function-like	IFDEF	OVERRIDE_ABI_FORMAT	target-cumargs.cc	170
UNREADABLE-function-like	IFDEF	PAD_VARARGS_DOWN	targhooks.cc	2671
UNREADABLE-function-like	IFDEF	PIC_CASE_VECTOR_ADDRESS	expr.cc	14323
UNREADABLE-function-like	IFDEF	PIC_CASE_VECTOR_ADDRESS	expr.cc	14338
UNREADABLE-function-like	IFDEF	PREFERRED_RELOAD_CLASS	targhooks.cc	2398
UNREADABLE-function-like	IFDEF	PRINT_OPERAND_ADDRESS	targhooks.cc	468
UNREADABLE-function-like	IFDEF	PRINT_OPERAND_PUNCT_VALID_P	targhooks.cc	481
UNREADABLE-function-like	IFDEF	PRINT_OPERAND	targhooks.cc	453
UNREADABLE-function-like	IFDEF	PROFILE_BEFORE_PROLOGUE	targhooks.cc	2385
UNREADABLE-function-like	IFDEF	PROFILE_HOOK	function.cc	5317
UNREADABLE-function-like	IFDEF	PROMOTE_MODE	explow.cc	890
UNREADABLE-function-like	IFDEF	PROMOTE_MODE	explow.cc	905
UNREADABLE-function-like	IFDEF	PROMOTE_MODE	function.cc	1030
UNREADABLE-function-like	IFDEF	PROMOTE_MODE	function.cc	980
UNREADABLE-function-like	IFDEF	PROMOTE_MODE	function.cc	990
UNREADABLE-function-like	IFDEF	PTR_SIZE	algol68/a68-exports.cc	45
UNREADABLE-function-like	IFDEF	PTR_SIZE	algol68/a68-imports.cc	542
UNREADABLE-function-like	IFDEF	PTR_SIZE	dwarf2out.cc	157
UNREADABLE-function-like	IFDEF	PTR_SIZE	vmsdbgout.cc	103
UNREADABLE-function-like	IFDEF	PUSH_ROUNDING	target-cumargs.cc	865
UNREADABLE-function-like	IFDEF	PUSH_ROUNDING	target-cumargs.cc	875
UNREADABLE-function-like	IFDEF	READ_CAN_USE_WRITE_PREFETCH	tree-ssa-loop-prefetch.cc	160
UNREADABLE-function-like	IFDEF	REAL_PIC_OFFSET_TABLE_REGNUM	ira-lives.cc	1684
UNREADABLE-function-like	IFDEF	REAL_PIC_OFFSET_TABLE_REGNUM	lra-lives.cc	1111
UNREADABLE-function-like	IFDEF	RED_ZONE_SIZE	builtins.cc	5572
UNREADABLE-function-like	IFDEF	RED_ZONE_SIZE	rtlanal.cc	549
UNREADABLE-function-like	IFDEF	REG_ALLOC_ORDER	target-regs.cc	143
UNREADABLE-function-like	IFDEF	REG_ALLOC_ORDER	target-regs.cc	268
UNREADABLE-function-like	IFDEF	REGISTER_MOVE_COST	targhooks.cc	2193
UNREADABLE-function-like	IFDEF	REGISTER_PREFIX	c-family/c-cppbuiltin.cc	47
UNREADABLE-function-like	IFDEF	REGISTER_PREFIX	final.cc	4047
UNREADABLE-function-like	IFDEF	REGISTER_PREFIX	varasm.cc	1632
UNREADABLE-function-like	IFDEF	REGISTER_PREFIX	varasm.cc	979
UNREADABLE-function-like	IFDEF	REGISTER_TARGET_PRAGMAS	target-c-ops.cc	155
UNREADABLE-function-like	IFDEF	REGNO_MODE_CODE_OK_FOR_BASE_P	target-addr.cc	118
UNREADABLE-function-like	IFDEF	REGNO_MODE_OK_FOR_BASE_P	target-addr.cc	127
UNREADABLE-function-like	IFDEF	REGNO_MODE_OK_FOR_REG_BASE_P	target-addr.cc	123
UNREADABLE-function-like	IFDEF	REGNO_OK_FOR_INSN_BASE_P	target-addr.cc	115
UNREADABLE-function-like	IFDEF	REG_PARM_STACK_SPACE	target-cumargs.cc	747
UNREADABLE-function-like	IFDEF	REG_PARM_STACK_SPACE	target-cumargs.cc	809
UNREADABLE-function-like	IFDEF	REG_PARM_STACK_SPACE	target-cumargs.cc	841
UNREADABLE-function-like	IFDEF	REG_PARM_STACK_SPACE	target-cumargs.cc	851
UNREADABLE-function-like	IFDEF	RETURN_ADDRESS_POINTER_REGNUM	emit-rtl.cc	6321
UNREADABLE-function-like	IFDEF	RETURN_ADDRESS_POINTER_REGNUM	emit-rtl.cc	825
UNREADABLE-function-like	IFDEF	RETURN_ADDRESS_POINTER_REGNUM	stmt.cc	238
UNREADABLE-function-like	IFDEF	RETURN_ADDRESS_POINTER_REGNUM	varasm.cc	1572
UNREADABLE-function-like	IFDEF	RETURN_ADDR_RTX	builtins.cc	869
UNREADABLE-function-like	IFDEF	RISCV_USE_CUSTOMISED_MULTI_LIB	common/config/riscv/riscv-common.cc	2070
UNREADABLE-function-like	IFDEF	ROUND_TYPE_ALIGN	stor-layout.cc	1802
UNREADABLE-function-like	IFDEF	ROUND_TYPE_ALIGN	stor-layout.cc	1840
UNREADABLE-function-like	IFDEF	ROUND_TYPE_ALIGN	stor-layout.cc	1996
UNREADABLE-function-like	IFDEF	ROUND_TYPE_ALIGN	stor-layout.cc	2751
UNREADABLE-function-like	IFDEF	RS6000_DEFAULT_LONG_DOUBLE_SIZE	common/config/rs6000/rs6000-common.cc	81
UNREADABLE-function-like	IFDEF	SECONDARY_INPUT_RELOAD_CLASS	targhooks.cc	1459
UNREADABLE-function-like	IFDEF	SECONDARY_OUTPUT_RELOAD_CLASS	targhooks.cc	1464
UNREADABLE-function-like	IFDEF	SELECT_CC_MODE	ccmp.cc	308
UNREADABLE-function-like	IFDEF	SELECT_CC_MODE	combine.cc	3216
UNREADABLE-function-like	IFDEF	SELECT_CC_MODE	combine.cc	6931
UNREADABLE-function-like	IFDEF	SELECT_CC_MODE	compare-elim.cc	514
UNREADABLE-function-like	IFDEF	SPARC_STACK_BOUNDARY_HACK	function.cc	4203
UNREADABLE-function-like	IFDEF	SPARC_STACK_BOUNDARY_HACK	rtlanal.cc	483
UNREADABLE-function-like	IFDEF	STACK_ADDRESS_OFFSET	builtins.cc	5502
UNREADABLE-function-like	IFDEF	STACK_ADDRESS_OFFSET	cselib.cc	2800
UNREADABLE-function-like	IFDEF	STACK_ADDRESS_OFFSET	cselib.cc	3473
UNREADABLE-function-like	IFDEF	STACK_ALIGNMENT_NEEDED	cfgexpand.cc	149
UNREADABLE-function-like	IFDEF	STACK_ALIGNMENT_NEEDED	function.cc	97
UNREADABLE-function-like	IFDEF	STACK_DYNAMIC_OFFSET	target-cumargs.cc	745
UNREADABLE-function-like	IFDEF	STACK_PARMS_IN_REG_PARM_AREA	calls.cc	1605
UNREADABLE-function-like	IFDEF	STACK_PARMS_IN_REG_PARM_AREA	calls.cc	4379
UNREADABLE-function-like	IFDEF	STACK_PARMS_IN_REG_PARM_AREA	calls.cc	4470
UNREADABLE-function-like	IFDEF	STACK_PARMS_IN_REG_PARM_AREA	function.cc	2559
DIVERGENT-OPTION-STATE	IFDEF	STACK_POINTER_OFFSET	function.cc	1399
UNREADABLE-function-like	IFDEF	STACK_REGS	target-regstack.cc	208
UNREADABLE-function-like	IFDEF	STACK_REGS	target-regstack.cc	3492
UNREADABLE-function-like	IFDEF	STANDARD_STARTFILE_PREFIX_1	gcc.cc	1712
UNREADABLE-function-like	IFDEF	STANDARD_STARTFILE_PREFIX_2	gcc.cc	1715
UNREADABLE-function-like	IFDEF	STARTFILE_PREFIX_SPEC	gcc.cc	1124
UNREADABLE-function-like	IFDEF	STARTFILE_SPEC	gcc.cc	928
UNREADABLE-function-like	IFDEF	SUBALIGN_LOG	toplev.cc	1258
UNREADABLE-function-like	IFDEF	SYSROOT_SUFFIX_SPEC	gcc.cc	1132
UNREADABLE-function-like	IFDEF	TARGET_64BIT	ada/gcc-interface/decl.cc	62
UNREADABLE-function-like	IFDEF	TARGET_64BIT	ada/gcc-interface/targtyps.cc	226
UNREADABLE-function-like	IFDEF	TARGET_AIX_OS	algol68/a68-exports.cc	40
UNREADABLE-function-like	IFDEF	TARGET_AIX_OS	go/go-backend.cc	48
UNREADABLE-function-like	IFDEF	TARGET_AIX_OS	go/go-lang.cc	42
UNREADABLE-function-like	IFDEF	TARGET_AIX_OS	rust/rust-object-export.cc	48
UNREADABLE-function-like	IFDEF	TARGET_ALIGN_NATURAL	ada/gcc-interface/targtyps.cc	211
UNREADABLE-function-like	IFDEF	TARGET_CAN_SPLIT_STACK_64BIT	go/gospec.cc	123
UNREADABLE-function-like	IFDEF	TARGET_CAN_SPLIT_STACK_64BIT	go/gospec.cc	167
UNREADABLE-function-like	IFDEF	TARGET_CAN_SPLIT_STACK_64BIT	go/gospec.cc	273
UNREADABLE-function-like	IFDEF	TARGET_CAN_SPLIT_STACK	go/gospec.cc	269
UNREADABLE-function-like	IFDEF	TARGET_CPU_CPP_BUILTINS	fortran/cpp.cc	43
UNREADABLE-function-like	IFDEF	TARGET_EDOM	internal-fn.cc	3681
UNREADABLE-function-like	IFDEF	TARGET_EDOM	internal-fn.cc	4755
UNREADABLE-function-like	IFDEF	TARGET_EXTRA_PRE_INCLUDES	incpath.cc	532
UNREADABLE-function-like	IFDEF	TARGET_EXTRA_PRE_INCLUDES	incpath.cc	543
UNREADABLE-function-like	IFDEF	TARGET_FPMATH_DEFAULT	ada/gcc-interface/misc.cc	1250
UNREADABLE-function-like	IFDEF	TARGET_OBJFMT_CPP_BUILTINS	c-family/c-cppbuiltin.cc	43
UNREADABLE-function-like	IFDEF	TARGET_OBJFMT_CPP_BUILTINS	fortran/cpp.cc	51
UNREADABLE-function-like	IFDEF	TARGET_OS_CPP_BUILTINS	c-family/c-cppbuiltin.cc	39
UNREADABLE-function-like	IFDEF	TARGET_OS_CPP_BUILTINS	fortran/cpp.cc	47
UNREADABLE-function-like	IFDEF	TARGET_SPLIT_STACK_NEEDS_GLIBC_2_18	go/gospec.cc	278
UNREADABLE-function-like	IFDEF	TARGET_THREAD_SPLIT_STACK_OFFSET	common/config/i386/i386-common.cc	2084
UNREADABLE-function-like	IFDEF	TARGET_THREAD_SPLIT_STACK_OFFSET	common/config/i386/i386-common.cc	2095
UNREADABLE-function-like	IFDEF	TARGET_USES_SYSV4_OPT	common/config/rs6000/rs6000-common.cc	104
UNREADABLE-function-like	IFDEF	TARGET_USES_SYSV4_OPT	common/config/rs6000/rs6000-common.cc	112
UNREADABLE-function-like	IFDEF	TARGET_USES_SYSV4_OPT	common/config/rs6000/rs6000-common.cc	185
UNREADABLE-function-like	IFDEF	TRAMPOLINE_SECTION	varasm.cc	3048
UNREADABLE-function-like	IFDEF	USE_SELECT_SECTION_FOR_FUNCTIONS	varasm.cc	529
UNREADABLE-function-like	IFDEF	USE_SELECT_SECTION_FOR_FUNCTIONS	varasm.cc	674
UNREADABLE-function-like	IFDEF	VECTOR_STORE_FLAG_VALUE	simplify-rtx.cc	2647
UNREADABLE-function-like	IFDEF	VECTOR_STORE_FLAG_VALUE	simplify-rtx.cc	945
UNREADABLE-function-like	IFDEF	VECTOR_STORE_FLAG_VALUE	simplify-rtx.cc	959
DIVERGENT-BY-VALUE	IF	STACK_GROWS_DOWNWARD	builtins.cc	5477
DIVERGENT-BY-VALUE	IF	STACK_GROWS_DOWNWARD	builtins.cc	5610
DIVERGENT-BY-VALUE	IF	STACK_GROWS_DOWNWARD	builtins.cc	5700
DIVERGENT-BY-VALUE	IF	STACK_GROWS_DOWNWARD	builtins.cc	5735
DIVERGENT-BY-VALUE	IF	STACK_GROWS_DOWNWARD	explow.cc	1786
DIVERGENT-BY-VALUE	IF	STACK_GROWS_DOWNWARD	recog.cc	48
DIVERGENT-BY-VALUE	IF	STACK_GROWS_DOWNWARD	rtlanal.cc	372
DIVERGENT-BY-VALUE	IF	STACK_GROWS_DOWNWARD	rtlanal.cc	582
DIVERGENT-BY-VALUE	IF	STACK_GROWS_DOWNWARD	rtlanal.cc	606
DIVERGENT-BY-VALUE	IF	STORE_FLAG_VALUE	emit-rtl.cc	529
DIVERGENT-BY-VALUE	IF	STORE_FLAG_VALUE	optabs.cc	2026
UNREADABLE-function-like	IF	TARGET_ABI_OPEN_VMS	common/config/alpha/alpha-common.cc	44
DIVERGENT-BY-VALUE	IF	TARGET_DLLIMPORT_DECL_ATTRIBUTES	ada/gcc-interface/decl.cc	61
DIVERGENT-BY-VALUE	IF	TARGET_DLLIMPORT_DECL_ATTRIBUTES	attribs.cc	1862
UNREADABLE-function-like	IF	TARGET_LINUX_ABI	common/config/nds32/nds32-common.cc	86
UNREADABLE-function-like	IF	TARGET_MACHO	algol68/a68-imports.cc	369
DIVERGENT-BY-VALUE	IF	TARGET_SUPPORTS_WIDE_INT	dwarf2out.cc	17014
DIVERGENT-BY-VALUE	IF	TARGET_SUPPORTS_WIDE_INT	dwarf2out.cc	17595
DIVERGENT-BY-VALUE	IF	TARGET_SUPPORTS_WIDE_INT	emit-rtl.cc	200
DIVERGENT-BY-VALUE	IF	TARGET_SUPPORTS_WIDE_INT	emit-rtl.cc	229
DIVERGENT-BY-VALUE	IF	TARGET_SUPPORTS_WIDE_INT	emit-rtl.cc	611
DIVERGENT-BY-VALUE	IF	TARGET_SUPPORTS_WIDE_INT	emit-rtl.cc	633
DIVERGENT-BY-VALUE	IF	TARGET_SUPPORTS_WIDE_INT	emit-rtl.cc	6395
DIVERGENT-BY-VALUE	IF	TARGET_SUPPORTS_WIDE_INT	emit-rtl.cc	668
DIVERGENT-BY-VALUE	IF	TARGET_SUPPORTS_WIDE_INT	emit-rtl.cc	695
DIVERGENT-BY-VALUE	IF	TARGET_SUPPORTS_WIDE_INT	expmed.cc	3610
DIVERGENT-BY-VALUE	IF	TARGET_SUPPORTS_WIDE_INT	recog.cc	1736
DIVERGENT-BY-VALUE	IF	TARGET_SUPPORTS_WIDE_INT	simplify-rtx.cc	2125
DIVERGENT-BY-VALUE	IF	TARGET_SUPPORTS_WIDE_INT	simplify-rtx.cc	5965
DIVERGENT-BY-VALUE	IF	TARGET_SUPPORTS_WIDE_INT	simplify-rtx.cc	80
UNREADABLE-function-like	IF	TARGET_WIN32_TLS	attribs.cc	2017
UNREADABLE-function-like	IF	TARGET_WIN32_TLS	attribs.cc	2047
UNREADABLE-function-like	PP-OTHER	ADDR_VEC_ALIGN	final.cc	490
UNREADABLE-function-like	PP-OTHER	ASM_SPEC	gcc.cc	724
UNREADABLE-function-like	PP-OTHER	CALL_USED_REGISTERS	target-regs.cc	117
UNREADABLE-function-like	PP-OTHER	CC1PLUS_SPEC	gcc.cc	780
UNREADABLE-function-like	PP-OTHER	CC1_SPEC	gcc.cc	774
UNREADABLE-function-like	PP-OTHER	CC_STATUS_INIT	final.cc	93
IDENTITY-BY-VALUE	PP-OTHER	CHAR_TYPE_SIZE	fortran/f95-lang.cc	523
IDENTITY-BY-VALUE	PP-OTHER	CHAR_TYPE_SIZE	fortran/trans-expr.cc	46
UNREADABLE-function-like	PP-OTHER	CONSTANT_POOL_BEFORE_FUNCTION	varasm.cc	1972
UNREADABLE-function-like	PP-OTHER	CPP_SPEC	gcc.cc	754
UNREADABLE-function-like	PP-OTHER	DOLLARS_IN_IDENTIFIERS	c-family/c-opts.cc	50
UNREADABLE-function-like	PP-OTHER	DRIVER_SELF_SPECS	gcc.cc	1438
UNREADABLE-function-like	PP-OTHER	DWARF2_ASM_LINE_DEBUG_INFO	dwarf2out.cc	3353
UNREADABLE-function-like	PP-OTHER	DWARF2_ASM_LINE_DEBUG_INFO	dwarf2out.cc	3368
UNREADABLE-function-like	PP-OTHER	DWARF2_ASM_LINE_DEBUG_INFO	dwarf2out.cc	3369
UNREADABLE-function-like	PP-OTHER	DWARF2_FRAME_INFO	dwarf2cfi.cc	47
UNREADABLE-function-like	PP-OTHER	DWARF2_FRAME_INFO	dwarf2out.cc	151
UNREADABLE-function-like	PP-OTHER	DWARF2_UNWIND_INFO	dwarf2cfi.cc	46
UNREADABLE-function-like	PP-OTHER	DWARF2_UNWIND_INFO	dwarf2cfi.cc	49
UNREADABLE-function-like	PP-OTHER	DWARF2_UNWIND_INFO	dwarf2out.cc	150
UNREADABLE-function-like	PP-OTHER	DWARF2_UNWIND_INFO	dwarf2out.cc	153
UNREADABLE-function-like	PP-OTHER	ENDFILE_SPEC	gcc.cc	935
UNREADABLE-function-like	PP-OTHER	FENCE_FOLLOWING_MOVNT	tree-ssa-loop-prefetch.cc	207
UNREADABLE-function-like	PP-OTHER	GOMP_SELF_SPECS	gcc.cc	1444
UNREADABLE-function-like	PP-OTHER	HAVE_sync_compare_and_swapdi	c-family/c-cppbuiltin.cc	709
UNREADABLE-function-like	PP-OTHER	HAVE_sync_compare_and_swapdi	tree-profile.cc	1855
UNREADABLE-function-like	PP-OTHER	HAVE_sync_compare_and_swaphi	c-family/c-cppbuiltin.cc	685
UNREADABLE-function-like	PP-OTHER	HAVE_sync_compare_and_swapqi	c-family/c-cppbuiltin.cc	672
UNREADABLE-function-like	PP-OTHER	HAVE_sync_compare_and_swapsi	c-family/c-cppbuiltin.cc	697
UNREADABLE-function-like	PP-OTHER	HAVE_sync_compare_and_swapsi	tree-profile.cc	1848
UNREADABLE-function-like	PP-OTHER	INCOMING_REG_PARM_STACK_SPACE	target-cumargs.cc	750
UNREADABLE-function-like	PP-OTHER	INCOMING_REG_PARM_STACK_SPACE	target-cumargs.cc	812
UNREADABLE-function-like	PP-OTHER	INCOMING_RETURN_ADDR_RTX	dwarf2cfi.cc	53
UNREADABLE-function-like	PP-OTHER	INSN_LENGTH_ALIGNMENT	final.cc	494
DIVERGENT-OPTION-STATE	PP-OTHER	INT_TYPE_SIZE	fortran/f95-lang.cc	527
UNREADABLE-function-like	PP-OTHER	IS_ASM_LOGICAL_LINE_SEPARATOR	final.cc	98
UNREADABLE-function-like	PP-OTHER	JUMP_ALIGN	final.cc	475
UNREADABLE-function-like	PP-OTHER	LABEL_ALIGN_AFTER_BARRIER	final.cc	471
UNREADABLE-function-like	PP-OTHER	LABEL_ALIGN	final.cc	463
UNREADABLE-function-like	PP-OTHER	LAST_STACK_REG	target-regstack.cc	218
UNREADABLE-function-like	PP-OTHER	LIBASAN_EARLY_SPEC	gcc.cc	845
UNREADABLE-function-like	PP-OTHER	LIBGCC_SPEC	gcc.cc	918
UNREADABLE-function-like	PP-OTHER	LIBGCC_SPEC	gcc.cc	921
UNREADABLE-function-like	PP-OTHER	LIBGCC_SPEC	gcc.cc	923
UNREADABLE-function-like	PP-OTHER	LIBHWASAN_EARLY_SPEC	gcc.cc	861
UNREADABLE-function-like	PP-OTHER	LIBLSAN_EARLY_SPEC	gcc.cc	893
UNREADABLE-function-like	PP-OTHER	LIB_SPEC	gcc.cc	797
UNREADABLE-function-like	PP-OTHER	LIBSTDCXX	cp/g++spec.cc	46
UNREADABLE-function-like	PP-OTHER	LIBSTDCXX	cp/g++spec.cc	49
UNREADABLE-function-like	PP-OTHER	LIBSTDCXX	d/d-spec.cc	35
UNREADABLE-function-like	PP-OTHER	LIBSTDCXX	d/d-spec.cc	38
UNREADABLE-function-like	PP-OTHER	LIBSTDCXX	m2/gm2spec.cc	73
UNREADABLE-function-like	PP-OTHER	LIBSTDCXX	m2/gm2spec.cc	76
UNREADABLE-function-like	PP-OTHER	LIBTSAN_EARLY_SPEC	gcc.cc	877
UNREADABLE-function-like	PP-OTHER	LINK_GCC_C_SEQUENCE_SPEC	gcc.cc	978
UNREADABLE-function-like	PP-OTHER	LINK_SPEC	gcc.cc	786
UNREADABLE-function-like	PP-OTHER	LOGICAL_OP_NON_SHORT_CIRCUIT	fold-const.cc	6170
UNREADABLE-function-like	PP-OTHER	LOGICAL_OP_NON_SHORT_CIRCUIT	tree-ssa-ifcombine.cc	50
UNREADABLE-function-like	PP-OTHER	LOOP_ALIGN	final.cc	467
UNREADABLE-function-like	PP-OTHER	MATH_LIBRARY	cp/g++spec.cc	39
UNREADABLE-function-like	PP-OTHER	MATH_LIBRARY	cp/g++spec.cc	42
UNREADABLE-function-like	PP-OTHER	MATH_LIBRARY	fortran/gfortranspec.cc	59
UNREADABLE-function-like	PP-OTHER	MATH_LIBRARY	gcc.cc	76
UNREADABLE-function-like	PP-OTHER	MATH_LIBRARY	go/gospec.cc	39
UNREADABLE-function-like	PP-OTHER	MATH_LIBRARY	go/gospec.cc	42
UNREADABLE-function-like	PP-OTHER	MATH_LIBRARY	m2/gm2spec.cc	66
UNREADABLE-function-like	PP-OTHER	MATH_LIBRARY	m2/gm2spec.cc	69
UNREADABLE-function-like	PP-OTHER	MAX_CONDITIONAL_EXECUTE	ifcvt.cc	50
DIVERGENT-OPTION-STATE	PP-OTHER	MAX_OFILE_ALIGNMENT	ada/gcc-interface/targtyps.cc	156
UNREADABLE-function-like	PP-OTHER	MULTILIB_DEFAULTS	gcc.cc	1432
UNREADABLE-function-like	PP-OTHER	MULTILIB_DEFAULTS	jit/jit-playback.cc	3565
UNREADABLE-function-like	PP-OTHER	NM_FLAGS	collect2.cc	144
UNREADABLE-function-like	PP-OTHER	NO_PROFILE_COUNTERS	final.cc	1818
UNREADABLE-function-like	PP-OTHER	PAD_VARARGS_DOWN	targhooks.cc	2672
UNREADABLE-function-like	PP-OTHER	PTR_SIZE	algol68/a68-exports.cc	46
UNREADABLE-function-like	PP-OTHER	PTR_SIZE	algol68/a68-imports.cc	543
UNREADABLE-function-like	PP-OTHER	PTR_SIZE	dwarf2out.cc	158
UNREADABLE-function-like	PP-OTHER	PTR_SIZE	vmsdbgout.cc	104
UNREADABLE-function-like	PP-OTHER	READ_CAN_USE_WRITE_PREFETCH	tree-ssa-loop-prefetch.cc	161
UNREADABLE-function-like	PP-OTHER	REGISTER_PREFIX	c-family/c-cppbuiltin.cc	48
UNREADABLE-function-like	PP-OTHER	REGISTER_TARGET_PRAGMAS	c-family/c-pragma.cc	27
UNREADABLE-function-like	PP-OTHER	REG_PARM_STACK_SPACE	target-cumargs.cc	748
UNREADABLE-function-like	PP-OTHER	REG_PARM_STACK_SPACE	target-cumargs.cc	810
UNREADABLE-function-like	PP-OTHER	RISCV_USE_CUSTOMISED_MULTI_LIB	common/config/riscv/riscv-common.cc	2071
UNREADABLE-function-like	PP-OTHER	RS6000_DEFAULT_LONG_DOUBLE_SIZE	common/config/rs6000/rs6000-common.cc	82
UNREADABLE-function-like	PP-OTHER	SELECT_CC_MODE	compare-elim.cc	517
UNREADABLE-function-like	PP-OTHER	STACK_ALIGNMENT_NEEDED	cfgexpand.cc	150
UNREADABLE-function-like	PP-OTHER	STACK_ALIGNMENT_NEEDED	function.cc	98
UNREADABLE-function-like	PP-OTHER	STACK_DYNAMIC_OFFSET	target-cumargs.cc	754
UNREADABLE-function-like	PP-OTHER	STACK_DYNAMIC_OFFSET	target-cumargs.cc	763
DIVERGENT-OPTION-STATE	PP-OTHER	STACK_POINTER_OFFSET	function.cc	1400
UNREADABLE-function-like	PP-OTHER	STANDARD_STARTFILE_PREFIX_1	gcc.cc	1713
UNREADABLE-function-like	PP-OTHER	STANDARD_STARTFILE_PREFIX_2	gcc.cc	1716
UNREADABLE-function-like	PP-OTHER	STARTFILE_PREFIX_SPEC	gcc.cc	1125
UNREADABLE-function-like	PP-OTHER	STARTFILE_SPEC	gcc.cc	929
UNREADABLE-function-like	PP-OTHER	SYSROOT_SUFFIX_SPEC	gcc.cc	1133
UNREADABLE-function-like	PP-OTHER	TARGET_64BIT	collect2.cc	38
UNREADABLE-function-like	PP-OTHER	TARGET_64BIT	collect2.cc	39
UNREADABLE-function-like	PP-OTHER	TARGET_AIX_OS	algol68/a68-exports.cc	41
UNREADABLE-function-like	PP-OTHER	TARGET_AIX_OS	go/go-backend.cc	49
UNREADABLE-function-like	PP-OTHER	TARGET_AIX_OS	go/go-lang.cc	43
UNREADABLE-function-like	PP-OTHER	TARGET_AIX_OS	rust/rust-object-export.cc	49
UNREADABLE-function-like	PP-OTHER	TARGET_CPU_CPP_BUILTINS	c-family/c-cppbuiltin.cc	26
UNREADABLE-function-like	PP-OTHER	TARGET_CPU_CPP_BUILTINS	fortran/cpp.cc	44
UNREADABLE-function-like	PP-OTHER	TARGET_CPU_DEFAULT	common/config/m32r/m32r-common.cc	59
UNREADABLE-function-like	PP-OTHER	TARGET_DEFAULT	common/config/arm/arm-common.cc	1071
UNREADABLE-function-like	PP-OTHER	TARGET_DEFAULT	common/config/bfin/bfin-common.cc	388
UNREADABLE-function-like	PP-OTHER	TARGET_DEFAULT	common/config/c6x/c6x-common.cc	60
UNREADABLE-function-like	PP-OTHER	TARGET_DEFAULT	common/config/cris/cris-common.cc	90
UNREADABLE-function-like	PP-OTHER	TARGET_DEFAULT	common/config/csky/csky-common.cc	37
UNREADABLE-function-like	PP-OTHER	TARGET_DEFAULT	common/config/h8300/h8300-common.cc	41
UNREADABLE-function-like	PP-OTHER	TARGET_DEFAULT	common/config/ia64/ia64-common.cc	103
UNREADABLE-function-like	PP-OTHER	TARGET_DEFAULT	common/config/mcore/mcore-common.cc	44
UNREADABLE-function-like	PP-OTHER	TARGET_DEFAULT	common/config/microblaze/microblaze-common.cc	28
UNREADABLE-function-like	PP-OTHER	TARGET_DEFAULT	common/config/mmix/mmix-common.cc	28
UNREADABLE-function-like	PP-OTHER	TARGET_DEFAULT	common/config/pa/pa-common.cc	65
UNREADABLE-function-like	PP-OTHER	TARGET_DEFAULT	common/config/s390/s390-common.cc	146
UNREADABLE-function-like	PP-OTHER	TARGET_DEFAULT	common/config/sh/sh-common.cc	151
UNREADABLE-function-like	PP-OTHER	TARGET_DEFAULT	common/config/sparc/sparc-common.cc	36
UNREADABLE-function-like	PP-OTHER	TARGET_DEFAULT	common/config/vax/vax-common.cc	28
UNREADABLE-function-like	PP-OTHER	TARGET_DEFAULT	common/config/xtensa/xtensa-common.cc	43
UNREADABLE-function-like	PP-OTHER	TARGET_EXTRA_PRE_INCLUDES	incpath.cc	544
UNREADABLE-function-like	PP-OTHER	TARGET_HAVE_NAMED_SECTIONS	common/config/epiphany/epiphany-common.cc	39
UNREADABLE-function-like	PP-OTHER	TARGET_HAVE_NAMED_SECTIONS	common/config/nvptx/nvptx-common.cc	39
UNREADABLE-function-like	PP-OTHER	TARGET_HAVE_NAMED_SECTIONS	common/config/nvptx/nvptx-common.cc	40
UNREADABLE-function-like	PP-OTHER	TARGET_OBJFMT_CPP_BUILTINS	c-family/c-cppbuiltin.cc	44
UNREADABLE-function-like	PP-OTHER	TARGET_OBJFMT_CPP_BUILTINS	fortran/cpp.cc	52
UNREADABLE-function-like	PP-OTHER	TARGET_OS_CPP_BUILTINS	c-family/c-cppbuiltin.cc	40
UNREADABLE-function-like	PP-OTHER	TARGET_OS_CPP_BUILTINS	fortran/cpp.cc	48
UNREADABLE-function-like	PP-OTHER	TARGET_SDATA_DEFAULT	common/config/arc/arc-common.cc	102
