UNREADABLE-function-like	STACK_ADDRESS_OFFSET	48	2	<NOT-EXPANDED:function-like>|(((!(!((global_options.x_target_flags&(1U<<0))!=0)))?16*(mt_units_per_word()):64+(mt_units_per_word()))+(((!(!((global_options.x_target_flags&(1U<<0))!=0)))&&((global_options.x_target_flags&(1U<<12))!=0))?2047:0))
UNREADABLE-function-like	REGISTER_MOVE_COST	48	1	<NOT-EXPANDED:function-like>
DIVERGENT-OPTION-STATE	MAX_BITS_PER_WORD	48	3	64|targetm_cdata.bits_per_word|32
UNREADABLE-function-like	IFCVT_MODIFY_TESTS	48	1	<NOT-EXPANDED:function-like>
UNREADABLE-function-like	ASM_DECLARE_OBJECT_NAME	48	2	<NOT-EXPANDED:function-like>|mips_declare_object_name
UNREADABLE-function-like	IFCVT_MODIFY_CANCEL	48	1	<NOT-EXPANDED:function-like>
DIVERGENT-OPTION-STATE	CASE_VECTOR_MODE	48	16	(mt_pmode())|(scalar_int_mode((scalar_int_mode::from_int)E_SImode))|((global_options.x_TARGET_BRANCH_INDEX&&((global_options.x_target_flags&(1U<<5))!=0))?(scalar_int_mode((scalar_int_mode::from_int)E_SImode)):(global_options.x_optimize&&((global_options.x_TARGET_CASE_VECTOR_PC_RELATIVE||(global_options.x_TARGET_BRANCH_INDEX&&((global_options.x_target_flags&(1U<<5))!=0)))||global_options.x_flag_pic))?(scalar_int_mode((scalar_int_mode::from_int)E_QImode)):(mt_pmode()))|(scalar_int_mode((scalar_int_mode::from_int)E_HImode))|(scalar_int_mode((scalar_int_mode::from_int)E_DImode))|(((global_options.x_target_flags&(1U<<9))!=0)&&global_options.x_optimize_size?(scalar_int_mode((scalar_int_mode::from_int)E_HImode)):(mt_pmode()))|(!((global_options.x_ix86_isa_flags&(HOST_WIDE_INT_1U<<4))!=0)||(global_options.x_flag_pic&&global_options.x_ix86_cmodel!=CM_LARGE_PIC)?(scalar_int_mode((scalar_int_mode::from_int)E_SImode)):(scalar_int_mode((scalar_int_mode::from_int)E_DImode)))|ptr_mode|(global_options.x_flag_pic?(scalar_int_mode((scalar_int_mode::from_int)E_SImode)):(mt_pmode()))|(((global_options.x_target_flags&(1U<<5))!=0)?(scalar_int_mode((scalar_int_mode::from_int)E_SImode)):(scalar_int_mode((scalar_int_mode::from_int)E_HImode)))|((scalar_int_mode((scalar_int_mode::from_int)E_SImode)))|((((global_options.x_target_flags&(1U<<15))!=0)&&global_options.x_mips_code_readable==CODE_READABLE_YES)?(scalar_int_mode((scalar_int_mode::from_int)E_SImode)):ptr_mode)|(global_options.x_rs6000_relative_jumptables?(scalar_int_mode((scalar_int_mode::from_int)E_SImode)):(mt_pmode()))|((!global_options.x_optimize||((global_options.x_target_flags&(1U<<6))!=0))?(scalar_int_mode((scalar_int_mode::from_int)E_SImode)):(scalar_int_mode((scalar_int_mode::from_int)E_HImode)))|(!((global_options.x_target_flags&(1U<<11))!=0)?(scalar_int_mode((scalar_int_mode::from_int)E_SImode)):global_options.x_flag_pic?(targ_caps.gas_subsection_ordering?(scalar_int_mode((scalar_int_mode::from_int)E_SImode)):(scalar_int_mode((scalar_int_mode::from_int)E_DImode))):(global_options.x_sparc_code_model==SPARC_CM_MEDLOW)?(scalar_int_mode((scalar_int_mode::from_int)E_SImode)):(scalar_int_mode((scalar_int_mode::from_int)E_DImode)))|(((global_options.x_target_flags&(1U<<3))!=0)?(scalar_int_mode((scalar_int_mode::from_int)E_SImode)):(scalar_int_mode((scalar_int_mode::from_int)E_HImode)))
DIVERGENT-BY-VALUE	SUPPORTS_ONE_ONLY	48	2	1|0
UNREADABLE-function-like	ASM_OUTPUT_ADDR_VEC	48	1	<NOT-EXPANDED:function-like>
DIVERGENT-BY-VALUE	LONG_LONG_FRACT_TYPE_SIZE	48	2	((8)*8)|64
UNREADABLE-function-like	JUMP_ALIGN	48	1	<NOT-EXPANDED:function-like>
DIVERGENT-OPTION-STATE	BITS_BIG_ENDIAN	48	3	0|1|((xtensa_get_config_v1()->xchal_have_be)!=0)
UNREADABLE-function-like	DATA_ABI_ALIGNMENT	48	1	<NOT-EXPANDED:function-like>
UNREADABLE-function-like	CC_STATUS_INIT	48	3	<NOT-EXPANDED:function-like>|do{cfun->machine->thumb1_cc_insn=NULL_RTX;}while(0)|m68k_init_cc()
DIVERGENT-OPTION-STATE	UINT8_TYPE	48	3	"unsignedchar"|((8)==8?"unsignedchar":0)|8==8?"unsignedchar":0
UNREADABLE-function-like	TARGET_USES_SYSV4_OPT	48	2	<NOT-EXPANDED:function-like>|1
DIVERGENT-OPTION-STATE	INT_LEAST32_TYPE	48	11	"int"|((((targetm_cdata.long_type_size)==32)?"longint":32==32?"int":16==32?"shortint":(8)==32?"signedchar":0)?(((targetm_cdata.long_type_size)==32)?"longint":32==32?"int":16==32?"shortint":(8)==32?"signedchar":0):((targetm_cdata.long_type_size)==64?"longint":64==64?"longlongint":32==64?"int":0)?((targetm_cdata.long_type_size)==64?"longint":64==64?"longlongint":32==64?"int":0):0)|((((targetm_cdata.long_type_size)==32)?"longint":(targetm_cdata.bits_per_word)==32?"int":((8)*MIN(((mt_units_per_word())+1)/2,2))==32?"shortint":(8)==32?"signedchar":0)?(((targetm_cdata.long_type_size)==32)?"longint":(targetm_cdata.bits_per_word)==32?"int":((8)*MIN(((mt_units_per_word())+1)/2,2))==32?"shortint":(8)==32?"signedchar":0):((targetm_cdata.long_type_size)==64?"longint":((targetm_cdata.bits_per_word)*2)==64?"longlongint":(targetm_cdata.bits_per_word)==64?"int":0)?((targetm_cdata.long_type_size)==64?"longint":((targetm_cdata.bits_per_word)*2)==64?"longlongint":(targetm_cdata.bits_per_word)==64?"int":0):0)|((((global_options.x_target_flags&(1U<<6))!=0)?8:16)==16?"longint":"longlongint")|((((targetm_cdata.long_type_size)==32)?"longint":32==32?"int":16==32?"shortint":8==32?"signedchar":0)?(((targetm_cdata.long_type_size)==32)?"longint":32==32?"int":16==32?"shortint":8==32?"signedchar":0):((targetm_cdata.long_type_size)==64?"longint":64==64?"longlongint":32==64?"int":0)?((targetm_cdata.long_type_size)==64?"longint":64==64?"longlongint":32==64?"int":0):0)|((((targetm_cdata.long_type_size)==32)?"longint":32==32?"int":((8)*MIN(((mt_units_per_word())+1)/2,2))==32?"shortint":(8)==32?"signedchar":0)?(((targetm_cdata.long_type_size)==32)?"longint":32==32?"int":((8)*MIN(((mt_units_per_word())+1)/2,2))==32?"shortint":(8)==32?"signedchar":0):((targetm_cdata.long_type_size)==64?"longint":64==64?"longlongint":32==64?"int":0)?((targetm_cdata.long_type_size)==64?"longint":64==64?"longlongint":32==64?"int":0):0)|((((targetm_cdata.long_type_size)==32)?"longint":(((global_options.x_target_flags&(1U<<4))!=0)?32:16)==32?"int":16==32?"shortint":(8)==32?"signedchar":0)?(((targetm_cdata.long_type_size)==32)?"longint":(((global_options.x_target_flags&(1U<<4))!=0)?32:16)==32?"int":16==32?"shortint":(8)==32?"signedchar":0):((targetm_cdata.long_type_size)==64?"longint":64==64?"longlongint":(((global_options.x_target_flags&(1U<<4))!=0)?32:16)==64?"int":0)?((targetm_cdata.long_type_size)==64?"longint":64==64?"longlongint":(((global_options.x_target_flags&(1U<<4))!=0)?32:16)==64?"int":0):0)|((((targetm_cdata.long_type_size)==32)?"longint":(((global_options.x_target_flags&(1U<<7))!=0)?16:32)==32?"int":((8)*MIN(((mt_units_per_word())+1)/2,2))==32?"shortint":(8)==32?"signedchar":0)?(((targetm_cdata.long_type_size)==32)?"longint":(((global_options.x_target_flags&(1U<<7))!=0)?16:32)==32?"int":((8)*MIN(((mt_units_per_word())+1)/2,2))==32?"shortint":(8)==32?"signedchar":0):((targetm_cdata.long_type_size)==64?"longint":((targetm_cdata.bits_per_word)*2)==64?"longlongint":(((global_options.x_target_flags&(1U<<7))!=0)?16:32)==64?"int":0)?((targetm_cdata.long_type_size)==64?"longint":((targetm_cdata.bits_per_word)*2)==64?"longlongint":(((global_options.x_target_flags&(1U<<7))!=0)?16:32)==64?"int":0):0)|((((targetm_cdata.long_type_size)==32)?"longint":(targetm_cdata.bits_per_word)==32?"int":((8)*MIN(((mt_units_per_word())+1)/2,2))==32?"shortint":(8)==32?"signedchar":0)?(((targetm_cdata.long_type_size)==32)?"longint":(targetm_cdata.bits_per_word)==32?"int":((8)*MIN(((mt_units_per_word())+1)/2,2))==32?"shortint":(8)==32?"signedchar":0):((targetm_cdata.long_type_size)==64?"longint":64==64?"longlongint":(targetm_cdata.bits_per_word)==64?"int":0)?((targetm_cdata.long_type_size)==64?"longint":64==64?"longlongint":(targetm_cdata.bits_per_word)==64?"int":0):0)|((((targetm_cdata.long_type_size)==32)?"longint":16==32?"int":16==32?"shortint":(8)==32?"signedchar":0)?(((targetm_cdata.long_type_size)==32)?"longint":16==32?"int":16==32?"shortint":(8)==32?"signedchar":0):((targetm_cdata.long_type_size)==64?"longint":64==64?"longlongint":16==64?"int":0)?((targetm_cdata.long_type_size)==64?"longint":64==64?"longlongint":16==64?"int":0):0)|((((targetm_cdata.long_type_size)==32)?"longint":(((global_options.x_target_flags&(1U<<6))==0)?16:32)==32?"int":16==32?"shortint":(8)==32?"signedchar":0)?(((targetm_cdata.long_type_size)==32)?"longint":(((global_options.x_target_flags&(1U<<6))==0)?16:32)==32?"int":16==32?"shortint":(8)==32?"signedchar":0):((targetm_cdata.long_type_size)==64?"longint":64==64?"longlongint":(((global_options.x_target_flags&(1U<<6))==0)?16:32)==64?"int":0)?((targetm_cdata.long_type_size)==64?"longint":64==64?"longlongint":(((global_options.x_target_flags&(1U<<6))==0)?16:32)==64?"int":0):0)
UNREADABLE-function-like	IFCVT_MODIFY_INSN	48	1	<NOT-EXPANDED:function-like>
UNREADABLE-function-like	REVERSE_CONDITION	48	1	<NOT-EXPANDED:function-like>
UNREADABLE-function-like	LINK_EH_SPEC	48	2	"%{!static|static-pie:--eh-frame-hdr}"|<NOT-EXPANDED:function-like>
UNREADABLE-function-like	TARGET_OBJFMT_CPP_BUILTINS	48	1	<NOT-EXPANDED:function-like>
UNREADABLE-function-like	REGNO_MODE_CODE_OK_FOR_BASE_P	48	1	<NOT-EXPANDED:function-like>
UNREADABLE-function-like	LIBCALL_VALUE	48	1	<NOT-EXPANDED:function-like>
UNREADABLE-function-like	CTZ_DEFINED_VALUE_AT_ZERO	48	1	<NOT-EXPANDED:function-like>
UNREADABLE-function-like	ASM_OUTPUT_TYPE_DIRECTIVE	48	1	<NOT-EXPANDED:function-like>
DIVERGENT-OPTION-STATE	UINT_FAST64_TYPE	48	10	((targetm_cdata.long_type_size)==64?"longunsignedint":"longlongunsignedint")|(32>=64?"unsignedint":((targetm_cdata.long_type_size)==64?"longunsignedint":64==64?"longlongunsignedint":32==64?"unsignedint":0))|((targetm_cdata.bits_per_word)>=64?"unsignedint":((targetm_cdata.long_type_size)==64?"longunsignedint":((targetm_cdata.bits_per_word)*2)==64?"longlongunsignedint":(targetm_cdata.bits_per_word)==64?"unsignedint":0))|((((global_options.x_target_flags&(1U<<6))!=0)?8:16)==16?"longlongunsignedint":0)|"longunsignedint"|((((global_options.x_target_flags&(1U<<4))!=0)?32:16)>=64?"unsignedint":((targetm_cdata.long_type_size)==64?"longunsignedint":64==64?"longlongunsignedint":(((global_options.x_target_flags&(1U<<4))!=0)?32:16)==64?"unsignedint":0))|((((global_options.x_target_flags&(1U<<7))!=0)?16:32)>=64?"unsignedint":((targetm_cdata.long_type_size)==64?"longunsignedint":((targetm_cdata.bits_per_word)*2)==64?"longlongunsignedint":(((global_options.x_target_flags&(1U<<7))!=0)?16:32)==64?"unsignedint":0))|((targetm_cdata.bits_per_word)>=64?"unsignedint":((targetm_cdata.long_type_size)==64?"longunsignedint":64==64?"longlongunsignedint":(targetm_cdata.bits_per_word)==64?"unsignedint":0))|(16>=64?"unsignedint":((targetm_cdata.long_type_size)==64?"longunsignedint":64==64?"longlongunsignedint":16==64?"unsignedint":0))|((((global_options.x_target_flags&(1U<<6))==0)?16:32)>=64?"unsignedint":((targetm_cdata.long_type_size)==64?"longunsignedint":64==64?"longlongunsignedint":(((global_options.x_target_flags&(1U<<6))==0)?16:32)==64?"unsignedint":0))
DIVERGENT-OPTION-STATE	SLOW_BYTE_ACCESS	48	5	1|0|((global_options.x_target_flags&(1U<<11))!=0)|((global_options.x_target_flags&(1U<<7))!=0)|(!((global_options.x_target_flags&(1U<<15))!=0))
UNREADABLE-function-like	INIT_ARRAY_SECTION_ASM_OP	48	2	|<NOT-EXPANDED:function-like>
UNREADABLE-function-like	ASM_OUTPUT_LABELREF	48	1	<NOT-EXPANDED:function-like>
UNREADABLE-function-like	ASM_OUTPUT_LABEL	48	1	<NOT-EXPANDED:function-like>
UNREADABLE-function-like	CALL_REALLY_USED_REGISTERS	48	13	{1,1,1,1,1,1,1,1,1,1,1,1,1,1,1,1,1,1,1,0,0,0,0,0,0,0,0,0,0,1,1,1,1,1,1,1,1,1,1,1,0,0,0,0,0,0,0,0,1,1,1,1,1,1,1,1,1,1,1,1,1,1,1,1,1,1,1,0,1,1,1,1,1,1,1,1,1,1,1,1,1,1,1,1,1,1,1,0,0,0,0,0,0,0,0}|<NOT-EXPANDED:function-like>|{1,1,1,1,0,0,0,0,0,0,0,0,1,1,1,0,0,0,1,1,1,1,1,1,1,1,1,1,1,1,1,1,1,1,1,1,1,1,1,1,1,1,1,1,1,1,1,1,1,1,1,1,1,1,1,1,1,1,1,1,1,1,1,1,1,1,1,1,1,1,1,1,1,1,1,1,1,1,1,1,1,1,1,1,1,1,1,1,1,1,1,1,1,1,1,1,1,1,1,1,1,1,1,1,1,1,1,1,1,1,1,1,1,1,1,1,1,1,1,1,1,1,1,1,1,1,1,1,1,1,1,1,1,1,1,1,1,1,1,1,1,1,1,1,1,1,1,1,1,1,1,1,1,1,1,1,1,1,1,1,1,1,1,1,1,1,1,1,1,1,1,1,1,1,1,1,1,1,1,1,1,1,1,1,1,1,1,1,1,1,1,1,1,1,1,1,1,1,1,1,1,1}|{0,1,1,1,0,0,0,0,1,1,1,1,0,0,1,1,1,1,1,1,1,1,1,1,1,1,1,1,1,1,1,1,0,0,0,0,0,0,0,0,0,0,0,0,0,0,0,0,0,0,0,0,0,0,0,0,0,0,0,0,0,0,0,0,0,0,0,0,0,0,0,0,0,0,0,0,0,0,0,0,0,0,0,0,0,0,0,0,0,0,0,0,0,0,0,0,0,0,0,0,0,0,0,0,0,0,0,0,0,0,0,0,0,0,0,0,0,0,0,0,1,1,1,1,1,1,1,1,0,0,0,0,0,0,1,1,1,1,1,1,1,1,1,1,0,0,0,0,0,0,0,0,0,0,0,0,0,0,0,0,1,1,1,1,1,1,1,1,1,1,1,1,1,1,1,1,1,1,1,1,1,1,1,1,1,1,1,1,1,1,1,1,1,1,1,1,1,1,1,1,1,1,1,1,1,1,1,1,1,1,1,1,1,1,1,1,1,1,1,1,1,1,1,1,1,1,1,1,1,1,1,1,1,1,1,1,1,1,1,1,1,1,1,1,1,1,1,1,1,1,1,1,1,1,1,1,0,0,0,0,0,0,1,1,1,1,1,1,1,1,1,1,0,0,0,0,0,0,0,0,0,0,0,0,0,0,0,0,0,0,0,0,0,0,0,0,0,0,0,0,0,0,0,0,0,0,0,0,0,0,0,0,0,0,0,0,0,0,0,0,1,0,0,0,0,0,1,1,0,1,0,1,0,0}|{1,1,1,1,1,1,1,1,0,0,0,0,0,0,1,1,1,1,1,1}|{1,1,1,1,1,1,1,1,1,1,1,1,1,1,1,1,0,0,0,0,0,0,0,0,1,1,1,1,0,1,0,0,1,1,1,1,1,1,1,1,1,1,1,1,1,1,1,1,1,1,1,1,0,0,0,0,0,0,0,0,0,0,0,0,1,1,1,1,1,1,1,1,1,1,1,1,1,1,1,0,0,0,0,0,0,0,0,0,0,0,0,0,0,0,0,0,0,0,0,0,0,0,0,0,0,0,0,0,0,0,0,0,0,0,0,0,0,0,0,0,0,0,0,0,0,0,0,0,0,0,0,0,0,0,0,0,0,0,0,0,0,0,0,0,0,0,0,0,0,0,0,0,0,0,0,0,0,0,0,0,0,0,0,0,0,0,0,0,0,0,0,0,0,0,0,0,1,1,1,1,1,1,0,0,0,0,0,0}|{1,1,0,0,1,1,0,0,1,1,1,1,1,1,0,0,0,0,1,1,1,1,0,0,0,0,0,0,0,0,0,0,0,0,0,0,0,0,1,1,1,1,1,1,1,1,1,1,1,1,1,1}|{1,1,1,1,1,1,1,1,1,1,1,1,1,1,0,0,0,0,0,0,0,0,0,0,0,0,0,0,0,0,0,0,1,1,1,1,1,1,1,1,1,1,1,1,1,1,0,0,0,0,0,0,0,0,0,0,0,0,0,0,0,0,0,0,0,0,0,0,0,0,0,0,0,0,0,0,0,0,0,0,0,0,0,0,0,0,0,0,0,0,0,0,0,0,0,0,1,1,1,1,1,1,0,0,0,1,1,1,0,0,0,1,1,1,1,1,1,1,1}|{1,1,1,1,1,1,0,0,0,0,0,0,0,0,0,0,1,1,1,1,1,1,1,1,1,1,1,1,1,1,1,1,1,1,1,1,0,0,1,1,1,1,1,1,1,1,1,1,1,1,1,1,1,1}|{1,1,1,1,1,1,1,1,0,0,0,0,0,0,0,1,1,1,1,1,1,1,1,1,1,1,1,1,0,0,0,0,0,0,0,0,1,1,1,1,1,1,1,1,0,0,0,0,0,0,0,0,0,0,0,0,0,0,0,0,1,1,1,1,1,1,1,1,1,1,1,1,1,1,1,1,0,0,0,0,1,1,1,1,1,1,1,1,1,1,1,1,1,1,1,1,1,1,1,1,0,0,0,0,0,0,0,0,0,0,0,0,0,0,0,0,0,0,0,0,0,0,0,0,0,0,0,0,1,1,1,1,1,0,0,0,1,1,1,1,1,1,0,0,0,1,1,1,1,1,1,1,1,1,0,0,}|{1,1,1,1,1,1,1,1,1,1,1,1,1,1,1,1,0,0,0,0,0,0,0,0,0,0,0,0,0,0,0,0,1,1,1,1,1,1,1,1,1,1,1,1,1,1,1,1,1,1,1,1,1,1,1,1,1,1,1,1,1,1,1,1,1,1,1,1,1,1,1,1,1,1,1,1,1,1,1,1,1,1,1,1,1,1,1,1,1,1,1,1,1,1,1,1,1,1,1,1,1,1,1}|{0,1,1,1,1,1,1,1,1,1,1,0,0,0,0,0,0,0,0,0,1,0,0,0,1,1,1,1,1,0,0,1,1,1,1,1,1,1,1,1,1,1,1,0,0,0,0,0,0,0,1,0,0}|{1,0,4,4,4,4,4,4,1,1,1,1,2,2,2,2,0,0,1,1,1,1,1,1,1,1,1,1,1,1,1,1,1,1,1,1,}
UNREADABLE-function-like	DOLLARS_IN_IDENTIFIERS	48	2	<NOT-EXPANDED:function-like>|0
UNREADABLE-function-like	PROFILE_HOOK	48	1	<NOT-EXPANDED:function-like>
DIVERGENT-OPTION-STATE	NO_FUNCTION_CSE	48	3	1|false|global_options.x_optimize>=2&&!global_options.x_optimize_size
UNREADABLE-function-like	MAX_CONDITIONAL_EXECUTE	48	4	<NOT-EXPANDED:function-like>|arm_max_conditional_execute()|global_options.x_frv_condexec_insns|12
UNREADABLE-function-like	LAST_INDEX_REG	48	2	<NOT-EXPANDED:function-like>|6
UNREADABLE-function-like	CONSTANT_POOL_BEFORE_FUNCTION	48	2	0|<NOT-EXPANDED:function-like>
UNREADABLE-function-like	DBR_OUTPUT_SEQEND	48	1	<NOT-EXPANDED:function-like>
UNREADABLE-function-like	ASM_PREFERRED_EH_DATA_FORMAT	48	1	<NOT-EXPANDED:function-like>
UNREADABLE-function-like	IFCVT_MODIFY_MULTIPLE_TESTS	48	1	<NOT-EXPANDED:function-like>
UNREADABLE-function-like	PROMOTE_MODE	48	1	<NOT-EXPANDED:function-like>
UNREADABLE-function-like	GO_IF_LEGITIMATE_ADDRESS	48	1	<NOT-EXPANDED:function-like>
UNREADABLE-function-like	BIGGEST_FIELD_ALIGNMENT	48	3	<NOT-EXPANDED:function-like>|(mt_biggest_alignment())|(((global_options.x_target_flags&(1U<<4))!=0)?8:32)
DIVERGENT-BY-VALUE	WORD_REGISTER_OPERATIONS	48	2	0|1
DIVERGENT-BY-VALUE	TARGET_HAS_FMV_TARGET_ATTRIBUTE	48	2	0|1
UNREADABLE-function-like	TARGET_ALIGN_NATURAL	48	2	<NOT-EXPANDED:function-like>|global_options.x_rs6000_alignment_flags&0x00000001
UNREADABLE-function-like	SUBALIGN_LOG	48	2	<NOT-EXPANDED:function-like>|3
UNREADABLE-function-like	MULTILIB_DEFAULTS	48	15	{"mabi=lp64"}|<NOT-EXPANDED:function-like>|{"mmcu=""avr2"}|{"mlittle-endian","mcpu=ck810f","mfloat-abi=soft"}|{"m32"}|{"mmodel=small","m32r"}|{"mlittle-endian","m340"}|{"EB","mips1","mabi=o64"}|{"meb"}|{"mbig-endian","mcmodel=large"}|{"mloop","mmul","mfillzero"}|{"march=""rv64gc","mabi=""lp64d"}|{"m64"}|{"mb","m1"}|{"mcpu=gr5"}
DIVERGENT-BY-VALUE	HAVE_COMDAT_GROUP	48	2	1|0
UNREADABLE-function-like	ASM_FPRINTF_EXTENSIONS	48	1	<NOT-EXPANDED:function-like>
UNREADABLE-function-like	ASM_OUTPUT_OPCODE	48	1	<NOT-EXPANDED:function-like>
UNREADABLE-function-like	REG_ALLOC_ORDER	48	39	{}|{1,2,3,4,5,6,7,8,22,23,24,25,28,0,21,20,19,18,17,16,27,42,43,44,45,46,47,54,55,56,57,58,59,60,61,62,32,33,53,52,51,50,49,48,9,10,11,12,13,14,26,15,34,35,36,37,38,39,40,41,29,30,31,63}|{2,3,12,13,14,15,1,0,4,5,6,7,8,9,10,11,16,17,18,19,20,21,22,23,24,25,26,27,30,32,33,34,35,36,37,38,39,40,41,42,43,44,45,46,47,48,49,50,51,52,53,54,55,56,57,58,59,64,65,66,67,68,69,70,71,72,73,74,75,76,77,78,79,80,81,82,83,84,85,86,87,88,89,90,91,92,93,94,95,96,97,98,99,100,101,102,103,104,105,106,107,108,109,110,111,112,113,114,115,116,117,118,119,120,121,122,123,124,125,126,127,128,129,130,131,132,133,134,135,136,137,138,139,140,141,142,143,62,(mt_frame_pointer_regnum()),(mt_arg_pointer_regnum()),28,29,31,60,61,63}|{3,2,1,0,12,14,4,5,6,7,8,9,10,11,(16+(32)),(16+(33)),(16+(34)),(16+(35)),(16+(36)),(16+(37)),(16+(38)),(16+(39)),(16+(40)),(16+(41)),(16+(42)),(16+(43)),(16+(44)),(16+(45)),(16+(46)),(16+(47)),(16+(48)),(16+(49)),(16+(50)),(16+(51)),(16+(52)),(16+(53)),(16+(54)),(16+(55)),(16+(56)),(16+(57)),(16+(58)),(16+(59)),(16+(60)),(16+(61)),(16+(62)),(16+(63)),(16+(15)),(16+(14)),(16+(13)),(16+(12)),(16+(11)),(16+(10)),(16+(9)),(16+(8)),(16+(7)),(16+(6)),(16+(5)),(16+(4)),(16+(3)),(16+(2)),(16+(1)),(16+(0)),(16+(16)),(16+(17)),(16+(18)),(16+(19)),(16+(20)),(16+(21)),(16+(22)),(16+(23)),(16+(24)),(16+(25)),(16+(26)),(16+(27)),(16+(28)),(16+(29)),(16+(30)),(16+(31)),80,81,(mt_frame_pointer_regnum()),(mt_arg_pointer_regnum()),13,15,84,85,86,87}|{24,25,18,19,20,21,22,23,30,31,26,27,28,29,17,16,15,14,13,12,11,10,9,8,7,6,5,4,3,2,0,1,32,33,34,35,36}|{0,1,2,3,7,6,5,4,10,9,8,13,12,11,14,15,32,33,16,17,18,19,20,21,22,23,24,25,26,27,28,29,30,31,35,36,37,38,39,40,41,42,34,43,44,45,46,47,48,49}|<NOT-EXPANDED:function-like>|{0,3,4,5,6,7,8,9,16,17,18,19,20,21,22,23,24,25,26,27,28,29,30,31,36,37,38,39,40,41,48,49,50,51,52,53,54,55,56,57,58,59,60,61,62,63,10,11,12,13,14,15,35,42,43,44,45,46,47,1,2,32,33,34,66}|{9,13,12,11,10,0,1,2,3,4,5,6,7,8,14,15,17,16,18,19,20}|{3,2,1,0,12,13,18,19,20,21,22,23,24,25,15,4,5,6,7,8,9,10,11,16,17,26,27,28,29,30,34,35,52,53,54,55,56,57,58,59,60,61,62,63,64,65,66,67,71,72,73,74,75,76,77,78,79,80,81,82,83,84,85,86,36,37,38,39,40,41,42,43,44,45,46,47,48,49,50,51,87,88,89,90,91,92,93,94,95,96,97,98,99,100,101,102,14,31,32,33,68,69,70}|{0,1,2,3,12,16,17,18,19,20,21,22,23,24,25,26,27,44,45,46,47,48,49,50,51,52,53,54,55,56,57,58,59,60,61,62,63,4,5,6,7,15,8,9,10,11,32,33,34,35,36,37,38,39,40,41,42,43,14,13,28,29,30,31,64,65,66,67,68,69,70,71,72,73,74,75,76,77}|{0+4,0+5,0+6,0+7,0+8,0+9,0+10,0+11,0+12,0+13,0+14,0+15,0+32,0+33,0+34,0+35,0+36,0+37,0+38,0+39,0+40,0+41,0+42,0+43,0+44,0+45,0+46,0+47,64+0,64+1,64+2,64+3,64+4,64+5,64+6,64+7,64+8,64+9,64+10,64+11,64+12,64+13,64+14,64+15,64+32,64+33,64+34,64+35,64+36,64+37,64+38,64+39,64+40,64+41,64+42,64+43,64+44,64+45,64+46,64+47,(128+4)+0,(128+4)+1,(128+4)+2,(128+4)+3,(128)+0,(128)+1,(128)+2,(128)+3,136+0,136+1,136+2,136+3,136+4,136+5,136+6,136+7,0+18,0+19,0+20,0+21,0+22,0+23,0+24,0+25,0+26,0+27,0+48,0+49,0+50,0+51,0+52,0+53,0+54,0+55,0+56,0+57,0+58,0+59,0+60,0+61,0+62,0+63,0+16,0+17,64+16,64+17,64+18,64+19,64+20,64+21,64+22,64+23,64+24,64+25,64+26,64+27,64+28,64+29,64+30,64+31,64+48,64+49,64+50,64+51,64+52,64+53,64+54,64+55,64+56,64+57,64+58,64+59,64+60,64+61,64+62,64+63,0+0,0+1,0+2,0+3,0+28,0+29,0+30,0+31,144+0,144+1,144+2,144+3,144+4,144+5,144+6,144+7,144+8,144+9,144+10,144+11,156+0,156+1,156+2,156+3,156+4,156+5,156+6,156+7,156+8,156+9,156+10,156+11,168,(169),(169+1),(169+2)+0,(169+2)+1}|{2,3,0,1,4,5,6,8,7,9,10,11,12}|{0,1,2,3,4,5,6,7,8,9,10,11,12,13,14,15,16,17,18,19,20,21,22,23,24,25,26,27,28,29,30,31,32,33,34,35,36,37,38,39,40,41,42,43,44,45,46,47,48,49,50,51,52,53,54,55,56,57,58,59,60,61,62,63,64,65,66,67,68,69,70,71,72,73,74,75,76,77,78,79,80,81,82,83,84,85,86,87,88,89,90,91}|{((14)+0),((15)+0),((16)+0),((17)+0),((18)+0),((19)+0),((20)+0),((21)+0),((22)+0),((23)+0),((24)+0),((25)+0),((26)+0),((27)+0),((28)+0),((29)+0),((30)+0),((31)+0),((120)+0),((121)+0),((122)+0),((123)+0),((124)+0),((125)+0),((126)+0),((127)+0),((8)+0),((9)+0),((10)+0),((11)+0),((2)+0),((3)+0),((6)+128),((7)+128),((8)+128),((9)+128),((10)+128),((11)+128),((12)+128),((13)+128),((14)+128),((15)+128),((32)+128),((33)+128),((34)+128),((35)+128),((36)+128),((37)+128),((38)+128),((39)+128),((40)+128),((41)+128),((42)+128),((43)+128),((44)+128),((45)+128),((46)+128),((47)+128),((48)+128),((49)+128),((50)+128),((51)+128),((52)+128),((53)+128),((54)+128),((55)+128),((56)+128),((57)+128),((58)+128),((59)+128),((60)+128),((61)+128),((62)+128),((63)+128),((64)+128),((65)+128),((66)+128),((67)+128),((68)+128),((69)+128),((70)+128),((71)+128),((72)+128),((73)+128),((74)+128),((75)+128),((76)+128),((77)+128),((78)+128),((79)+128),((80)+128),((81)+128),((82)+128),((83)+128),((84)+128),((85)+128),((86)+128),((87)+128),((88)+128),((89)+128),((90)+128),((91)+128),((92)+128),((93)+128),((94)+128),((95)+128),((96)+128),((97)+128),((98)+128),((99)+128),((100)+128),((101)+128),((102)+128),((103)+128),((104)+128),((105)+128),((106)+128),((107)+128),((108)+128),((109)+128),((110)+128),((111)+128),((112)+128),((113)+128),((114)+128),((115)+128),((116)+128),((117)+128),((118)+128),((119)+128),((120)+128),((121)+128),((122)+128),((123)+128),((124)+128),((125)+128),((126)+128),((127)+128),((6)+256),((7)+256),((8)+256),((9)+256),((10)+256),((11)+256),((12)+256),((13)+256),((14)+256),((15)+256),((16)+256),((17)+256),((18)+256),((19)+256),((20)+256),((21)+256),((22)+256),((23)+256),((24)+256),((25)+256),((26)+256),((27)+256),((28)+256),((29)+256),((30)+256),((31)+256),((32)+256),((33)+256),((34)+256),((35)+256),((36)+256),((37)+256),((38)+256),((39)+256),((40)+256),((41)+256),((42)+256),((43)+256),((44)+256),((45)+256),((46)+256),((47)+256),((48)+256),((49)+256),((50)+256),((51)+256),((52)+256),((53)+256),((54)+256),((55)+256),((56)+256),((57)+256),((58)+256),((59)+256),((60)+256),((61)+256),((62)+256),((63)+256),((6)+320),((7)+320),((32)+0),((33)+0),((34)+0),((35)+0),((36)+0),((37)+0),((38)+0),((39)+0),((40)+0),((41)+0),((42)+0),((43)+0),((44)+0),((45)+0),((46)+0),((47)+0),((48)+0),((49)+0),((50)+0),((51)+0),((52)+0),((53)+0),((54)+0),((55)+0),((56)+0),((57)+0),((58)+0),((59)+0),((60)+0),((61)+0),((62)+0),((63)+0),((64)+0),((65)+0),((66)+0),((67)+0),((68)+0),((69)+0),((70)+0),((71)+0),((72)+0),((73)+0),((74)+0),((75)+0),((76)+0),((77)+0),((78)+0),((79)+0),((80)+0),((81)+0),((82)+0),((83)+0),((84)+0),((85)+0),((86)+0),((87)+0),((88)+0),((89)+0),((90)+0),((91)+0),((92)+0),((93)+0),((94)+0),((95)+0),((96)+0),((97)+0),((98)+0),((99)+0),((100)+0),((101)+0),((102)+0),((103)+0),((104)+0),((105)+0),((106)+0),((107)+0),((108)+0),((112)+0),((113)+0),((114)+0),((115)+0),((116)+0),((117)+0),((118)+0),((119)+0),((4)+0),((5)+0),((6)+0),((7)+0),((2)+128),((3)+128),((4)+128),((5)+128),((16)+128),((17)+128),((18)+128),((19)+128),((20)+128),((21)+128),((22)+128),((23)+128),((24)+128),((25)+128),((26)+128),((27)+128),((28)+128),((29)+128),((30)+128),((31)+128),((1)+256),((2)+256),((3)+256),((4)+256),((5)+256),((1)+320),((2)+320),((3)+320),((4)+320),((5)+320),((109)+0),((110)+0),((111)+0),((0)+0),((1)+0),((12)+0),((13)+0),((0)+128),((1)+128),((0)+256),((0)+320),(mt_frame_pointer_regnum()),329,330,331,332,333}|{0,1,2,3,4,5,6,7,8,9,10,11,12,13,14,15,16,17,18,19,20,21,22,23,24,25,26,27,28,29,30,31}|{12,13,14,15,16,17,18,19,20,4,5,6,7,8,9,10,11,1,23,24,25,26,27,28,29,30,31,0,2,3,21,22,32,33,34,35,36,37,38,39,40,41,42,43,44,45,46,47,48,49,50,51,52,53,54,55,56,57,58,59,60,61,62,63,64,65,66,67,68,69,70,71,72,73}|{4,5,6,7,2,3,8,9,10,11,12,13,14,0,1,15,16,17,18,19}|{0,1,8,9,2,3,4,5,6,7,10,11,12,13,14,15,24,16,17,18,19,20,21,22,23}|{7,6,5,4,3,2,15,14,13,12,11,10,9,8,1,0,16,17,18,19}|{64,65,176,177,178,179,180,181,1,2,3,4,5,6,7,8,9,10,11,12,13,14,15,24,25,31,28,16,17,18,19,20,21,22,23,30,0,26,27,29,32,33,34,35,36,37,38,39,40,41,42,43,44,45,46,47,48,49,50,51,52,53,54,55,56,57,58,59,60,61,62,63,66,67,68,69,70,71,72,73,74,75,76,77,78,79,80,81,82,83,84,85,86,87,88,89,90,91,92,93,94,95,96,97,98,99,100,101,102,103,104,105,106,107,108,109,110,111,112,113,114,115,116,117,118,119,120,121,122,123,124,125,126,127,128,129,130,131,132,133,134,135,136,137,138,139,140,141,142,143,144,145,146,147,148,149,150,151,152,153,154,155,156,157,158,159,160,161,162,163,164,165,166,167,168,169,170,171,172,173,174,175,182,183,184,185,186,187}|{0,1,2,3,4,5,6,7,8,9,10,11,12,13,14,15,16,17,18,19,20,21,22,23,24,25,26,27,28,29,30,31,252,251,250,249,248,247,253,258,260,259,32,33,34,35,36,37,38,39,40,41,42,43,44,45,46,47,48,49,50,51,52,53,54,55,56,57,58,59,60,61,62,63,64,65,66,67,68,69,70,71,72,73,74,75,76,77,78,79,80,81,82,83,84,85,86,87,88,89,90,91,92,93,94,95,96,97,98,99,100,101,102,103,104,105,106,107,108,109,110,111,112,113,114,115,116,117,118,119,120,121,122,123,124,125,126,127,128,129,130,131,132,133,134,135,136,137,138,139,140,141,142,143,144,145,146,147,148,149,150,151,152,153,154,155,156,157,158,159,160,161,162,163,164,165,166,167,168,169,170,171,172,173,174,175,176,177,178,179,180,181,182,183,184,185,186,187,188,189,190,191,192,193,194,195,196,197,198,199,200,201,202,203,204,205,206,207,208,209,210,211,212,213,214,215,216,217,218,219,220,221,222,223,224,225,226,227,228,229,230,231,232,233,234,235,236,237,238,239,240,241,242,243,244,245,246,254,255,256,257,261,262}|{0,1,4,5,2,3,6,7,10,11,12,13,14,15,16,17,8,9,42,43,44,45,46,47,48,49,34,35,36,37,38,39,40,41,18,19,20,21,22,23,24,25,26,27,28,29,30,31,32,33,50,51}|{12,13,14,15,10,9,8,7,6,5,4,11,0,1,2,3,16}|{0,1,2,3,4,5,6,7,16,17,18,19,9,10,11,12,13,14,8,15,20,21,22,23,24,25,26,27,28,29,30,31,32,33,34,35,36,37,38,39,40,41,42,43,44,45,46,47,48,49,50,51,52,53,54,55,56,57,58,59,60,61,62,63,64,65,66,67,68,69,70,71,72,73,74,75,76,77,78,79,80,81,82,83,84,85,86,87,88,89,90,91,92,93,94,95,96,97,98,99,100,}|{16,17,18,19,20,21,22,23,13,15,12,11,8,7,6,5,4,3,24,25,26,27,28,29,30,31,14,2,9,0,1,10,32,33,34,}|{50,51,52,53,54,55,56,57,58,59,39,38,37,36,35,34,33,32,28,31,19,20,21,22,23,24,25,26,29,2,40,41,42,43,44,45,46,47,48,49,3,4,5,6,7,8,9,10,11,12,13,14,15,16,17,18,1,27,30,0,60,61}|{(0)*4+0,(0)*4+1,(0)*4+2,(0)*4+3,(1)*4+0,(1)*4+1,(1)*4+2,(1)*4+3,(3)*4+0,(3)*4+1,(14)*4+0,(14)*4+1,(14)*4+2,(14)*4+3,(15)*4+0,(15)*4+1,(15)*4+2,(15)*4+3,(16)*4+0,(16)*4+1,(16)*4+2,(16)*4+3,(17)*4+0,(17)*4+1,(17)*4+2,(17)*4+3,(18)*4+0,(18)*4+1,(18)*4+2,(18)*4+3,(19)*4+0,(19)*4+1,(19)*4+2,(19)*4+3,(20)*4+0,(20)*4+1,(20)*4+2,(20)*4+3,(21)*4+0,(21)*4+1,(21)*4+2,(21)*4+3,(22)*4+0,(22)*4+1,(22)*4+2,(22)*4+3,(23)*4+0,(23)*4+1,(23)*4+2,(23)*4+3,(24)*4+0,(24)*4+1,(24)*4+2,(24)*4+3,(25)*4+0,(25)*4+1,(25)*4+2,(25)*4+3,(26)*4+0,(26)*4+1,(26)*4+2,(26)*4+3,(27)*4+0,(27)*4+1,(27)*4+2,(27)*4+3,(28)*4+0,(28)*4+1,(28)*4+2,(28)*4+3,(29)*4+0,(29)*4+1,(29)*4+2,(29)*4+3,(5)*4+0,(5)*4+1,(5)*4+2,(5)*4+3,(6)*4+0,(6)*4+1,(6)*4+2,(6)*4+3,(7)*4+0,(7)*4+1,(7)*4+2,(7)*4+3,(8)*4+0,(8)*4+1,(8)*4+2,(8)*4+3,(9)*4+0,(9)*4+1,(9)*4+2,(9)*4+3,(10)*4+0,(10)*4+1,(10)*4+2,(10)*4+3,(11)*4+0,(11)*4+1,(11)*4+2,(11)*4+3,(12)*4+0,(12)*4+1,(12)*4+2,(12)*4+3,(13)*4+0,(13)*4+1,(13)*4+2,(13)*4+3,(4)*4+0,(4)*4+1,(4)*4+2,(4)*4+3,(2)*4+0,(2)*4+1,(2)*4+2,(2)*4+3,(3)*4+2,(3)*4+3,(30)*4+0,(30)*4+1,(30)*4+2,(30)*4+3,(31)*4+0,(31)*4+1,(31)*4+2,(31)*4+3,(32)*4+0,(32)*4+1,(32)*4+2,(32)*4+3,(33)*4+0,(33)*4+1,(33)*4+2,(33)*4+3,(34)*4+0,(34)*4+1,(34)*4+2,(34)*4+3,(35)*4+0,(35)*4+1,(35)*4+2,(35)*4+3}|{15,14,13,12,11,10,16,17,6,28,29,30,31,5,7,1,8,9,18,19,20,21,22,23,24,25,26,27,0,2,3,4,47,46,45,44,43,42,32,33,34,35,36,37,38,39,48,49,60,61,62,63,40,41,50,51,52,53,54,55,56,57,58,59,97,98,99,100,101,102,103,104,105,106,107,108,109,110,111,112,113,114,115,116,117,118,119,120,121,122,123,124,125,126,127,96,64,65,66,67}|{8,9,10,11,12,13,14,15,16,17,18,19,20,21,22,23,0,1,6,7,2,3,4,5,24,25,26,27,28,29,30,31,32,33,34}|{32,44,43,42,41,40,39,38,37,36,35,34,45,33,63,62,61,60,59,58,57,56,55,54,53,52,51,50,49,48,47,46,100,107,105,106,101,104,103,102,2,9,10,8,7,6,5,4,3,11,0,31,30,29,28,27,26,25,24,23,22,21,20,19,18,17,16,15,14,13,12,97,96,1,99,98,64,65,77,76,75,74,73,72,71,70,69,68,67,66,83,82,81,80,79,78,95,94,93,92,91,90,89,88,87,86,85,84,111,112,113,114,115,116,117,118,108,109,110}|{7,10,11,12,13,14,4,3,2,1,9,8,6,5,15}|{1,2,3,4,5,0,12,11,10,9,8,7,6,14,13,16,17,18,19,20,21,22,23,24,25,26,27,28,29,30,31,38,39,40,41,42,43,44,45,46,47,48,49,50,51,52,53,15,32,33,34,35,36,37}|{65,66,67,68,69,70,71,64,72,73,74,75,80,81,82,83,84,85,86,87,88,89,90,91,92,93,94,95,96,97,98,99,76,77,78,79,100,101,102,103,104,105,106,107,108,109,110,111,112,113,114,115,116,117,118,119,120,121,122,123,124,125,126,127,136,137,138,139,140,141,142,143,151,1,2,3,7,6,5,4,0,8,9,17,19,20,21,22,23,36,37,38,39,40,41,42,43,60,61,62,10,11,12,13,14,18,28,29,30,31,32,33,34,35,44,45,46,47,48,49,50,51,52,53,54,55,56,57,58,59,150,15,16,24,25,26,27,63,144,145,146,147,148,149,152,153,154,155}|{1,2,3,4,5,6,7,13,12,11,10,9,8,15,16,17,18,19,20,21,22,23,29,28,27,26,25,24,31,40,41,42,43,44,45,46,47,48,49,50,51,52,53,54,55,56,57,58,59,60,61,62,63,64,65,66,67,68,69,70,71,72,73,74,75,76,77,78,79,80,81,82,83,84,85,86,87,88,89,90,91,92,93,94,95,39,38,37,36,35,34,33,32,96,97,98,99,100,0,14,30,101,102}|{10,11,12,13,14,15,16,17,18,19,6,7,8,9,31,29,28,27,26,25,24,23,22,21,20,2,0,1,3,4,5,30,32,33,34,35}|{10,9,8,7,6,5,4,3,2,1,11,12,13,14,15,16,17,18,19,20,22,24,25,26,27,28,31,32,33,42,41,40,39,38,37,36,35,43,44,45,46,47,48,49,21,23,29,30,50,51,52,0,34}|{7,6,5,4,3,2,1,0,9,8,10,11,12,13,14,15,16}|{8,9,10,11,12,13,14,15,7,6,5,4,3,2,18,19,20,21,22,23,24,25,26,27,28,29,30,31,32,33,34,0,1,16,17,35,}
UNREADABLE-function-like	LOCAL_REGNO	48	1	<NOT-EXPANDED:function-like>
UNREADABLE-function-like	LOCAL_LABEL_PREFIX	48	5	"."|<NOT-EXPANDED:function-like>|"$"|".L"|"L"
UNREADABLE-function-like	ADJUST_REG_ALLOC_ORDER	48	9	aarch64_adjust_reg_alloc_order()|<NOT-EXPANDED:function-like>|arc_adjust_reg_alloc_order()|arm_order_regs_for_local_alloc()|avr_adjust_reg_alloc_order()|x86_order_regs_for_local_alloc()|nds32_adjust_reg_alloc_order()|sparc_order_regs_for_local_alloc()|xtensa_adjust_reg_alloc_order()
DIVERGENT-BY-VALUE	TARGET_SUPPORTS_WIDE_INT	48	2	1|0
DIVERGENT-OPTION-STATE	MAX_OFILE_ALIGNMENT	48	3	(((unsignedint)1<<28)*8)|32768*8|(mt_biggest_alignment())
DIVERGENT-OPTION-STATE	INT_TYPE_SIZE	48	7	32|targetm_cdata.bits_per_word|(((global_options.x_target_flags&(1U<<6))!=0)?8:16)|(((global_options.x_target_flags&(1U<<4))!=0)?32:16)|(((global_options.x_target_flags&(1U<<7))!=0)?16:32)|16|(((global_options.x_target_flags&(1U<<6))==0)?16:32)
DIVERGENT-OPTION-STATE	LONG_LONG_TYPE_SIZE	48	3	64|((targetm_cdata.bits_per_word)*2)|((((global_options.x_target_flags&(1U<<6))!=0)?8:16)==8?32:64)
UNREADABLE-function-like	CFA_FRAME_BASE_OFFSET	48	1	<NOT-EXPANDED:function-like>
UNREADABLE-function-like	DWARF2_FRAME_REG_OUT	48	1	<NOT-EXPANDED:function-like>
DIVERGENT-OPTION-STATE	REG_CLASS_CONTENTS	48	48	{{0x00000000,0x00000000,0x00000000},{0x00000f00,0x00000000,0x00000000},{0x0000f000,0x00000000,0x00000000},{0x00030000,0x00000000,0x00000000},{0x3ffcffff,0x00000000,0x00000000},{0x7fffffff,0x00000000,0x00000003},{0x80000000,0x00000000,0x00000000},{0xffffffff,0x00000000,0x00000003},{0x00000000,0x000000ff,0x00000000},{0x00000000,0x0000ffff,0x00000000},{0x00000000,0xffffffff,0x00000000},{0xffffffff,0xffffffff,0x00000003},{0x00000000,0x00000000,0x00000ff0},{0x00000000,0x00000000,0x000ff000},{0x00000000,0x00000000,0x000ffff0},{0x00000000,0x00000000,0x00600000},{0x00000000,0x00000000,0x006ffff0},{0x00000000,0x00000000,0x00100000},{0x00000000,0x00000000,0x7f800000},{0xffffffff,0xffffffff,0x001fffff}}|{{0x00000000,0x00000000},{0x00000001,0x00000000},{0x01000000,0x00000000},{0x02000000,0x00000000},{0x08000000,0x00000000},{0xffffffff,0x80000000},{0x00000000,0x7fffffff},{0xffffffff,0xffffffff}}|{{0x00000000,0x00000000,0x00000000,0x00000000,0x00000000},{0x00000001,0x00000000,0x00000000,0x00000000,0x00000000},{0x00000003,0x00000000,0x00000000,0x00000000,0x00000000},{0x0000000f,0x00000000,0x00000000,0x00000000,0x00000000},{0x0000f00f,0x00000000,0x00000000,0x00000000,0x00000000},{0x00001fff,0x00000000,0x00000000,0x00000000,0x00000000},{0x9fffffff,0x00000000,0x00000000,0x00000000,0x00000000},{0x00000000,0x00000f00,0x00000000,0x00000000,0x00000000},{0xffffffff,0x8fffffff,0x00000000,0x00000000,0x00030000},{0x00000000,0x00000000,0xffffffff,0xffffffff,0x00000000},{0x00000000,0x00000000,0x00000000,0x00000000,0x0000ffff},{0xffffffff,0xffffffff,0xffffffff,0xffffffff,0x0003ffff}}|{{0x00000000,0x00000000,0x00000000},{0x000000FF,0x00000000,0x00000000},{0x00002000,0x00000000,0x00000000},{0x000020FF,0x00000000,0x00000000},{0x00005F00,0x00000000,0x00000000},{0x0000100F,0x00000000,0x00000000},{0x00005555,0x00000000,0x00000000},{0x00005FFF,0x00000000,0x00000000},{0x00007FFF,0x00000000,0x00000000},{0xFFFF0000,0x00000000,0x00000000},{0xFFFF0000,0x0000FFFF,0x00000000},{0x00000000,0xFFFF0000,0x0000FFFF},{0xFFFF0000,0xFFFFFFFF,0x0000FFFF},{0x00000000,0x00000000,0x00010000},{0x00000000,0x00000000,0x00020000},{0x00000000,0x00000000,0x00040000},{0x00000000,0x00000000,0x00080000},{0x00000000,0x00000000,0x00400000},{0x00000000,0x00000000,0x00800000},{0x00005FFF,0x00000000,0x00400000},{0xFFFF7FFF,0xFFFFFFFF,0x0040FFFF}}|{{0x00000000,0x00000000},{0x00000001,0x00000000},{3u<<26,0x00000000},{3u<<28,0x00000000},{3u<<30,0x00000000},{0x00000000,0x00000003},{(3u<<28)|(3u<<30),0x00000000},{(3u<<26)|(3u<<28)|(3u<<30),0x00000000},{(3u<<26)|(3u<<28)|(3u<<30)|(3u<<24),0x00000000},{0x00ff0000,0x00000000},{(3u<<26)|(3u<<28)|(3u<<30)|(3u<<24)|(0xffu<<16),0x00000000},{0x0000ffff,0x00000000},{0xffffffff,0x00000000},{0x00000000,0x00000010},{0xffffffff,0x00000013}}|{{0x00000000,0},{0x000f0000,0},{0x00f00000,0},{0x0f000000,0},{0xf0000000,0},{0x0fff0000,0},{0xffff0000,0},{0x00000000,0x1},{0x00000000,0x2},{0x00000000,0x3},{0x00000000,0x4},{0x00000055,0},{0x000000aa,0},{0x00000001,0},{0x00000002,0},{0x00000004,0},{0x00000008,0},{0x00000010,0},{0x00000020,0},{0x00000040,0},{0x00000080,0},{0x000000ff,0},{0x00000100,0x000},{0x00000800,0x000},{0x00000200,0x000},{0x00004700,0x800},{0x0000ff00,0x800},{0x000fff00,0x800},{0x0000ffff,0x800},{0xffffffff,0x800},{0x00000000,0x3000},{0x00000000,0xc000},{0x00000000,0x30000},{0x00000000,0x3f7f8},{0xffffffff,0x3fff8},{0xffffffff,0x3ffff}}|{0x00000000,0x00000001,0x00001fff,}|{{0x00000000,0x00000000,0},{0x00000006,0x00000000,0},{0x00000000,0x00000007,0},{0x00000006,0x00000007,0},{0x00000000,0x00004000,0},{0x00000000,0x00008000,0},{0x00000000,0xFFFF03FF,0},{0xFFFFFFF9,0x00000000,0},{0x00000000,0xFFFFFFF8,0},{0xFFFFFFF9,0xFFFFFFF8,0},{0xFFFFFFFF,0x00000000,3},{0x00000000,0xFFFFFFFF,3},{0xFFFFFFFF,0xFFFFFFFF,3},{0xFFFFFFFF,0xFFFFFFFF,7},}|{{0},{1<<17},{1<<16},{1<<19},{(1<<17)|(1<<16)},{((1<<16)|(1<<17)|(1<<19))},{0xffff|((1<<18)|(1<<20))},{0xffff|((1<<18)|(1<<20))|((1<<16)|(1<<17)|(1<<19))}}|{{0x00000000,0x00000000,0x00000000,0x00000000,0x00000000,0x00000000,0x00000000},{0x000000FF,0x00000000,0x00000000,0x00000000,0x00000000,0x00000000,0x00000000},{0x00004000,0x00000000,0x00000000,0x00000000,0x00000000,0x00000000,0x00000000},{0x0000FFFF,0x00000000,0x00000000,0x00000000,0x00000000,0x00000000,0x00000000},{0xFFFFFFFF,0x00000000,0x00000000,0x00000000,0x00000000,0x00000000,0x00000000},{0x00000000,0x00000002,0x00000000,0x00000000,0x00000000,0x00000000,0x00000000},{0x00000000,0x0000000c,0x00000000,0x00000000,0x00000000,0x00000000,0x00000000},{0x00000000,0xFFF00000,0x007FFF8F,0x00000000,0x00000000,0x00000000,0x00000000},{0x00000000,0x00000000,0x00000040,0x00000000,0x00000000,0x00000000,0x00000000},{0x00000000,0x000FFFF1,0xFF800030,0xFFFFFFFF,0xFFFFFFFF,0xFFFFFFFF,0x000003FF},{0xFFFFFFFF,0xFFFFFFFF,0xFFFFFFFF,0xFFFFFFFF,0xFFFFFFFF,0xFFFFFFFF,0x000003FF},}|{{0x00000000,0x00000000,0x0},{0x00004000,0x00000000,0x0},{0x000000ff,0x00000000,0x0},{0xffff100f,0xffffff00,0x0},{0xffffffff,0xffffffff,0x0003},{0x00000000,0x00000000,0x03f0},{0xffffffff,0xffffffff,0x3fff},}|{{0},{1<<19},{(1<<19)|(1<<18)},{(1<<8)-1},{((1<<8)-1)<<8},{(1<<16)-1},{(1<<677)-1}}|{{0x00000000,0x00000000,0x00000000,0x00000000,0x00000000,0x0},{0x00000000,0x00000000,0x00000000,0x00000000,0x000000f0,0x0},{0x00000000,0x00000000,0x00000000,0x00000000,0x0000000f,0x0},{0x00000000,0x00000000,0x00000000,0x00000000,0x000000ff,0x0},{0x00000000,0x00000000,0x00000000,0x00000000,0x0000f000,0x0},{0x00000000,0x00000000,0x00000000,0x00000000,0x00000f00,0x0},{0x00000000,0x00000000,0x00000000,0x00000000,0x0000ff00,0x0},{0x00000000,0x00000000,0x00000000,0x00000000,0x00000000,0x400},{0x00000000,0x00000000,0x00000000,0x00000000,0x00000000,0x200},{0x00000100,0x00000000,0x00000000,0x00000000,0x00000000,0x0},{0x00000200,0x00000000,0x00000000,0x00000000,0x00000000,0x0},{0x00000300,0x00000000,0x00000000,0x00000000,0x00000000,0x0},{0x00008000,0x00000000,0x00000000,0x00000000,0x00000000,0x0},{0x00004000,0x00000000,0x00000000,0x00000000,0x00000000,0x0},{0x0000c000,0x00000000,0x00000000,0x00000000,0x00000000,0x0},{0x00000000,0x00000000,0x00000000,0x00000000,0x00000000,0x1e00},{0x00000000,0x00000000,0x00000000,0x00000000,0x0fff0000,0x0},{0x00000000,0x00000000,0x00000000,0x00000000,0xf0000000,0xff},{0x00000000,0x00000000,0xffffffff,0xffffffff,0x00000000,0x0},{0x0ffffffc,0xffffffff,0x00000000,0x00000000,0x00000000,0x0},{0xffffffff,0xffffffff,0x00000000,0x00000000,0x00000000,0x100},{0xffffffff,0xffffffff,0xffffffff,0xffffffff,0xffffffff,0x1fff},}|{{0x00000000,0x00000000},{0xFFFFFFFF,0x00000003},{0x00000000,0x00000004},{0x00000000,0x00000008},{0xFFFFFFFF,0x0000000F}}|{{0,0,0,0,0,0,0,0,0,0,0,0,0,0,0,0,0,0,0,0,0,0},{0,0,0,0,(1<<((129)-4*32)),0,0,0,0,0,0,0,0,0,0,0,0,0,0,0,0,0},{0,0,0,(1<<((108)-3*32)),0,0,0,0,0,0,0,0,0,0,0,0,0,0,0,0,0,0},{0,0,0,(1<<((106)-3*32))|(1<<((107)-3*32)),0,0,0,0,0,0,0,0,0,0,0,0,0,0,0,0,0,0},{0,0,0,0,(1<<((128)-4*32)),0,0,0,0,0,0,0,0,0,0,0,0,0,0,0,0,0},{0,0,0,(1<<((108)-3*32)),(1<<((128)-4*32))|(1<<((129)-4*32)),0,0,0,0,0,0,0,0,0,0,0,0,0,0,0,0,0},{0,0,0,(1<<((126)-3*32))|(1<<((127)-3*32)),0,0,0,0,0,0,0,0,0,0,0,0,0,0,0,0,0,0},{0,0,0,0,((1<<((130)-4*32))|(1<<((131)-4*32))|(1<<((132)-4*32))|(1<<((133)-4*32))),0,0,0,0,0,0,0,0,0,0,0,0,0,0,0,0,0},{0xffffffff,0xffffffff,0xffffffff,0xf1,0,0,0,0,0,0,0,0,0,0,0,0,0,0,0,0,0,0},{0xffffffff,0xffffffff,0xffffffff,0xf1|(1<<((126)-3*32))|(1<<((127)-3*32)),0,0,0,0,0,0,0,0,0,0,0,0,0,0,0,0,0,0},{0xffffffff,0xffffffff,0xffffffff,0xffffffff-(1<<((126)-3*32))-(1<<((127)-3*32)),(1<<((129)-4*32)),0,0,0,0,0,0,0,0,0,0,0,0,0,0,0,0,0},{0xffffffff,0xffffffff,0xffffffff,0xffffffff-(1<<((108)-3*32))-(1<<((125)-3*32))-(1<<((126)-3*32))-(1<<((127)-3*32)),0,0,0,0,0,0,0,0,0,0,0,0,0,0,0,0,0,0},{0xffffffff,0xffffffff,0xffffffff,0xffffffff-(1<<((108)-3*32)),0,0,0,0,0,0,0,0,0,0},{0xffffffff,0xffffffff,0xffffffff,0xffffffff,((1<<((130)-4*32))|(1<<((131)-4*32))|(1<<((132)-4*32))|(1<<((133)-4*32)))|(1<<((128)-4*32))|(1<<((129)-4*32)),0,0,0,0,0,0,0,0,0,0,0,0,0,0,0,0,0},{0xffffffff,0xffffffff,0xffffffff,0xf1,0,0,0,0,0,0,0,0,0,0,0,0,0,0,0,0,0,0},{0,0,0,0,0,0xffffffff,0xffffffff,0xffffffff,0xffffffff,0xffffffff,0xffffffff,0xffffffff,0xffffffff,0,0,0,0,0,0,0,0,0},{0,0,0,0,0,0,0,0,0,0,0,0,0,0xffffffff,0xffffffff,0xffffffff,0xffffffff,0xffffffff,0xffffffff,0xffffffff,0xffffffff,0},{0,0,0,0,0,0xffffffff,0xffffffff,0xffffffff,0xffffffff,0xffffffff,0xffffffff,0xffffffff,0xffffffff,0xffffffff,0xffffffff,0xffffffff,0xffffffff,0xffffffff,0xffffffff,0xffffffff,0xffffffff,0},{0xffffffff,0xffffffff,0xffffffff,0xf1,0,0xffffffff,0xffffffff,0xffffffff,0xffffffff,0xffffffff,0xffffffff,0xffffffff,0xffffffff,0,0,0,0,0,0,0,0,0},{0xffffffff,0xffffffff,0xffffffff,0xffffffff-(1<<((108)-3*32)),0,0xffffffff,0xffffffff,0xffffffff,0xffffffff,0xffffffff,0xffffffff,0xffffffff,0xffffffff,0,0,0,0,0,0,0,0,0},{0,0,0,0,0,0,0,0,0,0,0,0,0,0,0,0,0,0,0,0,0,0xf},{0xffffffff,0xffffffff,0xffffffff,0xffffffff,0xffffffff,0xffffffff,0xffffffff,0xffffffff,0xffffffff,0xffffffff,0xffffffff,0xffffffff,0xffffffff,0xffffffff,0xffffffff,0xffffffff,0xffffffff,0xffffffff,0xffffffff,0xffffffff,0xffffffff,0}}|{{0},{0x010},{0x020},{0x040},{0x0fe},{0x0fd},{0x0fb},{0x0f7},{0x0ef},{0x0df},{0x0bf},{0x07f},{0xeff},{0x100},{0xfff},}|{{0x0,0x0,0x0},{0x01,0x0,0x0},{0x02,0x0,0x0},{0x04,0x0,0x0},{0x08,0x0,0x0},{0x10,0x0,0x0},{0x20,0x0,0x0},{0x03,0x0,0x0},{0x07,0x0,0x0},{0x0f,0x0,0x0},{0x900f0,0x0,0x0},{0x7e,0xff0,0x0},{0x900ff,0x0,0x0},{0x7f,0x0,0x0},{0x900ff,0xff0,0xffff000},{0x7f,0xff0,0xffff000},{0x900ff,0xff0,0x0},{0x7f,0xff0,0x0},{0x100,0x0,0x0},{0x200,0x0,0x0},{0xff00,0x0,0x0},{0x100000,0x0,0x0},{0xff00000,0x0,0x0},{0xff00000,0xff000,0x0},{0xff00000,0xfffff000,0xf},{0xf0000000,0xf,0x0},{0xff0ff00,0xfffff000,0xf},{0x9ffff,0xff0,0xffff000},{0xff900ff,0xfffffff0,0xffff00f},{0xff9ffff,0xfffffff0,0xffff00f},{0x0,0x0,0xfe0},{0x0,0x0,0xff0},{0x900ff,0xff0,0xffffff0},{0xffffffff,0xffffffff,0xfffffff}}|{{0x00000000,0x00000000,0x00000000,0x00000000,0x00000000,0x00000000,0x00000000,0x00000000,0x00000000,0x00000000,0x0000},{0x00000000,0x00000000,0x00000000,0x00000000,0x00000000,0x00000000,0x00000000,0x00000000,0xFFFFFFFF,0xFFFFFFFF,0x0000},{0x00000000,0x00000000,0x00000000,0x00000000,0x00000000,0x00000000,0x00000000,0x00000000,0x00000000,0x00000000,0x00FF},{0x00000000,0x00000000,0x00000000,0x00000000,0x00000000,0x00000000,0x00000000,0x00000000,0x00000000,0x00000000,0x0600},{0x00000000,0x00000000,0x00000000,0x00000000,0x00000000,0x00000000,0x00000000,0x00000000,0x00000000,0x00000000,0x3800},{0x0000000F,0x00000000,0x00000000,0x00000000,0x00000000,0x00000000,0x00000000,0x00000000,0x00000000,0x00000000,0x0000},{0xFFFFFFFF,0xFFFFFFFF,0xFFFFFFFF,0xFFFFFFFF,0x00000000,0x00000000,0x00000000,0x00000000,0x00000000,0x00000000,0x0100},{0x00000000,0x00000000,0x00000000,0x00000000,0x7FFFFFFF,0xFFFFFFFF,0xFFFFFFFF,0x7FFFFFFF,0x00000000,0x00000000,0x0000},{0x00000000,0x00000000,0x00000000,0x00000000,0xFFFFFFFF,0xFFFFFFFF,0xFFFFFFFF,0xFFFFFFFF,0x00000000,0x00000000,0x0000},{0xFFFFFFFF,0xFFFFFFFF,0xFFFFFFFF,0xFFFFFFFF,0x00000000,0x00000000,0x00000000,0x00000000,0x00000000,0x00000000,0x01FF},{0xFFFFFFFF,0xFFFFFFFF,0xFFFFFFFF,0xFFFFFFFF,0xFFFFFFFF,0xFFFFFFFF,0xFFFFFFFF,0xFFFFFFFF,0x00000000,0x00000000,0x0100},{0xFFFFFFFF,0xFFFFFFFF,0xFFFFFFFF,0xFFFFFFFF,0xFFFFFFFF,0xFFFFFFFF,0xFFFFFFFF,0xFFFFFFFF,0xFFFFFFFF,0xFFFFFFFF,0x3FFF},}|{{0x00000000,0x00000000},{0xffffffff,0x00000000},{0xffffffff,0x00000001}}|{{0x00000000},{0xffffffff},{0xffffffff}}|{{0x00000000,0x00000000,0x00000000},{0x001fd000,0x00000000,0x00000000},{0xff9ffff0,0x00000000,0x00000000},{0xfffffffc,0x00000000,0x00000000},{0xffffffff,0x00000000,0x00000000},{0x00000000,0xffffffff,0x00000000},{0x00000000,0x00000000,0x000000ff},{0x00000000,0x00000000,0x00000300},{0xffffffff,0xffffffff,0x000003ff}}|{{0x00000},{0x20000|0},{0x40000|0x80000},{0x1ffff|0},{0x7ffff|0x80000},}|{{0x00000000},{0x000000ff},{0x0100ff00},{0x00ff0000},{0x0100ffff},{0x00ff00ff},{0x01ffff00},{0x01ffffff},}|{{0x000000},{0x000002},{0x007FFE},{0x01FFFF},{0x020000},{0x0FFFFF}}|{{0x00000000,0x00000000},{0xffffffff,0x00000000},{0x00000000,0x00000001},{0xffffffff,0x0000000f}}|{{0x00000000,0x00000000,0x00000000,0x00000000,0x00000000,0x00000000},{0x000200fc,0x00000000,0x00000000,0x00000000,0x00000000,0x00000000},{0x000300fc,0x00000000,0x00000000,0x00000000,0x00000000,0x00000000},{0x200300fc,0x00000000,0x00000000,0x00000000,0x00000000,0x00000000},{0x01000000,0x00000000,0x00000000,0x00000000,0x00000000,0x00000000},{0x010300fc,0x00000000,0x00000000,0x00000000,0x00000000,0x00000000},{0x02000000,0x00000000,0x00000000,0x00000000,0x00000000,0x00000000},{0x00000008,0x00000000,0x00000000,0x00000000,0x00000000,0x00000000},{0x0303fffc,0x00000000,0x00000000,0x00000000,0x00000000,0x00000000},{0xfdffffff,0x00000000,0x00000000,0x00000000,0x00000000,0x00000000},{0xffffffff,0x00000000,0x00000000,0x00000000,0x00000000,0x00000000},{0x00000000,0xffffffff,0x00000000,0x00000000,0x00000000,0x00000000},{0x00000000,0x00000000,0x00000001,0x00000000,0x00000000,0x00000000},{0x00000000,0x00000000,0x00000002,0x00000000,0x00000000,0x00000000},{0x00000000,0x00000000,0x00000003,0x00000000,0x00000000,0x00000000},{0x00000000,0x00000000,0xffff0000,0x0000ffff,0x00000000,0x00000000},{0x00000000,0x00000000,0x00000000,0xffff0000,0x0000ffff,0x00000000},{0x00000000,0x00000000,0x00000000,0x00000000,0xffff0000,0x0000ffff},{0x00000000,0x00000000,0x000007f8,0x00000000,0x00000000,0x00000000},{0x00000000,0x00000000,0x00000000,0x00000000,0x00000000,0x003f0000},{0x00000000,0x00000000,0x00000003,0x00000000,0x00000000,0x003f0000},{0x00000000,0x00000000,0x00006000,0x00000000,0x00000000,0x00000000},{0xffffffff,0x00000000,0x00000001,0x00000000,0x00000000,0x00000000},{0xffffffff,0x00000000,0x00000002,0x00000000,0x00000000,0x00000000},{0xffffffff,0x00000000,0x00000003,0x00000000,0x00000000,0x00000000},{0xffffffff,0x00000000,0x00000003,0x00000000,0x00000000,0x003f0000},{0xffffffff,0xffffffff,0xffff67ff,0xffffffff,0xffffffff,0x0fffffff}}|{{0,0,0,0,0,0,0,0,0},{~0,~0,~0,~0,~0,~0,~0,~0,0x20},{0,0,0,0,0,0,0,0,0x10},{0,0,0,0,0,0,0,0,4},{0,0,0,0,0,0,0,0,0x7f},{~0,~0,~0,~0,~0,~0,~0,~0,0x7f}}|{{0,0},{0x0000000f,0},{0x000001f0,0},{0x00000200,0},{0x000003f0,0},{0x0003fc00,0},{0xfffc0000,0x3ffff},{0x03fc0000,0},{0x00000000,0x80000},{0x00000000,0x40000},{0x0003fdff,0},{0x0003ffff,0},{0xffffffff,0xfffff}}|{{0x00000000},{0x0003FFFF},{0x00040000},{0x00080000},{0x000FFFFF}}|{0x00000000,0x00001000,0x00002000,0x0000fff3,0x0001ffff}|{{0x00000000,0x00000000,0x00000000,0x00000000},{0x00000020,0x00000000,0x00000000,0x00000000},{0x00000100,0x00000000,0x00000000,0x00000000},{0x00008000,0x00000000,0x00000000,0x00000000},{0x80000000,0x00000000,0x00000000,0x00000000},{0x10000000,0x00000000,0x00000000,0x00000000},{0x000000ff,0x00000000,0x00000000,0x00000000},{0x000f0fff,0x00000000,0x00000000,0x00000000},{0xfff07000,0x00000000,0x00000000,0x00000000},{0xffffffff,0x00000000,0x00000000,0x00000000},{0x00000000,0x00000003,0x00000000,0x00000000},{0x00000000,0xfffffffc,0xffffffff,0x00000003},{0xffffffff,0xffffffff,0xffffffff,0x0000001f}}|{{0x0000},{0xFFFF}}|{{0x00000000,0x00000000},{0x00ff95f8u,0},{0x7f7ffffe,0x00000000},{0xfffffdff,0x00000000},{0xffffffff,0x00000003},{0x00000000,0x00000004},{0xffffffff,0x00000007}}|{{0x00000000,0x00000000},{0x00000002,0x00000000},{0xfffffffe,0x20000000},{0x00000000,0x00000000},{0x00000000,0x0fffffff},{0xfffffffe,0x2fffffff},{0x00000000,0x10000000},{0xfffffffe,0x3fffffff}}|{{0x00000},{0x000fe},{0x000fd},{0x000fb},{0x000f7},{0x000ef},{0x000df},{0x000bf},{0x0002a},{0x040ff},{0x00f00},{0x03000},{0x03f00},{0x18000},{0x1ffff}}|{{0,0,0,0,0},{0xf,0xff000000u,~0u,0xffffffu,0},{0,0,0,0,0xf},{0,0,0,0x0000ff00u,0},{0,0,0,0x000f0000u,0},{0,0,0,0x00f00000u,0},{0,0,0,0xff000000u,0},{~0u,~0u,~0u,~0u,0},{~0u,~0u,~0u,~0u,~0u}}|{{0x00000000,0x00000000,0x00000000,0x00000000},{0xf003fc80,0x00000000,0x00000000,0x00000000},{0x0000ff00,0x00000000,0x00000000,0x00000000},{0xffffffc0,0x00000000,0x00000000,0x00000000},{0xffffffff,0x00000000,0x00000000,0x00000000},{0x00000000,0x0000ff00,0x00000000,0x00000000},{0x00000000,0xffffffff,0x00000000,0x00000000},{0x00000000,0x00000000,0x00000003,0x00000000},{0x00000000,0x00000000,0x00000000,0x00000001},{0x00000000,0x00000000,0x00000000,0xfffffffe},{0x00000000,0x00000000,0x00000000,0xffffffff},{0xffffffff,0xffffffff,0x00000003,0xffffffff}}|{{0x00000000,0x00000000},{0x00000001,0x00000000},{0x00000002,0x00000000},{0x00000003,0x00000000},{0x00000004,0x00000000},{0x00000008,0x00000000},{0x0000000c,0x00000000},{0x00000010,0x00000000},{0x00000020,0x00000000},{0x00000030,0x00000000},{0x00000040,0x00000000},{0x00000080,0x00000000},{0x000000c0,0x00000000},{0x0000000c,0x00000000},{0x000000ff,0x00000000},{0x00000000,0x00000001},{0x00000300,0x00000000},{0x00000c00,0x00000000},{0xff000000,0x00000000},{0xff7fff00,0x00000000},{0xff7fff00,0x00000002},{0x04000000,0x00000004},{0xff7fffff,0x0000001f}}|{{0x00000000,0x00000000,0x00000000,0x00000000},{0xfffffffe,0x00000000,0x00000000,0x00004008},{0xffffffff,0x00000000,0x00000000,0x00004008},{0x00000000,0xffffffff,0x00000000,0x00000000},{0x00000000,0x00000000,0xffffffff,0x00000000},{0x00000000,0xffffffff,0xffffffff,0x00000000},{0x00000000,0x00000000,0x00000000,0x007f8000},{0x00000000,0x00000000,0x00000000,0x00001000},{0x00000000,0x00000000,0x00000000,0x00002000},{0xffffffff,0xffffffff,0x00000000,0x00004008},{0xffffffff,0xffffffff,0xffffffff,0x00004008},{0x00000000,0x00000000,0x00000000,0x00000001},{0x00000000,0x00000000,0x00000000,0x00000002},{0x00000000,0x00000000,0x00000000,0x00000003},{0x00000000,0x00000000,0x00000000,0x00001003},{0xffffffff,0x00000000,0x00000000,0x0000500b},{0x00000000,0x00000000,0x00000000,0x00000010},{0x00000000,0x00000000,0x00000000,0x00000ff0},{0xffffffff,0x00000000,0x00000000,0x00004ffb},{0x00000000,0x00000000,0x00000000,0x00000004},{0xffffffff,0xffffffff,0xffffffff,0x007fffff}}|{{0x00000000},{0x0000ffff},{0x0001ffff}}|{{0x00000000,0x00000000},{0x00000000,0x00000002},{0x0000fffe,0x0000000d},{0x0000ffff,0x0000000d},{0x00000000,0x00000030},{0x0000fffe,0x0000000f},{0x0000ffff,0x0000000f},{0xffff0000,0x00000000},{0xfffffffe,0x0000000d},{0xffffffff,0x0000000d},{0xffff0000,0x003fffc0},{0xfffffffe,0x003fffcd},{0xffffffff,0x003fffcd},{0xffffffff,0x003fffff},}|{{0x00000000,0x00000000,0x00000000,0x00000000,0x00000000},{0x00000001,0x00000000,0x00000000,0x00000000,0x00000000},{0x00000000,0x00000000,0x00000000,0x00000000,0x00040000},{0x00000000,0x00000000,0x00000000,0x00000000,0x00080000},{0x00000000,0x00000000,0x00000000,0x00000000,0x00300000},{0x00000000,0x00000000,0x00000000,0x00000000,0x00400000},{0x00000000,0x00000000,0x00000000,0x00000000,0x00000000},{0xffff7fff,0xffffffff,0x00000000,0x00000000,0x03020000},{0xffffffff,0xffffffff,0x00000000,0x00000000,0x03020000},{0x00000000,0x00000000,0x00000001,0x00000000,0x00000000},{0x00000000,0x00000000,0xffffffff,0xffffffff,0x00000000},{0x00000000,0x00000000,0xffffffff,0xffffffff,0x0000ff00},{0x00000000,0x00000000,0x00000000,0x00000000,0x00800000},{0xffffffff,0xffffffff,0xffffffff,0xffffffff,0x03020000},{0xffffffff,0xffffffff,0xffffffff,0xffffffff,0x0302ff00},{0x00000000,0x00000000,0x00000000,0x00000000,0x000000ff},{0xffffffff,0xffffffff,0xffffffff,0xffffffff,0x0fffffff},}|{{0,0,0,0},{0,0,0,0xf},{0xffff,0,0,0},{-1,0,0,0x20},{0,-1,0,0},{0,-1,-1,0},{-1,-1,0,0x20},{-1,-1,-1,0x20},{-1,-1,-1,0x7f}}|{{0x00000000,0x0},{0x55555554,0x0},{0xfffffffe,0x0},{0xffffffff,0x0},}|{{0},{0xffff}}|{{0x00000000,0x00000000},{0x00000000,0x00000001},{0x00000000,0x00000002},{0x00000000,0x0003fffc},{0x00000000,0x00040000},{0x00000002,0x00000000},{0x00000004,0x00000000},{0x00000008,0x00000000},{0x000005ff,0x00000000},{0x1fffffff,0x00000000},{0xffffffff,0x00180000},{0xffffffff,0x001fffff}}|{{0x00000},{0x00001},{0x00002},{0x00003},{0x00004},{0x000FF},{0x00100},{0x00300},{0x6FFFF},{(1<<677)-1}}|{{0x00000000,0x00000000},{0x00040000,0x00000000},{0xfff80000,0x00000007},{0x00000000,0x00000008},{0x00000002,0x00000000},{0x000001fc,0x00000000},{0x0000fffd,0x00000000},{0x0000fffd,0x00000000},{0x0003ffff,0x00000000},{0xffffffff,0x0000000f}}
UNREADABLE-function-like	NUM_MODES_FOR_MODE_SWITCHING	48	6	{int(aarch64_tristate_mode::MAYBE),int(aarch64_local_sme_state::ANY)}|<NOT-EXPANDED:function-like>|{2,2,2,FP_MODE_NONE,FP_MODE_NONE,FP_MODE_NONE,FP_MODE_NONE,FP_MODE_NONE}|{X86_DIRFLAG_ANY,AVX_U128_ANY,I387_CW_ANY,I387_CW_ANY,I387_CW_ANY,I387_CW_ANY}|{VXRM_MODE_NONE,riscv_vector::FRM_NONE}|{FP_MODE_NONE}
DIVERGENT-OPTION-STATE	INT32_TYPE	48	10	"int"|(((targetm_cdata.long_type_size)==32)?"longint":32==32?"int":16==32?"shortint":(8)==32?"signedchar":0)|(((targetm_cdata.long_type_size)==32)?"longint":(targetm_cdata.bits_per_word)==32?"int":((8)*MIN(((mt_units_per_word())+1)/2,2))==32?"shortint":(8)==32?"signedchar":0)|((((global_options.x_target_flags&(1U<<6))!=0)?8:16)==16?"longint":"longlongint")|(((targetm_cdata.long_type_size)==32)?"longint":32==32?"int":16==32?"shortint":8==32?"signedchar":0)|(((targetm_cdata.long_type_size)==32)?"longint":32==32?"int":((8)*MIN(((mt_units_per_word())+1)/2,2))==32?"shortint":(8)==32?"signedchar":0)|(((targetm_cdata.long_type_size)==32)?"longint":(((global_options.x_target_flags&(1U<<4))!=0)?32:16)==32?"int":16==32?"shortint":(8)==32?"signedchar":0)|(((targetm_cdata.long_type_size)==32)?"longint":(((global_options.x_target_flags&(1U<<7))!=0)?16:32)==32?"int":((8)*MIN(((mt_units_per_word())+1)/2,2))==32?"shortint":(8)==32?"signedchar":0)|(((targetm_cdata.long_type_size)==32)?"longint":16==32?"int":16==32?"shortint":(8)==32?"signedchar":0)|(((targetm_cdata.long_type_size)==32)?"longint":(((global_options.x_target_flags&(1U<<6))==0)?16:32)==32?"int":16==32?"shortint":(8)==32?"signedchar":0)
UNREADABLE-function-like	ASM_FINISH_DECLARE_OBJECT	48	2	<NOT-EXPANDED:function-like>|mips_finish_declare_object
UNREADABLE-function-like	TARGET_CAN_SPLIT_STACK_64BIT	48	2	<NOT-EXPANDED:function-like>|0
DIVERGENT-BY-VALUE	LONG_ACCUM_TYPE_SIZE	48	2	(((8)*4)*2)|64
UNREADABLE-function-like	ASM_DECLARE_REGISTER_GLOBAL	48	1	<NOT-EXPANDED:function-like>
DIVERGENT-OPTION-STATE	UINT_FAST32_TYPE	48	13	((targetm_cdata.long_type_size)==64&&!((&global_options)->x_linux_libc==4)?"longunsignedint":"unsignedint")|(32>=32?"unsignedint":((((targetm_cdata.long_type_size)==32)?"longunsignedint":32==32?"unsignedint":16==32?"shortunsignedint":(8)==32?"unsignedchar":0)?(((targetm_cdata.long_type_size)==32)?"longunsignedint":32==32?"unsignedint":16==32?"shortunsignedint":(8)==32?"unsignedchar":0):((targetm_cdata.long_type_size)==64?"longunsignedint":64==64?"longlongunsignedint":32==64?"unsignedint":0)?((targetm_cdata.long_type_size)==64?"longunsignedint":64==64?"longlongunsignedint":32==64?"unsignedint":0):0))|((targetm_cdata.bits_per_word)>=32?"unsignedint":((((targetm_cdata.long_type_size)==32)?"longunsignedint":(targetm_cdata.bits_per_word)==32?"unsignedint":((8)*MIN(((mt_units_per_word())+1)/2,2))==32?"shortunsignedint":(8)==32?"unsignedchar":0)?(((targetm_cdata.long_type_size)==32)?"longunsignedint":(targetm_cdata.bits_per_word)==32?"unsignedint":((8)*MIN(((mt_units_per_word())+1)/2,2))==32?"shortunsignedint":(8)==32?"unsignedchar":0):((targetm_cdata.long_type_size)==64?"longunsignedint":((targetm_cdata.bits_per_word)*2)==64?"longlongunsignedint":(targetm_cdata.bits_per_word)==64?"unsignedint":0)?((targetm_cdata.long_type_size)==64?"longunsignedint":((targetm_cdata.bits_per_word)*2)==64?"longlongunsignedint":(targetm_cdata.bits_per_word)==64?"unsignedint":0):0))|((((global_options.x_target_flags&(1U<<6))!=0)?8:16)==16?"longunsignedint":"longlongunsignedint")|(32>=32?"unsignedint":((((targetm_cdata.long_type_size)==32)?"longunsignedint":32==32?"unsignedint":16==32?"shortunsignedint":8==32?"unsignedchar":0)?(((targetm_cdata.long_type_size)==32)?"longunsignedint":32==32?"unsignedint":16==32?"shortunsignedint":8==32?"unsignedchar":0):((targetm_cdata.long_type_size)==64?"longunsignedint":64==64?"longlongunsignedint":32==64?"unsignedint":0)?((targetm_cdata.long_type_size)==64?"longunsignedint":64==64?"longlongunsignedint":32==64?"unsignedint":0):0))|"unsignedint"|((targetm_cdata.bits_per_word)>=32?"unsignedint":"unsignedint")|(32>=32?"unsignedint":((((targetm_cdata.long_type_size)==32)?"longunsignedint":32==32?"unsignedint":((8)*MIN(((mt_units_per_word())+1)/2,2))==32?"shortunsignedint":(8)==32?"unsignedchar":0)?(((targetm_cdata.long_type_size)==32)?"longunsignedint":32==32?"unsignedint":((8)*MIN(((mt_units_per_word())+1)/2,2))==32?"shortunsignedint":(8)==32?"unsignedchar":0):((targetm_cdata.long_type_size)==64?"longunsignedint":64==64?"longlongunsignedint":32==64?"unsignedint":0)?((targetm_cdata.long_type_size)==64?"longunsignedint":64==64?"longlongunsignedint":32==64?"unsignedint":0):0))|((((global_options.x_target_flags&(1U<<4))!=0)?32:16)>=32?"unsignedint":((((targetm_cdata.long_type_size)==32)?"longunsignedint":(((global_options.x_target_flags&(1U<<4))!=0)?32:16)==32?"unsignedint":16==32?"shortunsignedint":(8)==32?"unsignedchar":0)?(((targetm_cdata.long_type_size)==32)?"longunsignedint":(((global_options.x_target_flags&(1U<<4))!=0)?32:16)==32?"unsignedint":16==32?"shortunsignedint":(8)==32?"unsignedchar":0):((targetm_cdata.long_type_size)==64?"longunsignedint":64==64?"longlongunsignedint":(((global_options.x_target_flags&(1U<<4))!=0)?32:16)==64?"unsignedint":0)?((targetm_cdata.long_type_size)==64?"longunsignedint":64==64?"longlongunsignedint":(((global_options.x_target_flags&(1U<<4))!=0)?32:16)==64?"unsignedint":0):0))|((((global_options.x_target_flags&(1U<<7))!=0)?16:32)>=32?"unsignedint":((((targetm_cdata.long_type_size)==32)?"longunsignedint":(((global_options.x_target_flags&(1U<<7))!=0)?16:32)==32?"unsignedint":((8)*MIN(((mt_units_per_word())+1)/2,2))==32?"shortunsignedint":(8)==32?"unsignedchar":0)?(((targetm_cdata.long_type_size)==32)?"longunsignedint":(((global_options.x_target_flags&(1U<<7))!=0)?16:32)==32?"unsignedint":((8)*MIN(((mt_units_per_word())+1)/2,2))==32?"shortunsignedint":(8)==32?"unsignedchar":0):((targetm_cdata.long_type_size)==64?"longunsignedint":((targetm_cdata.bits_per_word)*2)==64?"longlongunsignedint":(((global_options.x_target_flags&(1U<<7))!=0)?16:32)==64?"unsignedint":0)?((targetm_cdata.long_type_size)==64?"longunsignedint":((targetm_cdata.bits_per_word)*2)==64?"longlongunsignedint":(((global_options.x_target_flags&(1U<<7))!=0)?16:32)==64?"unsignedint":0):0))|((targetm_cdata.bits_per_word)>=32?"unsignedint":((((targetm_cdata.long_type_size)==32)?"longunsignedint":(targetm_cdata.bits_per_word)==32?"unsignedint":((8)*MIN(((mt_units_per_word())+1)/2,2))==32?"shortunsignedint":(8)==32?"unsignedchar":0)?(((targetm_cdata.long_type_size)==32)?"longunsignedint":(targetm_cdata.bits_per_word)==32?"unsignedint":((8)*MIN(((mt_units_per_word())+1)/2,2))==32?"shortunsignedint":(8)==32?"unsignedchar":0):((targetm_cdata.long_type_size)==64?"longunsignedint":64==64?"longlongunsignedint":(targetm_cdata.bits_per_word)==64?"unsignedint":0)?((targetm_cdata.long_type_size)==64?"longunsignedint":64==64?"longlongunsignedint":(targetm_cdata.bits_per_word)==64?"unsignedint":0):0))|(16>=32?"unsignedint":((((targetm_cdata.long_type_size)==32)?"longunsignedint":16==32?"unsignedint":16==32?"shortunsignedint":(8)==32?"unsignedchar":0)?(((targetm_cdata.long_type_size)==32)?"longunsignedint":16==32?"unsignedint":16==32?"shortunsignedint":(8)==32?"unsignedchar":0):((targetm_cdata.long_type_size)==64?"longunsignedint":64==64?"longlongunsignedint":16==64?"unsignedint":0)?((targetm_cdata.long_type_size)==64?"longunsignedint":64==64?"longlongunsignedint":16==64?"unsignedint":0):0))|((((global_options.x_target_flags&(1U<<6))==0)?16:32)>=32?"unsignedint":((((targetm_cdata.long_type_size)==32)?"longunsignedint":(((global_options.x_target_flags&(1U<<6))==0)?16:32)==32?"unsignedint":16==32?"shortunsignedint":(8)==32?"unsignedchar":0)?(((targetm_cdata.long_type_size)==32)?"longunsignedint":(((global_options.x_target_flags&(1U<<6))==0)?16:32)==32?"unsignedint":16==32?"shortunsignedint":(8)==32?"unsignedchar":0):((targetm_cdata.long_type_size)==64?"longunsignedint":64==64?"longlongunsignedint":(((global_options.x_target_flags&(1U<<6))==0)?16:32)==64?"unsignedint":0)?((targetm_cdata.long_type_size)==64?"longunsignedint":64==64?"longlongunsignedint":(((global_options.x_target_flags&(1U<<6))==0)?16:32)==64?"unsignedint":0):0))
UNREADABLE-function-like	RETURN_ADDRESS_POINTER_REGNUM	48	6	<NOT-EXPANDED:function-like>|10|32|34|35|152
UNREADABLE-function-like	DWARF_REG_TO_UNWIND_COLUMN	48	1	<NOT-EXPANDED:function-like>
UNREADABLE-function-like	LIBHWASAN_EARLY_SPEC	48	2	"%{!shared:libhwasan_preinit%O%s}""%{static-libhwasan:%{!shared:""%(link_static)--whole-archive-lhwasan--no-whole-archive""%(link_dynamic)""}}%{!static-libhwasan:-lhwasan}"|<NOT-EXPANDED:function-like>
UNREADABLE-function-like	ASM_OUTPUT_SOURCE_FILENAME	48	1	<NOT-EXPANDED:function-like>
UNREADABLE-function-like	TEXT_SECTION_ASM_OP	48	10	"\t.text"|"\t.section\t.text"|".text;"|"\t.section.text"|"\t.text!mmixal:=9HLOC8B"|".text"|<NOT-EXPANDED:function-like>|((((global_options.x_target_flags&(1U<<3))!=0))?"\t.psect\tcode,i,ro,con":"\t.text")|"\t.section\t\".text\""|(((global_options.x_target_flags&(1U<<2))!=0)?"\t.SECTIONP,CODE":"\t.sectionP,\"ax\"")
UNREADABLE-function-like	STRING_ASM_OP	48	5	"\t.string\t"|"\tstringz\t"|"\t.asciz\t"|<NOT-EXPANDED:function-like>|"\t.stringz\t"
UNREADABLE-function-like	STACK_REG_P	48	1	<NOT-EXPANDED:function-like>
DIVERGENT-BY-VALUE	STACK_CHECK_STATIC_BUILTIN	48	2	1|0
UNREADABLE-function-like	GOMP_SELF_SPECS	48	2	<NOT-EXPANDED:function-like>|""
UNREADABLE-function-like	DEFAULT_ABI	48	3	<NOT-EXPANDED:function-like>|SYSV_ABI|global_options.x_rs6000_current_abi
DIVERGENT-OPTION-STATE	INT64_TYPE	48	10	((targetm_cdata.long_type_size)==64?"longint":"longlongint")|((targetm_cdata.long_type_size)==64?"longint":64==64?"longlongint":32==64?"int":0)|((targetm_cdata.long_type_size)==64?"longint":((targetm_cdata.bits_per_word)*2)==64?"longlongint":(targetm_cdata.bits_per_word)==64?"int":0)|((((global_options.x_target_flags&(1U<<6))!=0)?8:16)==16?"longlongint":0)|"longint"|((targetm_cdata.long_type_size)==64?"longint":64==64?"longlongint":(((global_options.x_target_flags&(1U<<4))!=0)?32:16)==64?"int":0)|((targetm_cdata.long_type_size)==64?"longint":((targetm_cdata.bits_per_word)*2)==64?"longlongint":(((global_options.x_target_flags&(1U<<7))!=0)?16:32)==64?"int":0)|((targetm_cdata.long_type_size)==64?"longint":64==64?"longlongint":(targetm_cdata.bits_per_word)==64?"int":0)|((targetm_cdata.long_type_size)==64?"longint":64==64?"longlongint":16==64?"int":0)|((targetm_cdata.long_type_size)==64?"longint":64==64?"longlongint":(((global_options.x_target_flags&(1U<<6))==0)?16:32)==64?"int":0)
UNREADABLE-function-like	BSS_SECTION_ASM_OP	48	9	"\t.bss"|"\t.section\t.bss"|"\t.section.bss"|<NOT-EXPANDED:function-like>|"\t.section\t\".far\",\"aw\",@nobits"|"\t.section.bss,\"aw\""|".bss"|"\t.section\t\".bss\""|(((global_options.x_target_flags&(1U<<2))!=0)?"\t.SECTIONB,DATA,ALIGN=4":"\t.sectionB,\"w\",@nobits\n\t.p2align2")
UNREADABLE-function-like	STANDARD_STARTFILE_PREFIX_1	48	2	<NOT-EXPANDED:function-like>|"/""lib""/"
UNREADABLE-function-like	ENDFILE_SPEC	48	20	"%{Ofast|ffast-math|funsafe-math-optimizations:%{!shared:crtfastmath.o%s}}""""%{!static:%{fvtable-verify=none:%s;fvtable-verify=preinit:vtv_end_preinit.o%s;fvtable-verify=std:vtv_end.o%s}}%{static:crtend.o%s;shared|static-pie|"PIE_SPEC":crtendS.o%s;:crtend.o%s}""crtn.o%s"""""|"%{Ofast|ffast-math|funsafe-math-optimizations:%{!shared:crtfastmath.o%s}}%{shared|pie:crtendS.o%s;:crtend.o%s}crtn.o%s"|"crtend.o%scrtn%O%s"|"crtend%O%scrtn%O%s"|""|<NOT-EXPANDED:function-like>|"crtend.o%scrtn.o%s"|"%{!mno-lsim:-lsim}crtend.o%scrtn.o%s"|"frvend%O%s"|"crtend.o%s%{pg:gcrtn.o%s}%{!pg:crtn.o%s}"|"%{""!mandroid""|tno-android-ld:""%{mdaz-ftz:crtfastmath.o%s;Ofast|ffast-math|funsafe-math-optimizations:%{!shared:%{!mno-daz-ftz:crtfastmath.o%s}}}%{mpc32:crtprec32.o%s}%{mpc64:crtprec64.o%s}%{mpc80:crtprec80.o%s}""""%{!static:%{fvtable-verify=none:%s;fvtable-verify=preinit:vtv_end_preinit.o%s;fvtable-verify=std:vtv_end.o%s}}%{static:crtend.o%s;shared|static-pie|"PIE_SPEC":crtendS.o%s;:crtend.o%s}""crtn.o%s"""""";:""%{mdaz-ftz:crtfastmath.o%s;Ofast|ffast-math|funsafe-math-optimizations:%{!shared:%{!mno-daz-ftz:crtfastmath.o%s}}}%{mpc32:crtprec32.o%s}%{mpc64:crtprec64.o%s}%{mpc80:crtprec80.o%s}""""%{shared:crtend_so%O%s;:crtend_android%O%s}""}"|"%(endfile_cpu)"|"crtend.o%s"|"%{!minrt:%{,c:%{!fexceptions:crtend_no_eh.o%s;:crtend.o%s};"":%{fno-exceptions:crtend_no_eh.o%s;:crtend.o%s}}}""%{minrt:%:if-exists(crtn-minrt.o%s)}%{!minrt:%:if-exists(crtn.o%s)}-lgcc"|"%{!mno-ctor-dtor:crtend1.o%s}"|"%{!static:%{fvtable-verify=none:%s;fvtable-verify=preinit:vtv_end_preinit.o%s;fvtable-verify=std:vtv_end.o%s}}%{static:crtend.o%s;shared|static-pie|"PIE_SPEC":crtendS.o%s;:crtend.o%s}""crtn.o%s"""""|"%{!mabi=ti:-lgloss}"|"%{mads:%(endfile_ads);myellowknife:%(endfile_yellowknife);mmvme:%(endfile_mvme);msim:%(endfile_sim);mcall-freebsd:%(endfile_freebsd);mcall-linux:%(endfile_linux);mcall-netbsd:%(endfile_netbsd);mcall-openbsd:%(endfile_openbsd);:%(crtsavres_default)%(endfile_default)}"|"%{!shared:crtend.o%s}%{shared:crtendS.o%s}crtn.o%s"|"%{!static:%{fvtable-verify=none:%s;fvtable-verify=preinit:vtv_end_preinit.o%s;fvtable-verify=std:vtv_end.o%s}}%{static:crtend.o%s;shared|static-pie|"PIE_SPEC":crtendS.o%s;:crtend.o%s}""crtn.o%s""""""%{Ofast|ffast-math|funsafe-math-optimizations:%{!shared:crtfastmath.o%s}}"
UNREADABLE-function-like	STANDARD_STARTFILE_PREFIX_2	48	3	<NOT-EXPANDED:function-like>|""|"/usr/""lib""/"
UNREADABLE-function-like	STACK_PARMS_IN_REG_PARM_AREA	48	2	<NOT-EXPANDED:function-like>|
DIVERGENT-OPTION-STATE	STACK_CHECK_PROTECT	48	3	(!global_options.x_flag_exceptions?4*1024:targetm_common->except_unwind_info(&global_options)==UI_SJLJ?8*1024:12*1024)|((la_target.isa.base==ISA_BASE_LA64)?16*1024:12*1024)|(((global_options.x_rs6000_isa_flags&(HOST_WIDE_INT_1U<<0))!=0)?16*1024:12*1024)
DIVERGENT-BY-VALUE	SHORT_IMMEDIATES_SIGN_EXTEND	48	2	0|1
DIVERGENT-OPTION-STATE	INT_FAST64_TYPE	48	10	((targetm_cdata.long_type_size)==64?"longint":"longlongint")|(32>=64?"int":((targetm_cdata.long_type_size)==64?"longint":64==64?"longlongint":32==64?"int":0))|((targetm_cdata.bits_per_word)>=64?"int":((targetm_cdata.long_type_size)==64?"longint":((targetm_cdata.bits_per_word)*2)==64?"longlongint":(targetm_cdata.bits_per_word)==64?"int":0))|((((global_options.x_target_flags&(1U<<6))!=0)?8:16)==16?"longlongint":0)|"longint"|((((global_options.x_target_flags&(1U<<4))!=0)?32:16)>=64?"int":((targetm_cdata.long_type_size)==64?"longint":64==64?"longlongint":(((global_options.x_target_flags&(1U<<4))!=0)?32:16)==64?"int":0))|((((global_options.x_target_flags&(1U<<7))!=0)?16:32)>=64?"int":((targetm_cdata.long_type_size)==64?"longint":((targetm_cdata.bits_per_word)*2)==64?"longlongint":(((global_options.x_target_flags&(1U<<7))!=0)?16:32)==64?"int":0))|((targetm_cdata.bits_per_word)>=64?"int":((targetm_cdata.long_type_size)==64?"longint":64==64?"longlongint":(targetm_cdata.bits_per_word)==64?"int":0))|(16>=64?"int":((targetm_cdata.long_type_size)==64?"longint":64==64?"longlongint":16==64?"int":0))|((((global_options.x_target_flags&(1U<<6))==0)?16:32)>=64?"int":((targetm_cdata.long_type_size)==64?"longint":64==64?"longlongint":(((global_options.x_target_flags&(1U<<6))==0)?16:32)==64?"int":0))
UNREADABLE-function-like	BASE64_ASM_OP	48	2	"\t.base64\t"|<NOT-EXPANDED:function-like>
UNREADABLE-function-like	TARGET_EDOM	48	2	<NOT-EXPANDED:function-like>|33
UNREADABLE-function-like	REGNO_MODE_OK_FOR_REG_BASE_P	48	1	<NOT-EXPANDED:function-like>
DIVERGENT-OPTION-STATE	INT_LEAST16_TYPE	48	11	"shortint"|((16==16?"shortint":32==16?"int":(8)==16?"signedchar":0)?(16==16?"shortint":32==16?"int":(8)==16?"signedchar":0):(((targetm_cdata.long_type_size)==32)?"longint":32==32?"int":16==32?"shortint":(8)==32?"signedchar":0)?(((targetm_cdata.long_type_size)==32)?"longint":32==32?"int":16==32?"shortint":(8)==32?"signedchar":0):((targetm_cdata.long_type_size)==64?"longint":64==64?"longlongint":32==64?"int":0)?((targetm_cdata.long_type_size)==64?"longint":64==64?"longlongint":32==64?"int":0):0)|((((8)*MIN(((mt_units_per_word())+1)/2,2))==16?"shortint":(targetm_cdata.bits_per_word)==16?"int":(8)==16?"signedchar":0)?(((8)*MIN(((mt_units_per_word())+1)/2,2))==16?"shortint":(targetm_cdata.bits_per_word)==16?"int":(8)==16?"signedchar":0):(((targetm_cdata.long_type_size)==32)?"longint":(targetm_cdata.bits_per_word)==32?"int":((8)*MIN(((mt_units_per_word())+1)/2,2))==32?"shortint":(8)==32?"signedchar":0)?(((targetm_cdata.long_type_size)==32)?"longint":(targetm_cdata.bits_per_word)==32?"int":((8)*MIN(((mt_units_per_word())+1)/2,2))==32?"shortint":(8)==32?"signedchar":0):((targetm_cdata.long_type_size)==64?"longint":((targetm_cdata.bits_per_word)*2)==64?"longlongint":(targetm_cdata.bits_per_word)==64?"int":0)?((targetm_cdata.long_type_size)==64?"longint":((targetm_cdata.bits_per_word)*2)==64?"longlongint":(targetm_cdata.bits_per_word)==64?"int":0):0)|((((global_options.x_target_flags&(1U<<6))!=0)?8:16)==16?"int":"longint")|((16==16?"shortint":32==16?"int":8==16?"signedchar":0)?(16==16?"shortint":32==16?"int":8==16?"signedchar":0):(((targetm_cdata.long_type_size)==32)?"longint":32==32?"int":16==32?"shortint":8==32?"signedchar":0)?(((targetm_cdata.long_type_size)==32)?"longint":32==32?"int":16==32?"shortint":8==32?"signedchar":0):((targetm_cdata.long_type_size)==64?"longint":64==64?"longlongint":32==64?"int":0)?((targetm_cdata.long_type_size)==64?"longint":64==64?"longlongint":32==64?"int":0):0)|((((8)*MIN(((mt_units_per_word())+1)/2,2))==16?"shortint":32==16?"int":(8)==16?"signedchar":0)?(((8)*MIN(((mt_units_per_word())+1)/2,2))==16?"shortint":32==16?"int":(8)==16?"signedchar":0):(((targetm_cdata.long_type_size)==32)?"longint":32==32?"int":((8)*MIN(((mt_units_per_word())+1)/2,2))==32?"shortint":(8)==32?"signedchar":0)?(((targetm_cdata.long_type_size)==32)?"longint":32==32?"int":((8)*MIN(((mt_units_per_word())+1)/2,2))==32?"shortint":(8)==32?"signedchar":0):((targetm_cdata.long_type_size)==64?"longint":64==64?"longlongint":32==64?"int":0)?((targetm_cdata.long_type_size)==64?"longint":64==64?"longlongint":32==64?"int":0):0)|((16==16?"shortint":(((global_options.x_target_flags&(1U<<4))!=0)?32:16)==16?"int":(8)==16?"signedchar":0)?(16==16?"shortint":(((global_options.x_target_flags&(1U<<4))!=0)?32:16)==16?"int":(8)==16?"signedchar":0):(((targetm_cdata.long_type_size)==32)?"longint":(((global_options.x_target_flags&(1U<<4))!=0)?32:16)==32?"int":16==32?"shortint":(8)==32?"signedchar":0)?(((targetm_cdata.long_type_size)==32)?"longint":(((global_options.x_target_flags&(1U<<4))!=0)?32:16)==32?"int":16==32?"shortint":(8)==32?"signedchar":0):((targetm_cdata.long_type_size)==64?"longint":64==64?"longlongint":(((global_options.x_target_flags&(1U<<4))!=0)?32:16)==64?"int":0)?((targetm_cdata.long_type_size)==64?"longint":64==64?"longlongint":(((global_options.x_target_flags&(1U<<4))!=0)?32:16)==64?"int":0):0)|((((8)*MIN(((mt_units_per_word())+1)/2,2))==16?"shortint":(((global_options.x_target_flags&(1U<<7))!=0)?16:32)==16?"int":(8)==16?"signedchar":0)?(((8)*MIN(((mt_units_per_word())+1)/2,2))==16?"shortint":(((global_options.x_target_flags&(1U<<7))!=0)?16:32)==16?"int":(8)==16?"signedchar":0):(((targetm_cdata.long_type_size)==32)?"longint":(((global_options.x_target_flags&(1U<<7))!=0)?16:32)==32?"int":((8)*MIN(((mt_units_per_word())+1)/2,2))==32?"shortint":(8)==32?"signedchar":0)?(((targetm_cdata.long_type_size)==32)?"longint":(((global_options.x_target_flags&(1U<<7))!=0)?16:32)==32?"int":((8)*MIN(((mt_units_per_word())+1)/2,2))==32?"shortint":(8)==32?"signedchar":0):((targetm_cdata.long_type_size)==64?"longint":((targetm_cdata.bits_per_word)*2)==64?"longlongint":(((global_options.x_target_flags&(1U<<7))!=0)?16:32)==64?"int":0)?((targetm_cdata.long_type_size)==64?"longint":((targetm_cdata.bits_per_word)*2)==64?"longlongint":(((global_options.x_target_flags&(1U<<7))!=0)?16:32)==64?"int":0):0)|((((8)*MIN(((mt_units_per_word())+1)/2,2))==16?"shortint":(targetm_cdata.bits_per_word)==16?"int":(8)==16?"signedchar":0)?(((8)*MIN(((mt_units_per_word())+1)/2,2))==16?"shortint":(targetm_cdata.bits_per_word)==16?"int":(8)==16?"signedchar":0):(((targetm_cdata.long_type_size)==32)?"longint":(targetm_cdata.bits_per_word)==32?"int":((8)*MIN(((mt_units_per_word())+1)/2,2))==32?"shortint":(8)==32?"signedchar":0)?(((targetm_cdata.long_type_size)==32)?"longint":(targetm_cdata.bits_per_word)==32?"int":((8)*MIN(((mt_units_per_word())+1)/2,2))==32?"shortint":(8)==32?"signedchar":0):((targetm_cdata.long_type_size)==64?"longint":64==64?"longlongint":(targetm_cdata.bits_per_word)==64?"int":0)?((targetm_cdata.long_type_size)==64?"longint":64==64?"longlongint":(targetm_cdata.bits_per_word)==64?"int":0):0)|((16==16?"shortint":16==16?"int":(8)==16?"signedchar":0)?(16==16?"shortint":16==16?"int":(8)==16?"signedchar":0):(((targetm_cdata.long_type_size)==32)?"longint":16==32?"int":16==32?"shortint":(8)==32?"signedchar":0)?(((targetm_cdata.long_type_size)==32)?"longint":16==32?"int":16==32?"shortint":(8)==32?"signedchar":0):((targetm_cdata.long_type_size)==64?"longint":64==64?"longlongint":16==64?"int":0)?((targetm_cdata.long_type_size)==64?"longint":64==64?"longlongint":16==64?"int":0):0)|((16==16?"shortint":(((global_options.x_target_flags&(1U<<6))==0)?16:32)==16?"int":(8)==16?"signedchar":0)?(16==16?"shortint":(((global_options.x_target_flags&(1U<<6))==0)?16:32)==16?"int":(8)==16?"signedchar":0):(((targetm_cdata.long_type_size)==32)?"longint":(((global_options.x_target_flags&(1U<<6))==0)?16:32)==32?"int":16==32?"shortint":(8)==32?"signedchar":0)?(((targetm_cdata.long_type_size)==32)?"longint":(((global_options.x_target_flags&(1U<<6))==0)?16:32)==32?"int":16==32?"shortint":(8)==32?"signedchar":0):((targetm_cdata.long_type_size)==64?"longint":64==64?"longlongint":(((global_options.x_target_flags&(1U<<6))==0)?16:32)==64?"int":0)?((targetm_cdata.long_type_size)==64?"longint":64==64?"longlongint":(((global_options.x_target_flags&(1U<<6))==0)?16:32)==64?"int":0):0)
UNREADABLE-function-like	CLASS_MAX_NREGS	48	1	<NOT-EXPANDED:function-like>
UNREADABLE-function-like	AVOID_CCMODE_COPIES	48	3	<NOT-EXPANDED:function-like>||1
DIVERGENT-BY-VALUE	FRACT_TYPE_SIZE	48	2	((8)*2)|16
DIVERGENT-OPTION-STATE	UINT_LEAST8_TYPE	48	10	"unsignedchar"|(((8)==8?"unsignedchar":0)?((8)==8?"unsignedchar":0):(16==16?"shortunsignedint":32==16?"unsignedint":(8)==16?"unsignedchar":0)?(16==16?"shortunsignedint":32==16?"unsignedint":(8)==16?"unsignedchar":0):(((targetm_cdata.long_type_size)==32)?"longunsignedint":32==32?"unsignedint":16==32?"shortunsignedint":(8)==32?"unsignedchar":0)?(((targetm_cdata.long_type_size)==32)?"longunsignedint":32==32?"unsignedint":16==32?"shortunsignedint":(8)==32?"unsignedchar":0):((targetm_cdata.long_type_size)==64?"longunsignedint":64==64?"longlongunsignedint":32==64?"unsignedint":0)?((targetm_cdata.long_type_size)==64?"longunsignedint":64==64?"longlongunsignedint":32==64?"unsignedint":0):0)|(((8)==8?"unsignedchar":0)?((8)==8?"unsignedchar":0):(((8)*MIN(((mt_units_per_word())+1)/2,2))==16?"shortunsignedint":(targetm_cdata.bits_per_word)==16?"unsignedint":(8)==16?"unsignedchar":0)?(((8)*MIN(((mt_units_per_word())+1)/2,2))==16?"shortunsignedint":(targetm_cdata.bits_per_word)==16?"unsignedint":(8)==16?"unsignedchar":0):(((targetm_cdata.long_type_size)==32)?"longunsignedint":(targetm_cdata.bits_per_word)==32?"unsignedint":((8)*MIN(((mt_units_per_word())+1)/2,2))==32?"shortunsignedint":(8)==32?"unsignedchar":0)?(((targetm_cdata.long_type_size)==32)?"longunsignedint":(targetm_cdata.bits_per_word)==32?"unsignedint":((8)*MIN(((mt_units_per_word())+1)/2,2))==32?"shortunsignedint":(8)==32?"unsignedchar":0):((targetm_cdata.long_type_size)==64?"longunsignedint":((targetm_cdata.bits_per_word)*2)==64?"longlongunsignedint":(targetm_cdata.bits_per_word)==64?"unsignedint":0)?((targetm_cdata.long_type_size)==64?"longunsignedint":((targetm_cdata.bits_per_word)*2)==64?"longlongunsignedint":(targetm_cdata.bits_per_word)==64?"unsignedint":0):0)|((8==8?"unsignedchar":0)?(8==8?"unsignedchar":0):(16==16?"shortunsignedint":32==16?"unsignedint":8==16?"unsignedchar":0)?(16==16?"shortunsignedint":32==16?"unsignedint":8==16?"unsignedchar":0):(((targetm_cdata.long_type_size)==32)?"longunsignedint":32==32?"unsignedint":16==32?"shortunsignedint":8==32?"unsignedchar":0)?(((targetm_cdata.long_type_size)==32)?"longunsignedint":32==32?"unsignedint":16==32?"shortunsignedint":8==32?"unsignedchar":0):((targetm_cdata.long_type_size)==64?"longunsignedint":64==64?"longlongunsignedint":32==64?"unsignedint":0)?((targetm_cdata.long_type_size)==64?"longunsignedint":64==64?"longlongunsignedint":32==64?"unsignedint":0):0)|(((8)==8?"unsignedchar":0)?((8)==8?"unsignedchar":0):(((8)*MIN(((mt_units_per_word())+1)/2,2))==16?"shortunsignedint":32==16?"unsignedint":(8)==16?"unsignedchar":0)?(((8)*MIN(((mt_units_per_word())+1)/2,2))==16?"shortunsignedint":32==16?"unsignedint":(8)==16?"unsignedchar":0):(((targetm_cdata.long_type_size)==32)?"longunsignedint":32==32?"unsignedint":((8)*MIN(((mt_units_per_word())+1)/2,2))==32?"shortunsignedint":(8)==32?"unsignedchar":0)?(((targetm_cdata.long_type_size)==32)?"longunsignedint":32==32?"unsignedint":((8)*MIN(((mt_units_per_word())+1)/2,2))==32?"shortunsignedint":(8)==32?"unsignedchar":0):((targetm_cdata.long_type_size)==64?"longunsignedint":64==64?"longlongunsignedint":32==64?"unsignedint":0)?((targetm_cdata.long_type_size)==64?"longunsignedint":64==64?"longlongunsignedint":32==64?"unsignedint":0):0)|(((8)==8?"unsignedchar":0)?((8)==8?"unsignedchar":0):(16==16?"shortunsignedint":(((global_options.x_target_flags&(1U<<4))!=0)?32:16)==16?"unsignedint":(8)==16?"unsignedchar":0)?(16==16?"shortunsignedint":(((global_options.x_target_flags&(1U<<4))!=0)?32:16)==16?"unsignedint":(8)==16?"unsignedchar":0):(((targetm_cdata.long_type_size)==32)?"longunsignedint":(((global_options.x_target_flags&(1U<<4))!=0)?32:16)==32?"unsignedint":16==32?"shortunsignedint":(8)==32?"unsignedchar":0)?(((targetm_cdata.long_type_size)==32)?"longunsignedint":(((global_options.x_target_flags&(1U<<4))!=0)?32:16)==32?"unsignedint":16==32?"shortunsignedint":(8)==32?"unsignedchar":0):((targetm_cdata.long_type_size)==64?"longunsignedint":64==64?"longlongunsignedint":(((global_options.x_target_flags&(1U<<4))!=0)?32:16)==64?"unsignedint":0)?((targetm_cdata.long_type_size)==64?"longunsignedint":64==64?"longlongunsignedint":(((global_options.x_target_flags&(1U<<4))!=0)?32:16)==64?"unsignedint":0):0)|(((8)==8?"unsignedchar":0)?((8)==8?"unsignedchar":0):(((8)*MIN(((mt_units_per_word())+1)/2,2))==16?"shortunsignedint":(((global_options.x_target_flags&(1U<<7))!=0)?16:32)==16?"unsignedint":(8)==16?"unsignedchar":0)?(((8)*MIN(((mt_units_per_word())+1)/2,2))==16?"shortunsignedint":(((global_options.x_target_flags&(1U<<7))!=0)?16:32)==16?"unsignedint":(8)==16?"unsignedchar":0):(((targetm_cdata.long_type_size)==32)?"longunsignedint":(((global_options.x_target_flags&(1U<<7))!=0)?16:32)==32?"unsignedint":((8)*MIN(((mt_units_per_word())+1)/2,2))==32?"shortunsignedint":(8)==32?"unsignedchar":0)?(((targetm_cdata.long_type_size)==32)?"longunsignedint":(((global_options.x_target_flags&(1U<<7))!=0)?16:32)==32?"unsignedint":((8)*MIN(((mt_units_per_word())+1)/2,2))==32?"shortunsignedint":(8)==32?"unsignedchar":0):((targetm_cdata.long_type_size)==64?"longunsignedint":((targetm_cdata.bits_per_word)*2)==64?"longlongunsignedint":(((global_options.x_target_flags&(1U<<7))!=0)?16:32)==64?"unsignedint":0)?((targetm_cdata.long_type_size)==64?"longunsignedint":((targetm_cdata.bits_per_word)*2)==64?"longlongunsignedint":(((global_options.x_target_flags&(1U<<7))!=0)?16:32)==64?"unsignedint":0):0)|(((8)==8?"unsignedchar":0)?((8)==8?"unsignedchar":0):(((8)*MIN(((mt_units_per_word())+1)/2,2))==16?"shortunsignedint":(targetm_cdata.bits_per_word)==16?"unsignedint":(8)==16?"unsignedchar":0)?(((8)*MIN(((mt_units_per_word())+1)/2,2))==16?"shortunsignedint":(targetm_cdata.bits_per_word)==16?"unsignedint":(8)==16?"unsignedchar":0):(((targetm_cdata.long_type_size)==32)?"longunsignedint":(targetm_cdata.bits_per_word)==32?"unsignedint":((8)*MIN(((mt_units_per_word())+1)/2,2))==32?"shortunsignedint":(8)==32?"unsignedchar":0)?(((targetm_cdata.long_type_size)==32)?"longunsignedint":(targetm_cdata.bits_per_word)==32?"unsignedint":((8)*MIN(((mt_units_per_word())+1)/2,2))==32?"shortunsignedint":(8)==32?"unsignedchar":0):((targetm_cdata.long_type_size)==64?"longunsignedint":64==64?"longlongunsignedint":(targetm_cdata.bits_per_word)==64?"unsignedint":0)?((targetm_cdata.long_type_size)==64?"longunsignedint":64==64?"longlongunsignedint":(targetm_cdata.bits_per_word)==64?"unsignedint":0):0)|(((8)==8?"unsignedchar":0)?((8)==8?"unsignedchar":0):(16==16?"shortunsignedint":16==16?"unsignedint":(8)==16?"unsignedchar":0)?(16==16?"shortunsignedint":16==16?"unsignedint":(8)==16?"unsignedchar":0):(((targetm_cdata.long_type_size)==32)?"longunsignedint":16==32?"unsignedint":16==32?"shortunsignedint":(8)==32?"unsignedchar":0)?(((targetm_cdata.long_type_size)==32)?"longunsignedint":16==32?"unsignedint":16==32?"shortunsignedint":(8)==32?"unsignedchar":0):((targetm_cdata.long_type_size)==64?"longunsignedint":64==64?"longlongunsignedint":16==64?"unsignedint":0)?((targetm_cdata.long_type_size)==64?"longunsignedint":64==64?"longlongunsignedint":16==64?"unsignedint":0):0)|(((8)==8?"unsignedchar":0)?((8)==8?"unsignedchar":0):(16==16?"shortunsignedint":(((global_options.x_target_flags&(1U<<6))==0)?16:32)==16?"unsignedint":(8)==16?"unsignedchar":0)?(16==16?"shortunsignedint":(((global_options.x_target_flags&(1U<<6))==0)?16:32)==16?"unsignedint":(8)==16?"unsignedchar":0):(((targetm_cdata.long_type_size)==32)?"longunsignedint":(((global_options.x_target_flags&(1U<<6))==0)?16:32)==32?"unsignedint":16==32?"shortunsignedint":(8)==32?"unsignedchar":0)?(((targetm_cdata.long_type_size)==32)?"longunsignedint":(((global_options.x_target_flags&(1U<<6))==0)?16:32)==32?"unsignedint":16==32?"shortunsignedint":(8)==32?"unsignedchar":0):((targetm_cdata.long_type_size)==64?"longunsignedint":64==64?"longlongunsignedint":(((global_options.x_target_flags&(1U<<6))==0)?16:32)==64?"unsignedint":0)?((targetm_cdata.long_type_size)==64?"longunsignedint":64==64?"longlongunsignedint":(((global_options.x_target_flags&(1U<<6))==0)?16:32)==64?"unsignedint":0):0)
UNREADABLE-function-like	RISCV_USE_CUSTOMISED_MULTI_LIB	48	2	<NOT-EXPANDED:function-like>|select_by_abi
UNREADABLE-function-like	LOAD_EXTEND_OP	48	1	<NOT-EXPANDED:function-like>
UNREADABLE-function-like	ASM_OUTPUT_LIMITED_STRING	48	1	<NOT-EXPANDED:function-like>
DIVERGENT-OPTION-STATE	UINTPTR_TYPE	48	3	((targetm_cdata.long_type_size)==64?"longunsignedint":"unsignedint")|targetm_cdata.size_type|"longunsignedint"
DIVERGENT-OPTION-STATE	UINT_FAST8_TYPE	48	10	"unsignedchar"|(32>=8?"unsignedint":(((8)==8?"unsignedchar":0)?((8)==8?"unsignedchar":0):(16==16?"shortunsignedint":32==16?"unsignedint":(8)==16?"unsignedchar":0)?(16==16?"shortunsignedint":32==16?"unsignedint":(8)==16?"unsignedchar":0):(((targetm_cdata.long_type_size)==32)?"longunsignedint":32==32?"unsignedint":16==32?"shortunsignedint":(8)==32?"unsignedchar":0)?(((targetm_cdata.long_type_size)==32)?"longunsignedint":32==32?"unsignedint":16==32?"shortunsignedint":(8)==32?"unsignedchar":0):((targetm_cdata.long_type_size)==64?"longunsignedint":64==64?"longlongunsignedint":32==64?"unsignedint":0)?((targetm_cdata.long_type_size)==64?"longunsignedint":64==64?"longlongunsignedint":32==64?"unsignedint":0):0))|((targetm_cdata.bits_per_word)>=8?"unsignedint":(((8)==8?"unsignedchar":0)?((8)==8?"unsignedchar":0):(((8)*MIN(((mt_units_per_word())+1)/2,2))==16?"shortunsignedint":(targetm_cdata.bits_per_word)==16?"unsignedint":(8)==16?"unsignedchar":0)?(((8)*MIN(((mt_units_per_word())+1)/2,2))==16?"shortunsignedint":(targetm_cdata.bits_per_word)==16?"unsignedint":(8)==16?"unsignedchar":0):(((targetm_cdata.long_type_size)==32)?"longunsignedint":(targetm_cdata.bits_per_word)==32?"unsignedint":((8)*MIN(((mt_units_per_word())+1)/2,2))==32?"shortunsignedint":(8)==32?"unsignedchar":0)?(((targetm_cdata.long_type_size)==32)?"longunsignedint":(targetm_cdata.bits_per_word)==32?"unsignedint":((8)*MIN(((mt_units_per_word())+1)/2,2))==32?"shortunsignedint":(8)==32?"unsignedchar":0):((targetm_cdata.long_type_size)==64?"longunsignedint":((targetm_cdata.bits_per_word)*2)==64?"longlongunsignedint":(targetm_cdata.bits_per_word)==64?"unsignedint":0)?((targetm_cdata.long_type_size)==64?"longunsignedint":((targetm_cdata.bits_per_word)*2)==64?"longlongunsignedint":(targetm_cdata.bits_per_word)==64?"unsignedint":0):0))|(32>=8?"unsignedint":((8==8?"unsignedchar":0)?(8==8?"unsignedchar":0):(16==16?"shortunsignedint":32==16?"unsignedint":8==16?"unsignedchar":0)?(16==16?"shortunsignedint":32==16?"unsignedint":8==16?"unsignedchar":0):(((targetm_cdata.long_type_size)==32)?"longunsignedint":32==32?"unsignedint":16==32?"shortunsignedint":8==32?"unsignedchar":0)?(((targetm_cdata.long_type_size)==32)?"longunsignedint":32==32?"unsignedint":16==32?"shortunsignedint":8==32?"unsignedchar":0):((targetm_cdata.long_type_size)==64?"longunsignedint":64==64?"longlongunsignedint":32==64?"unsignedint":0)?((targetm_cdata.long_type_size)==64?"longunsignedint":64==64?"longlongunsignedint":32==64?"unsignedint":0):0))|(32>=8?"unsignedint":(((8)==8?"unsignedchar":0)?((8)==8?"unsignedchar":0):(((8)*MIN(((mt_units_per_word())+1)/2,2))==16?"shortunsignedint":32==16?"unsignedint":(8)==16?"unsignedchar":0)?(((8)*MIN(((mt_units_per_word())+1)/2,2))==16?"shortunsignedint":32==16?"unsignedint":(8)==16?"unsignedchar":0):(((targetm_cdata.long_type_size)==32)?"longunsignedint":32==32?"unsignedint":((8)*MIN(((mt_units_per_word())+1)/2,2))==32?"shortunsignedint":(8)==32?"unsignedchar":0)?(((targetm_cdata.long_type_size)==32)?"longunsignedint":32==32?"unsignedint":((8)*MIN(((mt_units_per_word())+1)/2,2))==32?"shortunsignedint":(8)==32?"unsignedchar":0):((targetm_cdata.long_type_size)==64?"longunsignedint":64==64?"longlongunsignedint":32==64?"unsignedint":0)?((targetm_cdata.long_type_size)==64?"longunsignedint":64==64?"longlongunsignedint":32==64?"unsignedint":0):0))|((((global_options.x_target_flags&(1U<<4))!=0)?32:16)>=8?"unsignedint":(((8)==8?"unsignedchar":0)?((8)==8?"unsignedchar":0):(16==16?"shortunsignedint":(((global_options.x_target_flags&(1U<<4))!=0)?32:16)==16?"unsignedint":(8)==16?"unsignedchar":0)?(16==16?"shortunsignedint":(((global_options.x_target_flags&(1U<<4))!=0)?32:16)==16?"unsignedint":(8)==16?"unsignedchar":0):(((targetm_cdata.long_type_size)==32)?"longunsignedint":(((global_options.x_target_flags&(1U<<4))!=0)?32:16)==32?"unsignedint":16==32?"shortunsignedint":(8)==32?"unsignedchar":0)?(((targetm_cdata.long_type_size)==32)?"longunsignedint":(((global_options.x_target_flags&(1U<<4))!=0)?32:16)==32?"unsignedint":16==32?"shortunsignedint":(8)==32?"unsignedchar":0):((targetm_cdata.long_type_size)==64?"longunsignedint":64==64?"longlongunsignedint":(((global_options.x_target_flags&(1U<<4))!=0)?32:16)==64?"unsignedint":0)?((targetm_cdata.long_type_size)==64?"longunsignedint":64==64?"longlongunsignedint":(((global_options.x_target_flags&(1U<<4))!=0)?32:16)==64?"unsignedint":0):0))|((((global_options.x_target_flags&(1U<<7))!=0)?16:32)>=8?"unsignedint":(((8)==8?"unsignedchar":0)?((8)==8?"unsignedchar":0):(((8)*MIN(((mt_units_per_word())+1)/2,2))==16?"shortunsignedint":(((global_options.x_target_flags&(1U<<7))!=0)?16:32)==16?"unsignedint":(8)==16?"unsignedchar":0)?(((8)*MIN(((mt_units_per_word())+1)/2,2))==16?"shortunsignedint":(((global_options.x_target_flags&(1U<<7))!=0)?16:32)==16?"unsignedint":(8)==16?"unsignedchar":0):(((targetm_cdata.long_type_size)==32)?"longunsignedint":(((global_options.x_target_flags&(1U<<7))!=0)?16:32)==32?"unsignedint":((8)*MIN(((mt_units_per_word())+1)/2,2))==32?"shortunsignedint":(8)==32?"unsignedchar":0)?(((targetm_cdata.long_type_size)==32)?"longunsignedint":(((global_options.x_target_flags&(1U<<7))!=0)?16:32)==32?"unsignedint":((8)*MIN(((mt_units_per_word())+1)/2,2))==32?"shortunsignedint":(8)==32?"unsignedchar":0):((targetm_cdata.long_type_size)==64?"longunsignedint":((targetm_cdata.bits_per_word)*2)==64?"longlongunsignedint":(((global_options.x_target_flags&(1U<<7))!=0)?16:32)==64?"unsignedint":0)?((targetm_cdata.long_type_size)==64?"longunsignedint":((targetm_cdata.bits_per_word)*2)==64?"longlongunsignedint":(((global_options.x_target_flags&(1U<<7))!=0)?16:32)==64?"unsignedint":0):0))|((targetm_cdata.bits_per_word)>=8?"unsignedint":(((8)==8?"unsignedchar":0)?((8)==8?"unsignedchar":0):(((8)*MIN(((mt_units_per_word())+1)/2,2))==16?"shortunsignedint":(targetm_cdata.bits_per_word)==16?"unsignedint":(8)==16?"unsignedchar":0)?(((8)*MIN(((mt_units_per_word())+1)/2,2))==16?"shortunsignedint":(targetm_cdata.bits_per_word)==16?"unsignedint":(8)==16?"unsignedchar":0):(((targetm_cdata.long_type_size)==32)?"longunsignedint":(targetm_cdata.bits_per_word)==32?"unsignedint":((8)*MIN(((mt_units_per_word())+1)/2,2))==32?"shortunsignedint":(8)==32?"unsignedchar":0)?(((targetm_cdata.long_type_size)==32)?"longunsignedint":(targetm_cdata.bits_per_word)==32?"unsignedint":((8)*MIN(((mt_units_per_word())+1)/2,2))==32?"shortunsignedint":(8)==32?"unsignedchar":0):((targetm_cdata.long_type_size)==64?"longunsignedint":64==64?"longlongunsignedint":(targetm_cdata.bits_per_word)==64?"unsignedint":0)?((targetm_cdata.long_type_size)==64?"longunsignedint":64==64?"longlongunsignedint":(targetm_cdata.bits_per_word)==64?"unsignedint":0):0))|(16>=8?"unsignedint":(((8)==8?"unsignedchar":0)?((8)==8?"unsignedchar":0):(16==16?"shortunsignedint":16==16?"unsignedint":(8)==16?"unsignedchar":0)?(16==16?"shortunsignedint":16==16?"unsignedint":(8)==16?"unsignedchar":0):(((targetm_cdata.long_type_size)==32)?"longunsignedint":16==32?"unsignedint":16==32?"shortunsignedint":(8)==32?"unsignedchar":0)?(((targetm_cdata.long_type_size)==32)?"longunsignedint":16==32?"unsignedint":16==32?"shortunsignedint":(8)==32?"unsignedchar":0):((targetm_cdata.long_type_size)==64?"longunsignedint":64==64?"longlongunsignedint":16==64?"unsignedint":0)?((targetm_cdata.long_type_size)==64?"longunsignedint":64==64?"longlongunsignedint":16==64?"unsignedint":0):0))|((((global_options.x_target_flags&(1U<<6))==0)?16:32)>=8?"unsignedint":(((8)==8?"unsignedchar":0)?((8)==8?"unsignedchar":0):(16==16?"shortunsignedint":(((global_options.x_target_flags&(1U<<6))==0)?16:32)==16?"unsignedint":(8)==16?"unsignedchar":0)?(16==16?"shortunsignedint":(((global_options.x_target_flags&(1U<<6))==0)?16:32)==16?"unsignedint":(8)==16?"unsignedchar":0):(((targetm_cdata.long_type_size)==32)?"longunsignedint":(((global_options.x_target_flags&(1U<<6))==0)?16:32)==32?"unsignedint":16==32?"shortunsignedint":(8)==32?"unsignedchar":0)?(((targetm_cdata.long_type_size)==32)?"longunsignedint":(((global_options.x_target_flags&(1U<<6))==0)?16:32)==32?"unsignedint":16==32?"shortunsignedint":(8)==32?"unsignedchar":0):((targetm_cdata.long_type_size)==64?"longunsignedint":64==64?"longlongunsignedint":(((global_options.x_target_flags&(1U<<6))==0)?16:32)==64?"unsignedint":0)?((targetm_cdata.long_type_size)==64?"longunsignedint":64==64?"longlongunsignedint":(((global_options.x_target_flags&(1U<<6))==0)?16:32)==64?"unsignedint":0):0))
UNREADABLE-function-like	TARGET_EXTRA_PRE_INCLUDES	48	2	<NOT-EXPANDED:function-like>|msp430_register_pre_includes
DIVERGENT-BY-VALUE	SUPPORTS_WEAK	48	2	1|0
DIVERGENT-OPTION-STATE	RETURN_ADDR_OFFSET	48	3	0|8|(8+4*(!(!(!((global_options.x_target_flags&(1U<<0))!=0)))&&cfun->returns_struct))
UNREADABLE-function-like	INIT_EXPANDERS	48	14	aarch64_init_expanders()|<NOT-EXPANDED:function-like>|arc_init_expanders()|arm_init_expanders()|avr_init_expanders()|cris_init_expanders()|csky_init_expanders()|epiphany_init_expanders()|do{ia64_init_expanders();if(crtl->emit.regno_pointer_align)REGNO_POINTER_ALIGN((mt_arg_pointer_regnum()))=64;}while(0)|m32r_init_expanders()|mmix_init_expanders()|nds32_init_expanders()|do{if(crtl->emit.regno_pointer_align){if((((!(!((global_options.x_target_flags&(1U<<0))!=0)))&&((global_options.x_target_flags&(1U<<12))!=0))?2047:0)){REGNO_POINTER_ALIGN((mt_stack_pointer_regnum()))=(8);REGNO_POINTER_ALIGN((mt_hard_frame_pointer_regnum()))=(8);}if((!((global_options.x_target_flags&(1U<<0))!=0))){REGNO_POINTER_ALIGN(VIRTUAL_INCOMING_ARGS_REGNUM)=(targetm_cdata.bits_per_word);REGNO_POINTER_ALIGN(VIRTUAL_STACK_DYNAMIC_REGNUM)=(targetm_cdata.bits_per_word);REGNO_POINTER_ALIGN(VIRTUAL_OUTGOING_ARGS_REGNUM)=(targetm_cdata.bits_per_word);}}}while(0)|visium_init_expanders()
UNREADABLE-function-like	ASM_OUTPUT_ALIGNED_DECL_LOCAL	48	1	<NOT-EXPANDED:function-like>
UNREADABLE-function-like	DWARF2_UNWIND_INFO	48	3	1|0|<NOT-EXPANDED:function-like>
UNREADABLE-function-like	STACK_REGS	48	2	<NOT-EXPANDED:function-like>|
UNREADABLE-function-like	FIND_BASE_TERM	48	3	<NOT-EXPANDED:function-like>|frv_find_base_term|rs6000_find_base_term
DIVERGENT-OPTION-STATE	FUNCTION_BOUNDARY	48	12	32|(((((global_options.x_target_flags)&(1U<<4))!=0)?16:32))|8|64|16|((((csky_base_arch==CSKY_BASE_ARCH_CK801)||(csky_base_arch==CSKY_BASE_ARCH_CK802))&&global_options.x_optimize_size)?16:32)|128|((((global_options.x_target_flags&(1U<<1))!=0))?32:16)|(((((global_options.x_target_flags&(1U<<2))!=0))||((global_options.x_target_flags&(1U<<1))!=0))?32:16)|(((((global_options.x_riscv_base_subext&(1U<<5))!=0)||((global_options.x_riscv_zc_subext&(1U<<0))!=0))&&!is_zicfilp_p())?16:32)|((global_options.x_rx_cpu_type==RX100||global_options.x_rx_cpu_type==RX200)?4:8)|(((!((global_options.x_target_flags&(1U<<7))!=0))||global_options.x_optimize_size)?16:32)
UNREADABLE-function-like	CTF_DEBUGGING_INFO	48	2	1|<NOT-EXPANDED:function-like>
UNREADABLE-function-like	BLOCK_REG_PADDING	48	1	<NOT-EXPANDED:function-like>
UNREADABLE-function-like	ASM_OUTPUT_MAX_SKIP_ALIGN	48	1	<NOT-EXPANDED:function-like>
DIVERGENT-OPTION-STATE	SIG_ATOMIC_TYPE	48	2	"int"|"char"
DIVERGENT-OPTION-STATE	PCC_BITFIELD_TYPE_MATTERS	48	4	1|false|((!global_options.x_TARGET_NO_BITFIELD_TYPE))|(!((global_options.x_target_flags&(1U<<4))!=0))
UNREADABLE-function-like	ASM_OUTPUT_SYMVER_DIRECTIVE	48	1	<NOT-EXPANDED:function-like>
IDENTITY-BY-VALUE	SHORT_FRACT_TYPE_SIZE	48	1	8
UNREADABLE-function-like	PROFILE_BEFORE_PROLOGUE	48	4	<NOT-EXPANDED:function-like>|1||0
UNREADABLE-function-like	MEMORY_MOVE_COST	48	1	<NOT-EXPANDED:function-like>
UNREADABLE-function-like	PUSH_ROUNDING	48	1	<NOT-EXPANDED:function-like>
UNREADABLE-function-like	LIBGCC_SPEC	48	4	<NOT-EXPANDED:function-like>|"%{!mmcu=avr1:-lgcc-lm}"|"-lgcc"|"%{!shared:%{m4-100*:-lic_invalidate_array_4-100}%{m4-200*:-lic_invalidate_array_4-200}%{m4-300*|m4-340:-lic_invalidate_array_4a%{!Os:-lgcc-4-300}}%{m4a*:-lic_invalidate_array_4a}}%{Os:-lgcc-Os-4-200}-lgcc%{!Os:-lgcc-Os-4-200}"
UNREADABLE-function-like	LEGITIMIZE_RELOAD_ADDRESS	48	1	<NOT-EXPANDED:function-like>
DIVERGENT-OPTION-STATE	INT_FAST32_TYPE	48	13	((targetm_cdata.long_type_size)==64&&!((&global_options)->x_linux_libc==4)?"longint":"int")|(32>=32?"int":((((targetm_cdata.long_type_size)==32)?"longint":32==32?"int":16==32?"shortint":(8)==32?"signedchar":0)?(((targetm_cdata.long_type_size)==32)?"longint":32==32?"int":16==32?"shortint":(8)==32?"signedchar":0):((targetm_cdata.long_type_size)==64?"longint":64==64?"longlongint":32==64?"int":0)?((targetm_cdata.long_type_size)==64?"longint":64==64?"longlongint":32==64?"int":0):0))|((targetm_cdata.bits_per_word)>=32?"int":((((targetm_cdata.long_type_size)==32)?"longint":(targetm_cdata.bits_per_word)==32?"int":((8)*MIN(((mt_units_per_word())+1)/2,2))==32?"shortint":(8)==32?"signedchar":0)?(((targetm_cdata.long_type_size)==32)?"longint":(targetm_cdata.bits_per_word)==32?"int":((8)*MIN(((mt_units_per_word())+1)/2,2))==32?"shortint":(8)==32?"signedchar":0):((targetm_cdata.long_type_size)==64?"longint":((targetm_cdata.bits_per_word)*2)==64?"longlongint":(targetm_cdata.bits_per_word)==64?"int":0)?((targetm_cdata.long_type_size)==64?"longint":((targetm_cdata.bits_per_word)*2)==64?"longlongint":(targetm_cdata.bits_per_word)==64?"int":0):0))|((((global_options.x_target_flags&(1U<<6))!=0)?8:16)==16?"longint":"longlongint")|(32>=32?"int":((((targetm_cdata.long_type_size)==32)?"longint":32==32?"int":16==32?"shortint":8==32?"signedchar":0)?(((targetm_cdata.long_type_size)==32)?"longint":32==32?"int":16==32?"shortint":8==32?"signedchar":0):((targetm_cdata.long_type_size)==64?"longint":64==64?"longlongint":32==64?"int":0)?((targetm_cdata.long_type_size)==64?"longint":64==64?"longlongint":32==64?"int":0):0))|"int"|((targetm_cdata.bits_per_word)>=32?"int":"int")|(32>=32?"int":((((targetm_cdata.long_type_size)==32)?"longint":32==32?"int":((8)*MIN(((mt_units_per_word())+1)/2,2))==32?"shortint":(8)==32?"signedchar":0)?(((targetm_cdata.long_type_size)==32)?"longint":32==32?"int":((8)*MIN(((mt_units_per_word())+1)/2,2))==32?"shortint":(8)==32?"signedchar":0):((targetm_cdata.long_type_size)==64?"longint":64==64?"longlongint":32==64?"int":0)?((targetm_cdata.long_type_size)==64?"longint":64==64?"longlongint":32==64?"int":0):0))|((((global_options.x_target_flags&(1U<<4))!=0)?32:16)>=32?"int":((((targetm_cdata.long_type_size)==32)?"longint":(((global_options.x_target_flags&(1U<<4))!=0)?32:16)==32?"int":16==32?"shortint":(8)==32?"signedchar":0)?(((targetm_cdata.long_type_size)==32)?"longint":(((global_options.x_target_flags&(1U<<4))!=0)?32:16)==32?"int":16==32?"shortint":(8)==32?"signedchar":0):((targetm_cdata.long_type_size)==64?"longint":64==64?"longlongint":(((global_options.x_target_flags&(1U<<4))!=0)?32:16)==64?"int":0)?((targetm_cdata.long_type_size)==64?"longint":64==64?"longlongint":(((global_options.x_target_flags&(1U<<4))!=0)?32:16)==64?"int":0):0))|((((global_options.x_target_flags&(1U<<7))!=0)?16:32)>=32?"int":((((targetm_cdata.long_type_size)==32)?"longint":(((global_options.x_target_flags&(1U<<7))!=0)?16:32)==32?"int":((8)*MIN(((mt_units_per_word())+1)/2,2))==32?"shortint":(8)==32?"signedchar":0)?(((targetm_cdata.long_type_size)==32)?"longint":(((global_options.x_target_flags&(1U<<7))!=0)?16:32)==32?"int":((8)*MIN(((mt_units_per_word())+1)/2,2))==32?"shortint":(8)==32?"signedchar":0):((targetm_cdata.long_type_size)==64?"longint":((targetm_cdata.bits_per_word)*2)==64?"longlongint":(((global_options.x_target_flags&(1U<<7))!=0)?16:32)==64?"int":0)?((targetm_cdata.long_type_size)==64?"longint":((targetm_cdata.bits_per_word)*2)==64?"longlongint":(((global_options.x_target_flags&(1U<<7))!=0)?16:32)==64?"int":0):0))|((targetm_cdata.bits_per_word)>=32?"int":((((targetm_cdata.long_type_size)==32)?"longint":(targetm_cdata.bits_per_word)==32?"int":((8)*MIN(((mt_units_per_word())+1)/2,2))==32?"shortint":(8)==32?"signedchar":0)?(((targetm_cdata.long_type_size)==32)?"longint":(targetm_cdata.bits_per_word)==32?"int":((8)*MIN(((mt_units_per_word())+1)/2,2))==32?"shortint":(8)==32?"signedchar":0):((targetm_cdata.long_type_size)==64?"longint":64==64?"longlongint":(targetm_cdata.bits_per_word)==64?"int":0)?((targetm_cdata.long_type_size)==64?"longint":64==64?"longlongint":(targetm_cdata.bits_per_word)==64?"int":0):0))|(16>=32?"int":((((targetm_cdata.long_type_size)==32)?"longint":16==32?"int":16==32?"shortint":(8)==32?"signedchar":0)?(((targetm_cdata.long_type_size)==32)?"longint":16==32?"int":16==32?"shortint":(8)==32?"signedchar":0):((targetm_cdata.long_type_size)==64?"longint":64==64?"longlongint":16==64?"int":0)?((targetm_cdata.long_type_size)==64?"longint":64==64?"longlongint":16==64?"int":0):0))|((((global_options.x_target_flags&(1U<<6))==0)?16:32)>=32?"int":((((targetm_cdata.long_type_size)==32)?"longint":(((global_options.x_target_flags&(1U<<6))==0)?16:32)==32?"int":16==32?"shortint":(8)==32?"signedchar":0)?(((targetm_cdata.long_type_size)==32)?"longint":(((global_options.x_target_flags&(1U<<6))==0)?16:32)==32?"int":16==32?"shortint":(8)==32?"signedchar":0):((targetm_cdata.long_type_size)==64?"longint":64==64?"longlongint":(((global_options.x_target_flags&(1U<<6))==0)?16:32)==64?"int":0)?((targetm_cdata.long_type_size)==64?"longint":64==64?"longlongint":(((global_options.x_target_flags&(1U<<6))==0)?16:32)==64?"int":0):0))
UNREADABLE-function-like	ASCII_DATA_ASM_OP	48	3	"\t.ascii\t"|"\tstring\t"|<NOT-EXPANDED:function-like>
DIVERGENT-OPTION-STATE	ASM_APP_OFF	48	12	"#NO_APP\n"|(((global_options.x_target_flags&(1U<<3))!=0)?"\t.set\tnomacro\n":"")|""|((!((global_options.x_target_flags&(1U<<4))!=0))?"\t.arm\n\t.syntaxunified\n":"\t.thumb\n\t.syntaxunified\n")|"/*#NOAPP*/\n"|"\t;#NO_APP\n"|"//inlineasmend\n"|";#NO_APP\n"|(((global_options.x_target_flags&(1U<<5))!=0)?"#NO_APP\n":"//NO_APP\n")|"%NO_APP\n"|"!#NO_APP\n"|"\t//#NO_APP\n"
UNREADABLE-function-like	USE_SELECT_SECTION_FOR_FUNCTIONS	48	2	<NOT-EXPANDED:function-like>|1
UNREADABLE-function-like	TARGET_MACHO	48	3	<NOT-EXPANDED:function-like>|0|2==4
DIVERGENT-OPTION-STATE	STACK_PUSH_CODE	48	4	PRE_DEC|POST_DEC|PRE_INC|POST_INC
UNREADABLE-function-like	ASM_OUTPUT_INTERNAL_LABEL	48	1	<NOT-EXPANDED:function-like>
UNREADABLE-function-like	DATA_ALIGNMENT	48	2	<NOT-EXPANDED:function-like>|nvptx_data_alignment
UNREADABLE-function-like	LEGITIMATE_PIC_OPERAND_P	48	1	<NOT-EXPANDED:function-like>
UNREADABLE-function-like	INSN_SETS_ARE_DELAYED	48	1	<NOT-EXPANDED:function-like>
UNREADABLE-function-like	CC1_SPEC	48	18	"%{profile:-p}""%{%:sanitize(address):-funwind-tables}""%{""mcpu=*:%{%:is_local_not_armv8_base(%{mcpu=*:%*}):%<m""fix-cortex-a53-835769""-mno-""fix-cortex-a53-835769""};march=*:%{%:is_local_not_armv8_base(%{march=*:%*}):%<m""fix-cortex-a53-835769""-mno-""fix-cortex-a53-835769""}""}""%{""mcpu=*:%{%:is_local_not_armv8_base(%{mcpu=*:%*}):%<m""fix-cortex-a53-843419""-mno-""fix-cortex-a53-843419""};march=*:%{%:is_local_not_armv8_base(%{march=*:%*}):%<m""fix-cortex-a53-843419""-mno-""fix-cortex-a53-843419""}""}"|"%{G*}"|"%{EB:%{EL:%emaynotuseboth-EBand-EL}}%{EB:-mbig-endian}%{EL:-mlittle-endian}%{G*}"|""|"%(cc1_n_flash)""%(cc1_errata_skip)""%(cc1_rmw)""%(cc1_absdata)""%(cc1_rodata_in_ram)"|<NOT-EXPANDED:function-like>|"%{metrax4:-march=v3}%{metrax100:-march=v8}%{march=*:-march=%*}%{mcpu=*:-mcpu=%*}%(cc1_subtarget)"|"%{EB:-EB}%{EL:-EL}%{fpic|fPIC:-DPIC}%{march=ck803s:-march=ck803}"|"%{""!mandroid""|tno-android-cc:""%(cc1_cpu)%{profile:-p}"";:""%(cc1_cpu)%{profile:-p}""""%{!mglibc:%{!muclibc:%{!mbionic:-mbionic}}}""%{!fno-pic:%{!fno-PIC:%{!fpic:%{!fPIC:-fPIC}}}}""}"|"%{G*}%{,ada:-gnatea%{mabi=*}-gnatez}""%(subtarget_cc1_spec)"|"%{G*}%(cc1_cpu)"|"%{G*}%(subtarget_cc1_spec)%{mxl-multiply-high:-mcpu=v6.00.a}"|"%{G*}%{EB:-meb}%{EL:-mel}%{EB:%{EL:%emaynotuseboth-EBand-EL}}%(subtarget_cc1_spec)"|"%{pg:}%{p:}"|"%{profile:-p}"|"%{G*}%(cc1_cpu)""%{meabi:%{!mcall-*:-mcall-sysv}}%{!meabi:%{!mno-eabi:%{mrelocatable:-meabi}%{mcall-freebsd:-mno-eabi}%{mcall-i960-old:-meabi}%{mcall-linux:-mno-eabi}%{mcall-netbsd:-mno-eabi}%{mcall-openbsd:-mno-eabi}}}%{msdata:-msdata=default}%{mno-sdata:-msdata=none}%{!mbss-plt:%{!msecure-plt:%(cc1_secure_plt_default)}}""%{profile:-p}"|"%{mas100-syntax:%{gdwarf*:%e-mas100-syntaxisincompatiblewith-gdwarf}}%{mcpu=rx100:%{fpu:%erx100cpudoesnothaveFPUhardware}}%{mcpu=rx200:%{fpu:%erx200cpudoesnothaveFPUhardware}}"|"%{profile:-p}""%{%:sanitize(address):-funwind-tables%{!m32:""%{!%:sanitize(thread):%e-fsanitize=addressisnotsupportedinthisconfiguration}""}}""%{m32:%{m64:%emaynotuseboth-m32and-m64}}%{m32:-mptr32-mno-stack-bias%{!mlong-double-128:-mlong-double-64}%{!mcpu*:-mcpu=cypress}}%{mv8plus:-m32-mptr32-mno-stack-bias%{!mlong-double-128:-mlong-double-64}%{!mcpu*:-mcpu=v9}}%{!m32:%{!mcpu*:-mcpu=ultrasparc}}%{!mno-vis:%{!m32:%{!mcpu=v9:-mvis}}}"
UNREADABLE-function-like	ELF_STRING_LIMIT	48	2	((unsigned)256)|<NOT-EXPANDED:function-like>
UNREADABLE-function-like	GLOBAL_ASM_OP	48	9	"\t.global\t"|"\t.globl"|".global\t"|<NOT-EXPANDED:function-like>|"\t.global"|"\t.globl\t"|"\t.export\t"|".globl"|(((global_options.x_target_flags&(1U<<2))!=0)?"\t.GLB\t":"\t.global\t")
DIVERGENT-OPTION-STATE	UINT_FAST16_TYPE	48	12	((targetm_cdata.long_type_size)==64&&!((&global_options)->x_linux_libc==4)?"longunsignedint":"unsignedint")|(32>=16?"unsignedint":((16==16?"shortunsignedint":32==16?"unsignedint":(8)==16?"unsignedchar":0)?(16==16?"shortunsignedint":32==16?"unsignedint":(8)==16?"unsignedchar":0):(((targetm_cdata.long_type_size)==32)?"longunsignedint":32==32?"unsignedint":16==32?"shortunsignedint":(8)==32?"unsignedchar":0)?(((targetm_cdata.long_type_size)==32)?"longunsignedint":32==32?"unsignedint":16==32?"shortunsignedint":(8)==32?"unsignedchar":0):((targetm_cdata.long_type_size)==64?"longunsignedint":64==64?"longlongunsignedint":32==64?"unsignedint":0)?((targetm_cdata.long_type_size)==64?"longunsignedint":64==64?"longlongunsignedint":32==64?"unsignedint":0):0))|((targetm_cdata.bits_per_word)>=16?"unsignedint":((((8)*MIN(((mt_units_per_word())+1)/2,2))==16?"shortunsignedint":(targetm_cdata.bits_per_word)==16?"unsignedint":(8)==16?"unsignedchar":0)?(((8)*MIN(((mt_units_per_word())+1)/2,2))==16?"shortunsignedint":(targetm_cdata.bits_per_word)==16?"unsignedint":(8)==16?"unsignedchar":0):(((targetm_cdata.long_type_size)==32)?"longunsignedint":(targetm_cdata.bits_per_word)==32?"unsignedint":((8)*MIN(((mt_units_per_word())+1)/2,2))==32?"shortunsignedint":(8)==32?"unsignedchar":0)?(((targetm_cdata.long_type_size)==32)?"longunsignedint":(targetm_cdata.bits_per_word)==32?"unsignedint":((8)*MIN(((mt_units_per_word())+1)/2,2))==32?"shortunsignedint":(8)==32?"unsignedchar":0):((targetm_cdata.long_type_size)==64?"longunsignedint":((targetm_cdata.bits_per_word)*2)==64?"longlongunsignedint":(targetm_cdata.bits_per_word)==64?"unsignedint":0)?((targetm_cdata.long_type_size)==64?"longunsignedint":((targetm_cdata.bits_per_word)*2)==64?"longlongunsignedint":(targetm_cdata.bits_per_word)==64?"unsignedint":0):0))|((((global_options.x_target_flags&(1U<<6))!=0)?8:16)==16?"unsignedint":((((global_options.x_target_flags&(1U<<6))!=0)?8:16)==16?"unsignedint":"longunsignedint"))|(32>=16?"unsignedint":((16==16?"shortunsignedint":32==16?"unsignedint":8==16?"unsignedchar":0)?(16==16?"shortunsignedint":32==16?"unsignedint":8==16?"unsignedchar":0):(((targetm_cdata.long_type_size)==32)?"longunsignedint":32==32?"unsignedint":16==32?"shortunsignedint":8==32?"unsignedchar":0)?(((targetm_cdata.long_type_size)==32)?"longunsignedint":32==32?"unsignedint":16==32?"shortunsignedint":8==32?"unsignedchar":0):((targetm_cdata.long_type_size)==64?"longunsignedint":64==64?"longlongunsignedint":32==64?"unsignedint":0)?((targetm_cdata.long_type_size)==64?"longunsignedint":64==64?"longlongunsignedint":32==64?"unsignedint":0):0))|"shortunsignedint"|(32>=16?"unsignedint":((((8)*MIN(((mt_units_per_word())+1)/2,2))==16?"shortunsignedint":32==16?"unsignedint":(8)==16?"unsignedchar":0)?(((8)*MIN(((mt_units_per_word())+1)/2,2))==16?"shortunsignedint":32==16?"unsignedint":(8)==16?"unsignedchar":0):(((targetm_cdata.long_type_size)==32)?"longunsignedint":32==32?"unsignedint":((8)*MIN(((mt_units_per_word())+1)/2,2))==32?"shortunsignedint":(8)==32?"unsignedchar":0)?(((targetm_cdata.long_type_size)==32)?"longunsignedint":32==32?"unsignedint":((8)*MIN(((mt_units_per_word())+1)/2,2))==32?"shortunsignedint":(8)==32?"unsignedchar":0):((targetm_cdata.long_type_size)==64?"longunsignedint":64==64?"longlongunsignedint":32==64?"unsignedint":0)?((targetm_cdata.long_type_size)==64?"longunsignedint":64==64?"longlongunsignedint":32==64?"unsignedint":0):0))|((((global_options.x_target_flags&(1U<<4))!=0)?32:16)>=16?"unsignedint":((16==16?"shortunsignedint":(((global_options.x_target_flags&(1U<<4))!=0)?32:16)==16?"unsignedint":(8)==16?"unsignedchar":0)?(16==16?"shortunsignedint":(((global_options.x_target_flags&(1U<<4))!=0)?32:16)==16?"unsignedint":(8)==16?"unsignedchar":0):(((targetm_cdata.long_type_size)==32)?"longunsignedint":(((global_options.x_target_flags&(1U<<4))!=0)?32:16)==32?"unsignedint":16==32?"shortunsignedint":(8)==32?"unsignedchar":0)?(((targetm_cdata.long_type_size)==32)?"longunsignedint":(((global_options.x_target_flags&(1U<<4))!=0)?32:16)==32?"unsignedint":16==32?"shortunsignedint":(8)==32?"unsignedchar":0):((targetm_cdata.long_type_size)==64?"longunsignedint":64==64?"longlongunsignedint":(((global_options.x_target_flags&(1U<<4))!=0)?32:16)==64?"unsignedint":0)?((targetm_cdata.long_type_size)==64?"longunsignedint":64==64?"longlongunsignedint":(((global_options.x_target_flags&(1U<<4))!=0)?32:16)==64?"unsignedint":0):0))|((((global_options.x_target_flags&(1U<<7))!=0)?16:32)>=16?"unsignedint":((((8)*MIN(((mt_units_per_word())+1)/2,2))==16?"shortunsignedint":(((global_options.x_target_flags&(1U<<7))!=0)?16:32)==16?"unsignedint":(8)==16?"unsignedchar":0)?(((8)*MIN(((mt_units_per_word())+1)/2,2))==16?"shortunsignedint":(((global_options.x_target_flags&(1U<<7))!=0)?16:32)==16?"unsignedint":(8)==16?"unsignedchar":0):(((targetm_cdata.long_type_size)==32)?"longunsignedint":(((global_options.x_target_flags&(1U<<7))!=0)?16:32)==32?"unsignedint":((8)*MIN(((mt_units_per_word())+1)/2,2))==32?"shortunsignedint":(8)==32?"unsignedchar":0)?(((targetm_cdata.long_type_size)==32)?"longunsignedint":(((global_options.x_target_flags&(1U<<7))!=0)?16:32)==32?"unsignedint":((8)*MIN(((mt_units_per_word())+1)/2,2))==32?"shortunsignedint":(8)==32?"unsignedchar":0):((targetm_cdata.long_type_size)==64?"longunsignedint":((targetm_cdata.bits_per_word)*2)==64?"longlongunsignedint":(((global_options.x_target_flags&(1U<<7))!=0)?16:32)==64?"unsignedint":0)?((targetm_cdata.long_type_size)==64?"longunsignedint":((targetm_cdata.bits_per_word)*2)==64?"longlongunsignedint":(((global_options.x_target_flags&(1U<<7))!=0)?16:32)==64?"unsignedint":0):0))|((targetm_cdata.bits_per_word)>=16?"unsignedint":((((8)*MIN(((mt_units_per_word())+1)/2,2))==16?"shortunsignedint":(targetm_cdata.bits_per_word)==16?"unsignedint":(8)==16?"unsignedchar":0)?(((8)*MIN(((mt_units_per_word())+1)/2,2))==16?"shortunsignedint":(targetm_cdata.bits_per_word)==16?"unsignedint":(8)==16?"unsignedchar":0):(((targetm_cdata.long_type_size)==32)?"longunsignedint":(targetm_cdata.bits_per_word)==32?"unsignedint":((8)*MIN(((mt_units_per_word())+1)/2,2))==32?"shortunsignedint":(8)==32?"unsignedchar":0)?(((targetm_cdata.long_type_size)==32)?"longunsignedint":(targetm_cdata.bits_per_word)==32?"unsignedint":((8)*MIN(((mt_units_per_word())+1)/2,2))==32?"shortunsignedint":(8)==32?"unsignedchar":0):((targetm_cdata.long_type_size)==64?"longunsignedint":64==64?"longlongunsignedint":(targetm_cdata.bits_per_word)==64?"unsignedint":0)?((targetm_cdata.long_type_size)==64?"longunsignedint":64==64?"longlongunsignedint":(targetm_cdata.bits_per_word)==64?"unsignedint":0):0))|(16>=16?"unsignedint":((16==16?"shortunsignedint":16==16?"unsignedint":(8)==16?"unsignedchar":0)?(16==16?"shortunsignedint":16==16?"unsignedint":(8)==16?"unsignedchar":0):(((targetm_cdata.long_type_size)==32)?"longunsignedint":16==32?"unsignedint":16==32?"shortunsignedint":(8)==32?"unsignedchar":0)?(((targetm_cdata.long_type_size)==32)?"longunsignedint":16==32?"unsignedint":16==32?"shortunsignedint":(8)==32?"unsignedchar":0):((targetm_cdata.long_type_size)==64?"longunsignedint":64==64?"longlongunsignedint":16==64?"unsignedint":0)?((targetm_cdata.long_type_size)==64?"longunsignedint":64==64?"longlongunsignedint":16==64?"unsignedint":0):0))|((((global_options.x_target_flags&(1U<<6))==0)?16:32)>=16?"unsignedint":((16==16?"shortunsignedint":(((global_options.x_target_flags&(1U<<6))==0)?16:32)==16?"unsignedint":(8)==16?"unsignedchar":0)?(16==16?"shortunsignedint":(((global_options.x_target_flags&(1U<<6))==0)?16:32)==16?"unsignedint":(8)==16?"unsignedchar":0):(((targetm_cdata.long_type_size)==32)?"longunsignedint":(((global_options.x_target_flags&(1U<<6))==0)?16:32)==32?"unsignedint":16==32?"shortunsignedint":(8)==32?"unsignedchar":0)?(((targetm_cdata.long_type_size)==32)?"longunsignedint":(((global_options.x_target_flags&(1U<<6))==0)?16:32)==32?"unsignedint":16==32?"shortunsignedint":(8)==32?"unsignedchar":0):((targetm_cdata.long_type_size)==64?"longunsignedint":64==64?"longlongunsignedint":(((global_options.x_target_flags&(1U<<6))==0)?16:32)==64?"unsignedint":0)?((targetm_cdata.long_type_size)==64?"longunsignedint":64==64?"longlongunsignedint":(((global_options.x_target_flags&(1U<<6))==0)?16:32)==64?"unsignedint":0):0))
UNREADABLE-function-like	PRINT_OPERAND_ADDRESS	48	1	<NOT-EXPANDED:function-like>
UNREADABLE-function-like	OPTION_GLIBC_P	48	1	<NOT-EXPANDED:function-like>
UNREADABLE-function-like	OBJECT_FORMAT_ELF	48	2	|<NOT-EXPANDED:function-like>
UNREADABLE-function-like	ADDITIONAL_REGISTER_NAMES	48	31	{{"r""0",0+(0)},{"w""0",0+(0)},{"r""1",0+(1)},{"w""1",0+(1)},{"r""2",0+(2)},{"w""2",0+(2)},{"r""3",0+(3)},{"w""3",0+(3)},{"r""4",0+(4)},{"w""4",0+(4)},{"r""5",0+(5)},{"w""5",0+(5)},{"r""6",0+(6)},{"w""6",0+(6)},{"r""7",0+(7)},{"w""7",0+(7)},{"r""8",0+(8)},{"w""8",0+(8)},{"r""9",0+(9)},{"w""9",0+(9)},{"r""10",0+(10)},{"w""10",0+(10)},{"r""11",0+(11)},{"w""11",0+(11)},{"r""12",0+(12)},{"w""12",0+(12)},{"r""13",0+(13)},{"w""13",0+(13)},{"r""14",0+(14)},{"w""14",0+(14)},{"r""15",0+(15)},{"w""15",0+(15)},{"r""16",0+(16)},{"w""16",0+(16)},{"r""17",0+(17)},{"w""17",0+(17)},{"r""18",0+(18)},{"w""18",0+(18)},{"r""19",0+(19)},{"w""19",0+(19)},{"r""20",0+(20)},{"w""20",0+(20)},{"r""21",0+(21)},{"w""21",0+(21)},{"r""22",0+(22)},{"w""22",0+(22)},{"r""23",0+(23)},{"w""23",0+(23)},{"r""24",0+(24)},{"w""24",0+(24)},{"r""25",0+(25)},{"w""25",0+(25)},{"r""26",0+(26)},{"w""26",0+(26)},{"r""27",0+(27)},{"w""27",0+(27)},{"r""28",0+(28)},{"w""28",0+(28)},{"r""29",0+(29)},{"w""29",0+(29)},{"r""30",0+(30)},{"w""30",0+(30)},{"wsp",0+31},{"q""0",32+(0)},{"d""0",32+(0)},{"s""0",32+(0)},{"h""0",32+(0)},{"b""0",32+(0)},{"z""0",32+(0)},{"q""1",32+(1)},{"d""1",32+(1)},{"s""1",32+(1)},{"h""1",32+(1)},{"b""1",32+(1)},{"z""1",32+(1)},{"q""2",32+(2)},{"d""2",32+(2)},{"s""2",32+(2)},{"h""2",32+(2)},{"b""2",32+(2)},{"z""2",32+(2)},{"q""3",32+(3)},{"d""3",32+(3)},{"s""3",32+(3)},{"h""3",32+(3)},{"b""3",32+(3)},{"z""3",32+(3)},{"q""4",32+(4)},{"d""4",32+(4)},{"s""4",32+(4)},{"h""4",32+(4)},{"b""4",32+(4)},{"z""4",32+(4)},{"q""5",32+(5)},{"d""5",32+(5)},{"s""5",32+(5)},{"h""5",32+(5)},{"b""5",32+(5)},{"z""5",32+(5)},{"q""6",32+(6)},{"d""6",32+(6)},{"s""6",32+(6)},{"h""6",32+(6)},{"b""6",32+(6)},{"z""6",32+(6)},{"q""7",32+(7)},{"d""7",32+(7)},{"s""7",32+(7)},{"h""7",32+(7)},{"b""7",32+(7)},{"z""7",32+(7)},{"q""8",32+(8)},{"d""8",32+(8)},{"s""8",32+(8)},{"h""8",32+(8)},{"b""8",32+(8)},{"z""8",32+(8)},{"q""9",32+(9)},{"d""9",32+(9)},{"s""9",32+(9)},{"h""9",32+(9)},{"b""9",32+(9)},{"z""9",32+(9)},{"q""10",32+(10)},{"d""10",32+(10)},{"s""10",32+(10)},{"h""10",32+(10)},{"b""10",32+(10)},{"z""10",32+(10)},{"q""11",32+(11)},{"d""11",32+(11)},{"s""11",32+(11)},{"h""11",32+(11)},{"b""11",32+(11)},{"z""11",32+(11)},{"q""12",32+(12)},{"d""12",32+(12)},{"s""12",32+(12)},{"h""12",32+(12)},{"b""12",32+(12)},{"z""12",32+(12)},{"q""13",32+(13)},{"d""13",32+(13)},{"s""13",32+(13)},{"h""13",32+(13)},{"b""13",32+(13)},{"z""13",32+(13)},{"q""14",32+(14)},{"d""14",32+(14)},{"s""14",32+(14)},{"h""14",32+(14)},{"b""14",32+(14)},{"z""14",32+(14)},{"q""15",32+(15)},{"d""15",32+(15)},{"s""15",32+(15)},{"h""15",32+(15)},{"b""15",32+(15)},{"z""15",32+(15)},{"q""16",32+(16)},{"d""16",32+(16)},{"s""16",32+(16)},{"h""16",32+(16)},{"b""16",32+(16)},{"z""16",32+(16)},{"q""17",32+(17)},{"d""17",32+(17)},{"s""17",32+(17)},{"h""17",32+(17)},{"b""17",32+(17)},{"z""17",32+(17)},{"q""18",32+(18)},{"d""18",32+(18)},{"s""18",32+(18)},{"h""18",32+(18)},{"b""18",32+(18)},{"z""18",32+(18)},{"q""19",32+(19)},{"d""19",32+(19)},{"s""19",32+(19)},{"h""19",32+(19)},{"b""19",32+(19)},{"z""19",32+(19)},{"q""20",32+(20)},{"d""20",32+(20)},{"s""20",32+(20)},{"h""20",32+(20)},{"b""20",32+(20)},{"z""20",32+(20)},{"q""21",32+(21)},{"d""21",32+(21)},{"s""21",32+(21)},{"h""21",32+(21)},{"b""21",32+(21)},{"z""21",32+(21)},{"q""22",32+(22)},{"d""22",32+(22)},{"s""22",32+(22)},{"h""22",32+(22)},{"b""22",32+(22)},{"z""22",32+(22)},{"q""23",32+(23)},{"d""23",32+(23)},{"s""23",32+(23)},{"h""23",32+(23)},{"b""23",32+(23)},{"z""23",32+(23)},{"q""24",32+(24)},{"d""24",32+(24)},{"s""24",32+(24)},{"h""24",32+(24)},{"b""24",32+(24)},{"z""24",32+(24)},{"q""25",32+(25)},{"d""25",32+(25)},{"s""25",32+(25)},{"h""25",32+(25)},{"b""25",32+(25)},{"z""25",32+(25)},{"q""26",32+(26)},{"d""26",32+(26)},{"s""26",32+(26)},{"h""26",32+(26)},{"b""26",32+(26)},{"z""26",32+(26)},{"q""27",32+(27)},{"d""27",32+(27)},{"s""27",32+(27)},{"h""27",32+(27)},{"b""27",32+(27)},{"z""27",32+(27)},{"q""28",32+(28)},{"d""28",32+(28)},{"s""28",32+(28)},{"h""28",32+(28)},{"b""28",32+(28)},{"z""28",32+(28)},{"q""29",32+(29)},{"d""29",32+(29)},{"s""29",32+(29)},{"h""29",32+(29)},{"b""29",32+(29)},{"z""29",32+(29)},{"q""30",32+(30)},{"d""30",32+(30)},{"s""30",32+(30)},{"h""30",32+(30)},{"b""30",32+(30)},{"z""30",32+(30)},{"q""31",32+(31)},{"d""31",32+(31)},{"s""31",32+(31)},{"h""31",32+(31)},{"b""31",32+(31)},{"z""31",32+(31)},{"pn""0",68+(0)},{"pn""1",68+(1)},{"pn""2",68+(2)},{"pn""3",68+(3)},{"pn""4",68+(4)},{"pn""5",68+(5)},{"pn""6",68+(6)},{"pn""7",68+(7)},{"pn""8",68+(8)},{"pn""9",68+(9)},{"pn""10",68+(10)},{"pn""11",68+(11)},{"pn""12",68+(12)},{"pn""13",68+(13)},{"pn""14",68+(14)},{"pn""15",68+(15)}}|<NOT-EXPANDED:function-like>|{{"r26",26},{"r27",27},{"ilink",29},{"r29",29},{"r30",30},{"r40",40},{"r41",41},{"r42",42},{"r43",43},{"r56",56},{"r57",57},{"r58",58},{"r59",59}}|{{"a1",0},{"a2",1},{"a3",2},{"a4",3},{"v1",4},{"v2",5},{"v3",6},{"v4",7},{"v5",8},{"v6",9},{"rfp",9},{"sb",9},{"v7",10},{"sl",10},{"r11",11},{"r12",12},{"r13",13},{"r14",14},{"r15",15}}|{{"%a",0},{"%ctx",6},{"%r10",10}}|{{"r14",14},{"r15",15}}|{{"r0",0},{"r1",1},{"r2",2},{"r3",3},{"r4",4},{"r5",5},{"r6",6},{"r7",7},{"r8",8},{"r9",9},{"r10",10},{"r11",11},{"r12",12},{"r13",13},{"r14",14},{"r15",15},{"r16",16},{"r17",17},{"r18",18},{"r19",19},{"r20",20},{"r21",21},{"r22",22},{"r23",23},{"r24",24},{"r25",25},{"r26",26},{"r27",27},{"r28",28},{"r29",29},{"r30",30},{"r31",31},}|{{"r13",13},{"r14",14},{"r15",15},{"usp",15},{"ps",16}}|{{"er0",0},{"er1",1},{"er2",2},{"er3",3},{"er4",4},{"er5",5},{"er6",6},{"er7",7},{"r7",7}}|{{"eax",0},{"edx",1},{"ecx",2},{"ebx",3},{"esi",4},{"edi",5},{"ebp",6},{"esp",7},{"rax",0},{"rdx",1},{"rcx",2},{"rbx",3},{"rsi",4},{"rdi",5},{"rbp",6},{"rsp",7},{"al",0},{"dl",1},{"cl",2},{"bl",3},{"sil",4},{"dil",5},{"bpl",6},{"spl",7},{"ah",0},{"dh",1},{"ch",2},{"bh",3},{"ymm0",20},{"ymm1",21},{"ymm2",22},{"ymm3",23},{"ymm4",24},{"ymm5",25},{"ymm6",26},{"ymm7",27},{"ymm8",44},{"ymm9",45},{"ymm10",46},{"ymm11",47},{"ymm12",48},{"ymm13",49},{"ymm14",50},{"ymm15",51},{"ymm16",52},{"ymm17",53},{"ymm18",54},{"ymm19",55},{"ymm20",56},{"ymm21",57},{"ymm22",58},{"ymm23",59},{"ymm24",60},{"ymm25",61},{"ymm26",62},{"ymm27",63},{"ymm28",64},{"ymm29",65},{"ymm30",66},{"ymm31",67},{"zmm0",20},{"zmm1",21},{"zmm2",22},{"zmm3",23},{"zmm4",24},{"zmm5",25},{"zmm6",26},{"zmm7",27},{"zmm8",44},{"zmm9",45},{"zmm10",46},{"zmm11",47},{"zmm12",48},{"zmm13",49},{"zmm14",50},{"zmm15",51},{"zmm16",52},{"zmm17",53},{"zmm18",54},{"zmm19",55},{"zmm20",56},{"zmm21",57},{"zmm22",58},{"zmm23",59},{"zmm24",60},{"zmm25",61},{"zmm26",62},{"zmm27",63},{"zmm28",64},{"zmm29",65},{"zmm30",66},{"zmm31",67}}|{{"gp",((1)+0)},{"sp",((12)+0)},{"in0",((0)+112)},{"in1",((1)+112)},{"in2",((2)+112)},{"in3",((3)+112)},{"in4",((4)+112)},{"in5",((5)+112)},{"in6",((6)+112)},{"in7",((7)+112)},{"out0",((0)+120)},{"out1",((1)+120)},{"out2",((2)+120)},{"out3",((3)+120)},{"out4",((4)+120)},{"out5",((5)+120)},{"out6",((6)+120)},{"out7",((7)+120)},{"loc0",((0)+32)},{"loc1",((1)+32)},{"loc2",((2)+32)},{"loc3",((3)+32)},{"loc4",((4)+32)},{"loc5",((5)+32)},{"loc6",((6)+32)},{"loc7",((7)+32)},{"loc8",((8)+32)},{"loc9",((9)+32)},{"loc10",((10)+32)},{"loc11",((11)+32)},{"loc12",((12)+32)},{"loc13",((13)+32)},{"loc14",((14)+32)},{"loc15",((15)+32)},{"loc16",((16)+32)},{"loc17",((17)+32)},{"loc18",((18)+32)},{"loc19",((19)+32)},{"loc20",((20)+32)},{"loc21",((21)+32)},{"loc22",((22)+32)},{"loc23",((23)+32)},{"loc24",((24)+32)},{"loc25",((25)+32)},{"loc26",((26)+32)},{"loc27",((27)+32)},{"loc28",((28)+32)},{"loc29",((29)+32)},{"loc30",((30)+32)},{"loc31",((31)+32)},{"loc32",((32)+32)},{"loc33",((33)+32)},{"loc34",((34)+32)},{"loc35",((35)+32)},{"loc36",((36)+32)},{"loc37",((37)+32)},{"loc38",((38)+32)},{"loc39",((39)+32)},{"loc40",((40)+32)},{"loc41",((41)+32)},{"loc42",((42)+32)},{"loc43",((43)+32)},{"loc44",((44)+32)},{"loc45",((45)+32)},{"loc46",((46)+32)},{"loc47",((47)+32)},{"loc48",((48)+32)},{"loc49",((49)+32)},{"loc50",((50)+32)},{"loc51",((51)+32)},{"loc52",((52)+32)},{"loc53",((53)+32)},{"loc54",((54)+32)},{"loc55",((55)+32)},{"loc56",((56)+32)},{"loc57",((57)+32)},{"loc58",((58)+32)},{"loc59",((59)+32)},{"loc60",((60)+32)},{"loc61",((61)+32)},{"loc62",((62)+32)},{"loc63",((63)+32)},{"loc64",((64)+32)},{"loc65",((65)+32)},{"loc66",((66)+32)},{"loc67",((67)+32)},{"loc68",((68)+32)},{"loc69",((69)+32)},{"loc70",((70)+32)},{"loc71",((71)+32)},{"loc72",((72)+32)},{"loc73",((73)+32)},{"loc74",((74)+32)},{"loc75",((75)+32)},{"loc76",((76)+32)},{"loc77",((77)+32)},{"loc78",((78)+32)},{"loc79",((79)+32)},}|{{"%0",0+0},{"%1",1+0},{"%2",2+0},{"%3",3+0},{"%4",4+0},{"%5",5+0},{"%6",6+0},{"%7",7+0},{"%8",8+0},{"%9",9+0},{"%10",10+0},{"%11",11+0},{"%12",12+0},{"%13",13+0},{"%14",14+0},{"%15",15+0},{"%16",16+0},{"%17",17+0},{"%18",18+0},{"%19",19+0},{"%20",20+0},{"%21",21+0},{"%22",22+0},{"%23",23+0},{"%24",24+0},{"%25",25+0},{"%26",26+0},{"%27",27+0},{"%28",28+0},{"%29",29+0},{"%30",27+0},{"%31",31+0},{"%rap",32+0},}|{{"zero",0+0},{"ra",1+0},{"tp",2+0},{"sp",3+0},{"a0",4+0},{"a1",5+0},{"a2",6+0},{"a3",7+0},{"a4",8+0},{"a5",9+0},{"a6",10+0},{"a7",11+0},{"t0",12+0},{"t1",13+0},{"t2",14+0},{"t3",15+0},{"t4",16+0},{"t5",17+0},{"t6",18+0},{"t7",19+0},{"t8",20+0},{"x",21+0},{"fp",22+0},{"s9",22+0},{"s0",23+0},{"s1",24+0},{"s2",25+0},{"s3",26+0},{"s4",27+0},{"s5",28+0},{"s6",29+0},{"s7",30+0},{"s8",31+0},{"fa0",0+32},{"fa1",1+32},{"fa2",2+32},{"fa3",3+32},{"fa4",4+32},{"fa5",5+32},{"fa6",6+32},{"fa7",7+32},{"ft0",8+32},{"ft1",9+32},{"ft2",10+32},{"ft3",11+32},{"ft4",12+32},{"ft5",13+32},{"ft6",14+32},{"ft7",15+32},{"ft8",16+32},{"ft9",17+32},{"ft10",18+32},{"ft11",19+32},{"ft12",20+32},{"ft13",21+32},{"ft14",22+32},{"ft15",23+32},{"fs0",24+32},{"fs1",25+32},{"fs2",26+32},{"fs3",27+32},{"fs4",28+32},{"fs5",29+32},{"fs6",30+32},{"fs7",31+32},{"v0",4+0},{"v1",5+0},{"vr0",0+32},{"vr1",1+32},{"vr2",2+32},{"vr3",3+32},{"vr4",4+32},{"vr5",5+32},{"vr6",6+32},{"vr7",7+32},{"vr8",8+32},{"vr9",9+32},{"vr10",10+32},{"vr11",11+32},{"vr12",12+32},{"vr13",13+32},{"vr14",14+32},{"vr15",15+32},{"vr16",16+32},{"vr17",17+32},{"vr18",18+32},{"vr19",19+32},{"vr20",20+32},{"vr21",21+32},{"vr22",22+32},{"vr23",23+32},{"vr24",24+32},{"vr25",25+32},{"vr26",26+32},{"vr27",27+32},{"vr28",28+32},{"vr29",29+32},{"vr30",30+32},{"vr31",31+32},{"xr0",0+32},{"xr1",1+32},{"xr2",2+32},{"xr3",3+32},{"xr4",4+32},{"xr5",5+32},{"xr6",6+32},{"xr7",7+32},{"xr8",8+32},{"xr9",9+32},{"xr10",10+32},{"xr11",11+32},{"xr12",12+32},{"xr13",13+32},{"xr14",14+32},{"xr15",15+32},{"xr16",16+32},{"xr17",17+32},{"xr18",18+32},{"xr19",19+32},{"xr20",20+32},{"xr21",21+32},{"xr22",22+32},{"xr23",23+32},{"xr24",24+32},{"xr25",25+32},{"xr26",26+32},{"xr27",27+32},{"xr28",28+32},{"xr29",29+32},{"xr30",30+32},{"xr31",31+32}}|{{"r13",(mt_frame_pointer_regnum())},{"r14",14},{"r15",(mt_stack_pointer_regnum())},}|{{"r0",0+0},{"r1",1+0},{"r2",2+0},{"r3",3+0},{"r4",4+0},{"r5",5+0},{"r6",6+0},{"r7",7+0},{"r8",8+0},{"r9",9+0},{"r10",10+0},{"r11",11+0},{"r12",12+0},{"r13",13+0},{"r14",14+0},{"r15",15+0},{"r16",16+0},{"r17",17+0},{"r18",18+0},{"r19",19+0},{"r20",20+0},{"r21",21+0},{"r22",22+0},{"r23",23+0},{"r24",24+0},{"r25",25+0},{"r26",26+0},{"r27",27+0},{"r28",28+0},{"r29",29+0},{"r30",30+0},{"r31",31+0},{"rmsr",32}}|{{"$29",29+0},{"$30",30+0},{"at",1+0},{"v0",2+0},{"v1",3+0},{"a0",4+0},{"a1",5+0},{"a2",6+0},{"a3",7+0},{"t0",8+0},{"t1",9+0},{"t2",10+0},{"t3",11+0},{"t4",12+0},{"t5",13+0},{"t6",14+0},{"t7",15+0},{"s0",16+0},{"s1",17+0},{"s2",18+0},{"s3",19+0},{"s4",20+0},{"s5",21+0},{"s6",22+0},{"s7",23+0},{"t8",24+0},{"t9",25+0},{"k0",26+0},{"k1",27+0},{"gp",28+0},{"sp",29+0},{"fp",30+0},{"ra",31+0},{"$w0",0+32},{"$w1",1+32},{"$w2",2+32},{"$w3",3+32},{"$w4",4+32},{"$w5",5+32},{"$w6",6+32},{"$w7",7+32},{"$w8",8+32},{"$w9",9+32},{"$w10",10+32},{"$w11",11+32},{"$w12",12+32},{"$w13",13+32},{"$w14",14+32},{"$w15",15+32},{"$w16",16+32},{"$w17",17+32},{"$w18",18+32},{"$w19",19+32},{"$w20",20+32},{"$w21",21+32},{"$w22",22+32},{"$w23",23+32},{"$w24",24+32},{"$w25",25+32},{"$w26",26+32},{"$w27",27+32},{"$w28",28+32},{"$w29",29+32},{"$w30",30+32},{"$w31",31+32}}|{{"sp",254},{":sp",254},{"rD",256},{"rE",257},{"rH",258},{"rJ",259},{"rO",262}}|{{"r8",4},{"r9",5},{"r10",6},{"r11",7},{"r12",0},{"r13",1},{"r14",2},{"r15",3},{"e0",10},{"e1",11},{"e2",12},{"e3",13},{"e4",14},{"e5",15},{"e6",16},{"e7",17},{"fd0",18},{"fd2",20},{"fd4",22},{"fd6",24},{"fd8",26},{"fd10",28},{"fd12",30},{"fd14",32},{"fd16",34},{"fd18",36},{"fd20",38},{"fd22",40},{"fd24",42},{"fd26",44},{"fd28",46},{"fd30",48},{"cc",51}}|{{"r0",0},{"r1",1},{"r2",2},{"r3",3},{"r4",4},{"r5",5},{"r6",6},{"r7",7},{"r8",8},{"r9",9},{"r10",10},{"r11",11},{"r12",12},{"r13",13},{"r14",14},{"r15",15}}|{{"$r15",15},{"$r28",28},{"$r29",29},{"$r30",30},{"$r31",31},{"$a0",0},{"$a1",1},{"$a2",2},{"$a3",3},{"$a4",4},{"$a5",5},{"$s0",6},{"$s1",7},{"$s2",8},{"$s3",9},{"$s4",10},{"$s5",11},{"$s6",12},{"$s7",13},{"$s8",14},{"$t0",16},{"$t1",17},{"$t2",18},{"$t3",19},{"$t4",20},{"$t5",21},{"$t6",22},{"$t7",23},{"$t8",24},{"$t9",25},{"$p0",26},{"$p1",27},{"$h0",0},{"$h1",1},{"$h2",2},{"$h3",3},{"$h4",4},{"$h5",5},{"$h6",6},{"$h7",7},{"$h8",8},{"$h9",9},{"$h10",10},{"$h11",11},{"$h12",16},{"$h13",17},{"$h14",18},{"$h15",19},{"$o0",0},{"$o1",1},{"$o2",2},{"$o3",3},{"$o4",4},{"$o5",5},{"$o6",6},{"$o7",7},}|{{"%cr11",60}}|{{"x0",0+0},{"x1",1+0},{"x2",2+0},{"x3",3+0},{"x4",4+0},{"x5",5+0},{"x6",6+0},{"x7",7+0},{"x8",8+0},{"x9",9+0},{"x10",10+0},{"x11",11+0},{"x12",12+0},{"x13",13+0},{"x14",14+0},{"x15",15+0},{"x16",16+0},{"x17",17+0},{"x18",18+0},{"x19",19+0},{"x20",20+0},{"x21",21+0},{"x22",22+0},{"x23",23+0},{"x24",24+0},{"x25",25+0},{"x26",26+0},{"x27",27+0},{"x28",28+0},{"x29",29+0},{"x30",30+0},{"x31",31+0},{"f0",0+32},{"f1",1+32},{"f2",2+32},{"f3",3+32},{"f4",4+32},{"f5",5+32},{"f6",6+32},{"f7",7+32},{"f8",8+32},{"f9",9+32},{"f10",10+32},{"f11",11+32},{"f12",12+32},{"f13",13+32},{"f14",14+32},{"f15",15+32},{"f16",16+32},{"f17",17+32},{"f18",18+32},{"f19",19+32},{"f20",20+32},{"f21",21+32},{"f22",22+32},{"f23",23+32},{"f24",24+32},{"f25",25+32},{"f26",26+32},{"f27",27+32},{"f28",28+32},{"f29",29+32},{"f30",30+32},{"f31",31+32},}|{{"ax",0},{"bc",2},{"de",4},{"hl",6},{"rp0",0},{"rp1",2},{"rp2",4},{"rp3",6},{"r0",0},{"r1",1},{"r2",2},{"r3",3},{"r4",4},{"r5",5},{"r6",6},{"r7",7},}|{{"r0",0},{"r1",1},{"r2",2},{"r3",3},{"r4",4},{"r5",5},{"r6",6},{"r7",7},{"r8",8},{"r9",9},{"r10",10},{"r11",11},{"r12",12},{"r13",13},{"r14",14},{"r15",15},{"r16",16},{"r17",17},{"r18",18},{"r19",19},{"r20",20},{"r21",21},{"r22",22},{"r23",23},{"r24",24},{"r25",25},{"r26",26},{"r27",27},{"r28",28},{"r29",29},{"r30",30},{"r31",31},{"fr0",32},{"fr1",33},{"fr2",34},{"fr3",35},{"fr4",36},{"fr5",37},{"fr6",38},{"fr7",39},{"fr8",40},{"fr9",41},{"fr10",42},{"fr11",43},{"fr12",44},{"fr13",45},{"fr14",46},{"fr15",47},{"fr16",48},{"fr17",49},{"fr18",50},{"fr19",51},{"fr20",52},{"fr21",53},{"fr22",54},{"fr23",55},{"fr24",56},{"fr25",57},{"fr26",58},{"fr27",59},{"fr28",60},{"fr29",61},{"fr30",62},{"fr31",63},{"v0",64},{"v1",65},{"v2",66},{"v3",67},{"v4",68},{"v5",69},{"v6",70},{"v7",71},{"v8",72},{"v9",73},{"v10",74},{"v11",75},{"v12",76},{"v13",77},{"v14",78},{"v15",79},{"v16",80},{"v17",81},{"v18",82},{"v19",83},{"v20",84},{"v21",85},{"v22",86},{"v23",87},{"v24",88},{"v25",89},{"v26",90},{"v27",91},{"v28",92},{"v29",93},{"v30",94},{"v31",95},{"vrsave",108},{"vscr",109},{"cr0",100},{"cr1",101},{"cr2",102},{"cr3",103},{"cr4",104},{"cr5",105},{"cr6",106},{"cr7",107},{"cc",100},{"sp",1},{"toc",2},{"xer",98},{"vs0",32},{"vs1",33},{"vs2",34},{"vs3",35},{"vs4",36},{"vs5",37},{"vs6",38},{"vs7",39},{"vs8",40},{"vs9",41},{"vs10",42},{"vs11",43},{"vs12",44},{"vs13",45},{"vs14",46},{"vs15",47},{"vs16",48},{"vs17",49},{"vs18",50},{"vs19",51},{"vs20",52},{"vs21",53},{"vs22",54},{"vs23",55},{"vs24",56},{"vs25",57},{"vs26",58},{"vs27",59},{"vs28",60},{"vs29",61},{"vs30",62},{"vs31",63},{"vs32",64},{"vs33",65},{"vs34",66},{"vs35",67},{"vs36",68},{"vs37",69},{"vs38",70},{"vs39",71},{"vs40",72},{"vs41",73},{"vs42",74},{"vs43",75},{"vs44",76},{"vs45",77},{"vs46",78},{"vs47",79},{"vs48",80},{"vs49",81},{"vs50",82},{"vs51",83},{"vs52",84},{"vs53",85},{"vs54",86},{"vs55",87},{"vs56",88},{"vs57",89},{"vs58",90},{"vs59",91},{"vs60",92},{"vs61",93},{"vs62",94},{"vs63",95},{"dmr0",111},{"dmr1",112},{"dmr2",113},{"dmr3",114},{"dmr4",115},{"dmr5",116},{"dmr6",117},{"dmr7",118},}|{{"sp",(mt_stack_pointer_regnum())},{"fp",(mt_frame_pointer_regnum())},{"arg",(mt_arg_pointer_regnum())},{"chain",8}}|{{"v0",16},{"v2",17},{"v4",18},{"v6",19},{"v1",20},{"v3",21},{"v5",22},{"v7",23},{"v8",24},{"v10",25},{"v12",26},{"v14",27},{"v9",28},{"v11",29},{"v13",30},{"v15",31}};|{{(sh_additional_register_names[(((((0)))))]),(((((((0)))))<32)?(64+((((((0))))))*2):(-1))},{(sh_additional_register_names[(((((0)))))+1]),(((((((0)))))+1<32)?(64+((((((0)))))+1)*2):(-1))},{(sh_additional_register_names[(((((0))))+2)]),(((((((0))))+2)<32)?(64+((((((0))))+2))*2):(-1))},{(sh_additional_register_names[(((((0))))+2)+1]),(((((((0))))+2)+1<32)?(64+((((((0))))+2)+1)*2):(-1))},{(sh_additional_register_names[(((((0)))+4))]),(((((((0)))+4))<32)?(64+((((((0)))+4)))*2):(-1))},{(sh_additional_register_names[(((((0)))+4))+1]),(((((((0)))+4))+1<32)?(64+((((((0)))+4))+1)*2):(-1))},{(sh_additional_register_names[(((((0)))+4)+2)]),(((((((0)))+4)+2)<32)?(64+((((((0)))+4)+2))*2):(-1))},{(sh_additional_register_names[(((((0)))+4)+2)+1]),(((((((0)))+4)+2)+1<32)?(64+((((((0)))+4)+2)+1)*2):(-1))},{(sh_additional_register_names[(((((0))+8)))]),(((((((0))+8)))<32)?(64+((((((0))+8))))*2):(-1))},{(sh_additional_register_names[(((((0))+8)))+1]),(((((((0))+8)))+1<32)?(64+((((((0))+8)))+1)*2):(-1))},{(sh_additional_register_names[(((((0))+8))+2)]),(((((((0))+8))+2)<32)?(64+((((((0))+8))+2))*2):(-1))},{(sh_additional_register_names[(((((0))+8))+2)+1]),(((((((0))+8))+2)+1<32)?(64+((((((0))+8))+2)+1)*2):(-1))},{(sh_additional_register_names[(((((0))+8)+4))]),(((((((0))+8)+4))<32)?(64+((((((0))+8)+4)))*2):(-1))},{(sh_additional_register_names[(((((0))+8)+4))+1]),(((((((0))+8)+4))+1<32)?(64+((((((0))+8)+4))+1)*2):(-1))},{(sh_additional_register_names[(((((0))+8)+4)+2)]),(((((((0))+8)+4)+2)<32)?(64+((((((0))+8)+4)+2))*2):(-1))},{(sh_additional_register_names[(((((0))+8)+4)+2)+1]),(((((((0))+8)+4)+2)+1<32)?(64+((((((0))+8)+4)+2)+1)*2):(-1))},{(sh_additional_register_names[(((((0)+16))))]),(((((((0)+16))))<32)?(64+((((((0)+16)))))*2):(-1))},{(sh_additional_register_names[(((((0)+16))))+1]),(((((((0)+16))))+1<32)?(64+((((((0)+16))))+1)*2):(-1))},{(sh_additional_register_names[(((((0)+16)))+2)]),(((((((0)+16)))+2)<32)?(64+((((((0)+16)))+2))*2):(-1))},{(sh_additional_register_names[(((((0)+16)))+2)+1]),(((((((0)+16)))+2)+1<32)?(64+((((((0)+16)))+2)+1)*2):(-1))},{(sh_additional_register_names[(((((0)+16))+4))]),(((((((0)+16))+4))<32)?(64+((((((0)+16))+4)))*2):(-1))},{(sh_additional_register_names[(((((0)+16))+4))+1]),(((((((0)+16))+4))+1<32)?(64+((((((0)+16))+4))+1)*2):(-1))},{(sh_additional_register_names[(((((0)+16))+4)+2)]),(((((((0)+16))+4)+2)<32)?(64+((((((0)+16))+4)+2))*2):(-1))},{(sh_additional_register_names[(((((0)+16))+4)+2)+1]),(((((((0)+16))+4)+2)+1<32)?(64+((((((0)+16))+4)+2)+1)*2):(-1))},{(sh_additional_register_names[(((((0)+16)+8)))]),(((((((0)+16)+8)))<32)?(64+((((((0)+16)+8))))*2):(-1))},{(sh_additional_register_names[(((((0)+16)+8)))+1]),(((((((0)+16)+8)))+1<32)?(64+((((((0)+16)+8)))+1)*2):(-1))},{(sh_additional_register_names[(((((0)+16)+8))+2)]),(((((((0)+16)+8))+2)<32)?(64+((((((0)+16)+8))+2))*2):(-1))},{(sh_additional_register_names[(((((0)+16)+8))+2)+1]),(((((((0)+16)+8))+2)+1<32)?(64+((((((0)+16)+8))+2)+1)*2):(-1))},{(sh_additional_register_names[(((((0)+16)+8)+4))]),(((((((0)+16)+8)+4))<32)?(64+((((((0)+16)+8)+4)))*2):(-1))},{(sh_additional_register_names[(((((0)+16)+8)+4))+1]),(((((((0)+16)+8)+4))+1<32)?(64+((((((0)+16)+8)+4))+1)*2):(-1))},{(sh_additional_register_names[(((((0)+16)+8)+4)+2)]),(((((((0)+16)+8)+4)+2)<32)?(64+((((((0)+16)+8)+4)+2))*2):(-1))},{(sh_additional_register_names[(((((0)+16)+8)+4)+2)+1]),(((((((0)+16)+8)+4)+2)+1<32)?(64+((((((0)+16)+8)+4)+2)+1)*2):(-1))}}|{{"ccr",100},{"cc",100}}|{{"zero",0},{"hp",2},{"r3",3},{"r4",4},{"tp",5},{"fp",29},{"r30",30},{"lp",31}}|{{"r22",(mt_hard_frame_pointer_regnum())},{"r23",(mt_stack_pointer_regnum())}}|{{"a1",1+0}}
IDENTITY-TEXT-OPTION-STATE	ELIMINABLE_REGS	48	1	MULTI_TARGET_ELIMINABLE_REGS_IS_PER_BASE_call_mt_num_eliminable_regs_instead
UNREADABLE-function-like	ASM_OUTPUT_POOL_PROLOGUE	48	1	<NOT-EXPANDED:function-like>
UNREADABLE-function-like	EH_FRAME_THROUGH_COLLECT2	48	2	<NOT-EXPANDED:function-like>|1
UNREADABLE-function-like	LAST_STACK_REG	48	2	<NOT-EXPANDED:function-like>|15
UNREADABLE-function-like	ASM_OUTPUT_EXTERNAL_LIBCALL	48	1	<NOT-EXPANDED:function-like>
UNREADABLE-function-like	CASE_VECTOR_SHORTEN_MODE	48	1	<NOT-EXPANDED:function-like>
UNREADABLE-function-like	FENCE_FOLLOWING_MOVNT	48	2	<NOT-EXPANDED:function-like>|x86_mfence
DIVERGENT-OPTION-STATE	DWARF2_ADDR_SIZE	48	4	(((mt_pointer_size())+(8)-1)/(8))|4|((la_target.isa.base==ISA_BASE_LA64)?8:4)|((global_options.x_mips_abi==2)?8:4)
UNREADABLE-function-like	ADJUST_INSN_LENGTH	48	1	<NOT-EXPANDED:function-like>
UNREADABLE-function-like	INCOMING_REGNO	48	1	<NOT-EXPANDED:function-like>
UNREADABLE-function-like	EH_FRAME_SECTION_NAME	48	2	".eh_frame"|<NOT-EXPANDED:function-like>
UNREADABLE-function-like	ASM_OUTPUT_ALIGNED_LOCAL	48	1	<NOT-EXPANDED:function-like>
DIVERGENT-BY-VALUE	FIXED_REGISTERS	48	48	{0,0,0,0,0,0,0,0,0,0,0,0,0,0,0,0,0,0,0,0,0,0,0,0,0,0,0,0,0,1,0,1,0,0,0,0,0,0,0,0,0,0,0,0,0,0,0,0,0,0,0,0,0,0,0,0,0,0,0,0,0,0,0,0,1,1,1,1,0,0,0,0,0,0,0,0,0,0,0,0,0,0,0,0,1,1,1,1,1,1,1,1,1,1,1}|{0,0,0,0,0,0,0,0,0,0,0,0,0,0,0,0,0,0,0,0,0,0,0,0,0,0,0,0,0,1,1,1,0,0,0,0,0,0,0,0,0,0,0,0,0,0,0,0,0,0,0,0,0,0,0,0,0,0,0,0,0,0,0,1}|{0,0,0,0,0,0,0,0,0,0,0,0,0,0,0,0,0,0,0,0,0,0,0,0,0,0,1,0,1,1,1,1,1,1,1,1,1,1,1,1,0,0,0,0,1,1,1,1,1,1,1,1,1,1,1,1,1,1,1,1,1,1,1,1,0,0,0,0,0,0,0,0,0,0,0,0,0,0,0,0,0,0,0,0,0,0,0,0,1,1,1,1,1,1,1,1,1,1,1,1,1,1,1,1,1,1,1,1,1,1,1,1,1,1,1,1,1,1,1,1,1,1,1,1,1,1,1,1,0,0,0,0,0,0,0,0,0,0,0,0,0,0,0,0,1,1}|{0,0,0,0,0,0,0,0,0,0,0,0,0,1,0,1,1,1,1,1,1,1,1,1,1,1,1,1,1,1,1,1,1,1,1,1,1,1,1,1,1,1,1,1,1,1,1,1,1,1,1,1,1,1,1,1,1,1,1,1,1,1,1,1,1,1,1,1,1,1,1,1,1,1,1,1,1,1,1,1,1,1,1,1,1,1,1,1}|{1,1,0,0,0,0,0,0,0,0,0,0,0,0,0,0,0,0,0,0,0,0,0,0,0,0,0,0,0,0,0,0,1,1,1,1,1}|{0,0,0,0,0,0,0,0,0,0,0,0,0,0,1,0,0,0,0,0,0,0,0,0,1,1,1,1,0,0,0,0,0,0,0,1,1,1,1,1,1,1,1,1,1,1,1,1,1,1}|{0,0,0,0,0,0,0,0,0,0,1,1,1}|{0,0,0,0,0,0,0,0,0,0,0,0,0,0,0,0,0,0,0,0,0,0,0,0,0,0,0,0,0,0,0,0,0,0,0,0,0,0,0,0,0,0,0,0,0,0,1,1,0,0,0,0,0,0,0,0,0,0,0,0,0,0,0,0,1,1,1}|{0,0,0,0,0,0,0,0,0,0,0,0,0,0,1,1,0,1,1,1,1}|{0,0,0,0,0,0,0,0,0,0,0,0,0,0,1,0,0,0,0,0,0,0,0,0,0,0,1,1,1,1,1,1,1,1,0,0,1,1,1,1,1,1,1,1,1,1,1,1,1,1,1,1,0,0,0,0,0,0,0,0,0,0,0,0,0,0,0,0,1,1,1,0,0,0,0,0,0,0,0,0,0,0,0,0,0,0,0,1,1,1,1,1,1,1,1,1,1,1,1,1,1,1,1,1,1,1,1,1,1,1,1,1,1,1,1,1,1,1,1,1,1,1,1,1,1,1,1,1,1,1,1,1,1,1,1,1,1,1,1,1,1,1,1,1,1,1,1,1,1,1,1,1,1,1,1,1,1,1,1,1,1,1,1,1,1,1,1,1,1,1,1,1,1,1,1,1,1,1,1,1,1,1,1,1,1,1,1,1,1,1,1,1,1,1,1,1,1,1,1,1,1,1}|{0,0,0,0,0,0,0,0,0,0,0,0,0,1,0,0,0,0,0,0,0,0,0,0,0,0,0,0,1,1,1,1,0,0,0,0,0,0,0,0,0,0,0,0,0,0,0,0,0,0,0,0,0,0,0,0,0,0,0,0,0,0,0,0,1,1,1,1,1,1,1,1,1,1,1,1,1,1,}|{1,0,0,0,0,0,0,0,0,0,0,0,0,0,0,1,1,1,1,1,1}|{1,1,1,1,0,0,0,0,0,0,0,0,0,0,0,0,1,1,0,0,0,0,0,0,0,0,0,0,1,1,1,1,0,0,0,0,0,0,0,0,0,0,0,0,0,0,0,0,0,0,0,0,0,0,0,0,0,0,0,0,0,0,0,0,0,0,0,0,0,0,0,0,0,0,0,0,0,0,0,0,0,0,0,0,0,0,0,0,0,0,0,0,0,0,0,0,0,0,0,0,0,0,0,0,0,0,0,0,0,0,0,0,0,0,0,0,0,0,0,0,0,0,0,0,0,0,0,0,0,0,0,0,0,0,0,1,0,0,0,0,0,0,0,1,1,1,1,1,1,1,1,1,1,1,1,1,1,1,1,1,1,1,1,1,1,1,1,1,1,1,0,1,1}|{1,1,0,0,0,0,0,0,0,0,0,0,0,0,0,0,0,0,0,0,0,0,0,0,0,0,0,0,0,0,1,1,1,1,1,1}|{1,1,1,1,1,1,1,1,1,1,1,1,0,0,0,0,1,1,0,0,1,1,1,1,0,0,0,0,0,0,0,0,0,0,0,0,0,0,0,0,0,0,0,0,0,0,0,0,0,0,0,0,0,0,0,0,0,0,0,0,0,0,0,0,0,0,0,0,0,0,0,0,0,0,0,0,0,0,0,0,0,0,0,0,0,0,0,0,0,0,0,0,0,0,0,0,1,1,1,1,1,1,1,1,1,1,0,0,1,1,1,1,1,1,1,1,1,1,1,1,1,1,1,1,1,1,0,0,1,0,1,1,1,1,1,1,1,1,1,1,1,1,1,1,1,1,1,1,1,1,1,1,1,1,1,1,1,1,1,1,0,1,1,0,0,0,0,0,0,0,0,0,0,0,0,0,0,0,0,0,0,0,0,0,0,0,0,0,0,0,0,0,0,0,0,0,0,0,0,0,0,0,0,0,0,0,0,0,0,0,0,0,0,0,0,0,0,0,0,0,0,0,0,0,0,0,0,0,0,0,0,0,0,0,0,0,0,0,0,0,0,0,0,0,0,0,0,0,0,0,0,0,0,0,0,0,0,0,0,0,0,0,0,0,0,0,0,0,0,0,0,0,0,0,0,0,0,0,0,0,0,0,0,0,0,0,0,0,0,0,0,0,0,0,0,0,0,0,0,0,0,0,0,0,0,0,0,0,0,0,0,0,0,0,0,0,0,0,0,0,0,0,0,0,0,0,0,0,0,0,0,0,0,0,0,0,0,0,0,0,0,0,0,0,0,0,0,0,0,0,0,0,0,0,0,0,0,0,0,0,0,0,0,0,0,0,0,0,0,0,0,0,0,0,0,0,0,0,0,0,0,0,0,0,0,0,0,0,0,0,0,0,0,0,0,0,0,0,0,0,0,0,0,0,0,0,0,0,0,0,0,0,0,0,0,0,0,0,0,0,0,0,0,0,0,0,0,0,0,0,0,0,0,0,0,0,0,0,0,0,0,0,0,0,0,0,0,0,0,0,0,0,0,0,0,0,0,0,0,0,0,0,0,0,0,0,0,0,0,0,0,0,0,0,0,0,0,0,0,0,0,0,0,0,0,0,0,0,0,0,0,0,0,0,0,0,0,0,0,0,0,0,0,0,0,0,0,0,0,0,0,0,0,0,0,0,0,0,0,0,0,0,0,0,0,0,0,0,0,0,0,0,0,0,0,0,0,0,0,0,0,0,0,0,0,0,0,0,0,0,0,0,0,0,0,0,0,0,0,0,0,0,0,0,0,0,0,0,0,0,0,0,0,0,0,0,0,0,0,0,0,0,0,0,0,0,0,0,0,0,0,0,0,0,0,0,0,0,0,0,0,0,0,0,0,0,0,0,0,0,0,0,0,0,0,0,0,0,0,0,0,0,0,0,0,0,0,0,0,0,0,0,0,0,0,0,0,0,0,0,0,0,0,0,0,0,0,0,0,0,0,0,0,0,0,0,0,0,0,0,0,0,0,0,0,0,0,0,0,0,0,0,1,1,1,1,1}|{0,0,0,0,0,0,0,1,0,1,1,1,1}|{0,0,0,0,0,0,0,1,0,0,0,0,0,0,0,0,1,1,1,1,0,0,0,0,0,0,0,0,0,0,0,0,0,0,0,0,0,0,0,0,0,0,0,0,0,0,0,0,0,0,0,0,0,0,0,0,0,0,0,0,0,0,0,0,0,0,0,0,0,0,0,0,0,0,0,0,0,0,0,0,0,0,0,0,0,0,0,0,0,0,0,0}|{1,1,0,0,0,0,0,0,0,0,0,0,1,1,0,0,0,0,0,0,0,0,0,0,0,0,0,0,0,0,0,0,0,0,0,0,0,0,0,0,0,0,0,0,0,0,0,0,0,0,0,0,0,0,0,0,0,0,0,0,0,0,0,0,0,0,0,0,0,0,0,0,0,0,0,0,0,0,0,0,0,0,0,0,0,0,0,0,0,0,0,0,0,0,0,0,0,0,0,0,0,0,0,0,0,0,0,0,0,0,0,0,0,0,0,0,0,0,0,0,0,0,0,0,0,0,0,0,1,1,0,0,0,0,0,0,0,0,0,0,0,0,0,0,0,0,0,0,0,0,0,0,0,0,0,0,0,0,0,0,0,0,0,0,0,0,0,0,0,0,0,0,0,0,0,0,0,0,0,0,0,0,0,0,0,0,0,0,0,0,0,0,0,0,0,0,0,0,0,0,0,0,0,0,0,0,0,0,0,0,0,0,0,0,0,0,0,0,0,0,0,0,0,0,0,0,0,0,0,0,0,0,0,0,0,0,0,0,0,0,0,0,0,0,0,0,0,0,0,0,0,0,0,0,0,0,1,0,0,0,0,0,0,0,0,0,0,0,0,0,0,0,0,0,0,0,0,0,0,0,0,0,0,0,0,0,0,0,0,0,0,0,0,0,0,0,0,0,0,0,0,0,0,0,0,0,0,0,0,0,0,0,0,0,0,0,0,0,0,0,0,0,0,0,0,0,0,0,1,1,1,1,1,1}|{1,1,0,0,0,0,0,0,0,0,0,0,0,0,0,0,0,0,0,0,0,0,0,0,0,0,1,1,1,1,0,1,1}|{1,0,0,0,0,0,0,0,0,0,0,0,0,0,0,0,0,0,0,0,0,0,0,0,0,0,1,0,1,0,1,1}|{1,0,1,1,0,0,0,0,0,0,0,0,0,0,0,0,0,0,0,0,0,1,0,0,0,0,0,0,0,0,0,0,0,0,0,0,0,0,0,0,0,0,0,0,0,0,0,0,0,0,0,0,0,0,0,0,0,0,0,0,0,0,0,0,0,0,0,0,0,0,0,0,1,1}|{0,0,0,0,0,0,0,0,0,0,0,0,0,0,0,1,1,1,1,1}|{0,0,0,0,0,0,0,0,0,0,0,0,0,0,0,1,0,0,0,0,0,0,0,0,1}|{1,0,0,0,0,0,0,0,0,0,0,0,0,0,0,0,1,1,1,1}|{1,1,1,0,0,0,0,0,0,0,0,0,0,1,1,1,1,1,1,0,1,1,0,0,0,0,0,0,0,0,0,0,1,1,1,1}|{1,1,0,0,0,0,0,0,0,0,0,0,0,0,0,0,0,0,0,0,0,0,0,0,0,0,1,1,1,1,0,0,0,0,0,0,0,0,0,0,0,0,0,0,0,0,0,0,0,0,0,0,0,0,0,0,0,0,0,0,0,0,0,0,0,0,1,0,0,0,0,0,0,0,0,1,1,1,1,1,1,1,1,1,1,1,1,1,1,1,1,1,1,1,1,1,1,1,1,1,1,1,1,1,1,1,1,1,1,1,1,1,1,1,1,1,1,1,1,1,1,1,1,1,1,1,1,1,1,1,1,1,1,1,1,1,1,1,1,1,1,1,1,1,1,1,1,1,1,1,1,1,1,1,1,1,1,1,1,1,1,1,1,1,1,1,1,1,1,1,1,1,1,1,1,1,0,0,0,0,0,0,1,1,1,1,1,1}|{0,0,0,0,0,0,0,0,0,0,0,0,0,0,0,0,0,0,0,0,0,0,0,0,0,0,0,0,0,0,0,0,1,1,1,1,1,1,1,1,1,1,1,1,1,1,1,1,1,1,1,1,1,1,1,1,1,1,1,1,1,1,1,1,1,1,1,1,1,1,1,1,1,1,1,1,1,1,1,1,1,1,1,1,1,1,1,1,1,1,1,1,1,1,1,1,1,1,1,1,1,1,1,1,1,1,1,1,1,1,1,1,1,1,1,1,1,1,1,1,1,1,1,1,1,1,1,1,1,1,1,1,1,1,1,1,1,1,1,1,1,1,1,1,1,1,1,1,1,1,1,1,1,1,1,1,1,1,1,1,1,1,1,1,1,1,1,1,1,1,1,1,1,1,1,1,1,1,1,1,1,1,1,1,1,1,1,1,1,1,1,1,1,1,1,1,1,1,1,1,1,1,1,1,1,1,1,1,1,1,1,1,1,1,1,1,1,1,1,1,1,1,1,1,1,1,1,1,1,1,1,1,1,1,1,1,1,1,1,1,1,1,1,1,1,1,1,0,0,0,0,0,0,0,1,1,1,1,0,0,0,1,1}|{0,0,0,0,0,0,0,0,1,1,0,0,0,0,0,0,0,0,0,0,0,0,0,0,0,0,0,0,0,0,0,0,0,0,0,0,0,0,0,0,0,0,0,0,0,0,0,0,0,0,0,1}|{1,1,0,0,0,0,0,0,0,0,0,0,0,0,0,1,1,1,1,1}|{1,0,1,1,0,0,0,0,0,0,0,0,0,0,0,0,1,}|{0,0,0,0,0,0,0,0,0,0,0,0,0,0,0,1,0,0,0,0,0,0,0,0,1,1,1,1,0,1,0,1,1,1,1,1,1,1,1,1,1,1,1,1,1,1,1,1,1,1,1,1,1,1,1,1,1,1,1,1,1,1,1,1,1,1,1,1,1,1,1,1,1,1,1,1,1,1,1,1,1,1,1,1,1,1,1,1,1,1,1,1,1,1,1,1,1,1,1,1,1}|{1,1,1,1,1,1,1,0,0,0,0,0,0,0,0,0}|{1,1,0,0,0,0,0,0,0,0,1,0,0,0,0,0,0,0,0,0,0,0,0,0,0,0,0,0,0,0,0,0,1,1,1}|{0,0,0,0,0,0,0,0,0,0,0,0,0,0,0,0,0,0,0,0,0,0,0,0,0,0,0,1,0,0,1,0,0,0,0,0,0,0,0,0,0,0,0,0,0,0,0,0,0,0,0,0,0,0,0,0,0,0,0,0,0,1}|{0,0,0,0,0,0,1,1,0,0,0,0,0,0,1,1,1}|{0,0,0,0,0,0,0,0,1,1,1,1,0,0,1,1,0,0,0,0,0,0,0,0,0,0,0,0,0,0,0,0,0,0,0,0,0,0,0,0,0,0,0,0,0,0,0,0,0,0,0,0,0,0,0,0,0,0,0,0,0,0,0,0,0,0,0,0,0,0,0,0,0,0,0,0,0,0,0,0,0,0,0,0,0,0,0,0,0,0,0,0,0,0,0,0,0,0,0,0,0,0,0,0,0,0,0,0,0,0,0,0,0,0,0,0,0,0,0,0,1,1,1,1,1,1,1,1,1,1,1,1,1,1,1,1,1,1,1,1,1,1,1,1}|{1,1,1,1,1,0,0,0,0,0,0,0,0,0,0,0,0,0,0,0,0,0,0,0,0,0,0,0,0,0,0,0,0,0,0,0,0,0,0,0,0,0,0,0,0,0,0,0,0,0,0,0,0,0,0,0,0,0,0,0,0,0,0,0,1,1,1,1,1,1,1,1,1,1,1,1,1,1,1,1,1,1,1,1,1,1,1,1,1,1,1,1,1,1,1,1,0,0,0,0,0,0,0,0,0,0,0,0,0,0,0,0,0,0,0,0,0,0,0,0,0,0,0,0,0,0,0,0}|{1,1,1,1,1,1,1,1,0,0,0,0,0,0,0,0,0,0,0,0,0,0,1,1,1,1,1,1,1,1,1,1,0,1,0,1,1}|{0,1,0,0,0,0,0,0,0,0,0,0,0,1,0,0,0,0,0,0,0,0,0,0,0,0,0,0,0,0,0,0,0,0,0,0,0,0,0,0,0,0,0,0,0,0,0,0,0,0,0,0,0,0,0,0,0,0,0,0,0,0,0,0,0,0,0,0,0,0,0,0,0,0,0,0,0,0,0,0,0,0,0,0,0,0,0,0,0,0,0,0,0,0,0,0,0,0,1,1,0,0,0,0,0,0,0,0,1,1,1,0,0,0,0,0,0,0,0}|{1,0,0,0,0,0,0,0,0,0,0,0,0,0,0,0,1}|{0,0,0,0,0,0,0,0,0,0,0,0,0,1,1,1,0,0,0,0,0,0,0,0,0,0,0,0,0,0,0,0,1,1,1,1,1,1,0,0,0,0,0,0,0,0,0,0,0,0,0,0,0,0}|{0,0,0,0,0,0,0,0,0,0,0,0,0,0,0,1,1,0,0,0,0,0,0,0,1,1,1,1,0,0,0,0,0,0,0,0,0,0,0,0,0,0,0,0,0,0,0,0,0,0,0,0,0,0,0,0,0,0,0,0,0,0,0,1,0,0,0,0,0,0,0,0,0,0,0,0,0,0,0,0,0,0,0,0,0,0,0,0,0,0,0,0,0,0,0,0,0,0,0,0,0,0,0,0,0,0,0,0,0,0,0,0,0,0,0,0,0,0,0,0,0,0,0,0,0,0,0,0,0,0,0,0,0,0,0,0,0,0,0,0,0,0,0,0,1,1,1,1,1,1,0,1,1,1,1,1,}|{1,0,2,2,2,2,1,1,0,0,0,0,0,0,1,0,0,0,0,0,0,0,0,0,0,0,0,0,0,0,0,1,0,0,0,0,0,0,0,0,0,0,0,0,0,0,0,0,0,0,0,0,0,0,0,0,0,0,0,0,0,0,0,0,0,0,0,0,0,0,0,0,0,0,0,0,0,0,0,0,0,0,0,0,0,0,0,0,0,0,0,0,0,0,0,0,0,0,0,0,1,1,1}|{1,1,1,1,1,1,0,0,0,0,0,0,0,0,0,0,0,0,0,0,0,0,0,0,0,0,0,0,0,0,1,0,1,1,1,1}|{0,0,0,0,0,0,0,0,0,0,0,0,1,1,1,1,1}|{1,0,0,0,0,0,0,0,0,0,0,0,0,0,0,0,0,0,0,0,0,1,0,1,0,0,0,0,0,1,1,0,0,1,1,0,0,0,0,0,0,0,0,0,0,0,0,0,0,0,1,1,1}|{0,0,0,0,0,0,0,0,0,0,0,0,0,0,1,1,0,1,1}|{1,1,0,0,0,0,0,0,0,0,0,0,0,0,0,0,1,1,0,0,0,0,0,0,0,0,0,0,0,0,0,0,0,0,0,0,}
UNREADABLE-function-like	TARGET_WIN32_TLS	48	2	<NOT-EXPANDED:function-like>|0
UNREADABLE-function-like	TARGET_64BIT	48	8	<NOT-EXPANDED:function-like>|((global_options.x_ix86_isa_flags&(HOST_WIDE_INT_1U<<1))!=0)|la_target.isa.base==ISA_BASE_LA64|((global_options.x_target_flags&(1U<<12))!=0)|1|((global_options.x_riscv_isa_flags&(1U<<0))!=0)|((global_options.x_rs6000_isa_flags&(HOST_WIDE_INT_1U<<0))!=0)|((global_options.x_target_flags&(1U<<0))!=0)
UNREADABLE-function-like	STACK_ALIGNMENT_NEEDED	48	2	<NOT-EXPANDED:function-like>|0
UNREADABLE-function-like	REGISTER_TARGET_PRAGMAS	48	1	<NOT-EXPANDED:function-like>
UNREADABLE-function-like	DRIVER_SELF_SPECS	48	18	"%{!mbig-endian:%{!mlittle-endian:""-mlittle-endian""}}""%{!mabi=*:""-mabi=lp64""}"""|""|"""%{mARC600|mA6:-mcpu=arc600%<mARC600%<mA6%<mARC600}""%{mARC601:-mcpu=arc601%<mARC601}""%{mARC700|mA7:-mcpu=arc700%<mARC700%<mA7}""%{mEA:-mea%<mEA}"|"%{march=unset:%<march=*}""%{mcpu=unset:%<mcpu=*}","","%{!marm:%{!mthumb:%:target_mode_check(%{march=*:arch%*;mcpu=*:cpu%*;:})}}","-mlibarch=%:canon_arch_multilib(%{mcpu=*:cpu%*}""%{march=*:arch%*}""%{mfpu=*:fpu%*}""%{mfloat-abi=*:abi%*}""%<mlibarch=*)","-march=%:canon_arch(%{mcpu=*:cpu%*}""%{march=*:arch%*}""%{mfpu=*:fpu%*}""%{mfloat-abi=*:abi%*}""%<march=*)"|"%:double-lib(%{m*:m%*})""%:device-specs-file(device-specs%s%{mmcu=*:%*})"|"%{mfdpic:-msim}%{mid-shared-library:-msim}""%{mleaf-id-shared-library:%{!mid-shared-library:-mid-shared-library}}%{mfdpic:%{!fpic:%{!fpie:%{!fPIC:%{!fPIE:%{!fno-pic:%{!fno-pie:%{!fno-PIC:%{!fno-PIE:-fpie}}}}}}}}}"|<NOT-EXPANDED:function-like>|"%(epiphany_library_extra_spec)"|"%{mno-pack:%{!mhard-float:-msoft-float}%{!mmedia:-mno-media}}%{!mfdpic:%{"FPIC_SPEC":-multilib-library-pic}}%{mfdpic:%{!fpic:%{!fpie:%{!fPIC:%{!fPIE:%{!fno-pic:%{!fno-pie:%{!fno-PIC:%{!fno-PIE:-fPIE}}}}}}}}%{!mno-inline-plt:%{O*:%{!O0:%{!Os:%{"FPIC_SPEC":-minline-plt}%{"NO_FPIC_SPEC":%{!O:%{!O1:%{!O2:-minline-plt}}}}}}}}%{!mno-gprel-ro:%{"NO_FPIE1_AND_FPIC1_SPEC":-mgprel-ro}}}"|"%(early_self_spec)","","","%:driver_init()""%{c|S|E|nostdlib:%:set_no_link()}""%{nostartfiles:%{nodefaultlibs:%:set_no_link()}}""%{m""abi""=*:%:set_m_parm(""abi""%*)}""%{m""arch""=*:%:set_m_parm(""arch""%*)}""%{m""tune""=*:%:set_m_parm(""tune""%*)}""%{m""fpu""=*:%:set_m_parm(""fpu""%*)}""%{m""simd""=*:%:set_m_parm(""simd""%*)}""%{m""cmodel""=*:%:set_m_parm(""cmodel""%*)}""%:get_normalized_m_opts()"|"%{mxl-soft-mul:%<mno-xl-soft-mul}","%{mno-xl-barrel-shift:%<mxl-barrel-shift}","%{mno-xl-pattern-compare:%<mxl-pattern-compare}","%{mxl-soft-div:%<mno-xl-soft-div}","%{mxl-reorder:%<mno-xl-reorder}","%{msoft-float:%<mhard-float}"|"%{""mips1|mips2|mips3|mips4|mips32*|mips64*"":;:%{march=mips1|march=r2000|march=r3000|march=r3900:-mips1}%{march=mips2|march=r6000:-mips2}%{march=mips3|march=r4*|march=vr4*|march=orion|march=loongson2*:-mips3}%{march=mips4|march=r8000|march=vr5*|march=rm7000|march=rm9000|march=r10000|march=r12000|march=r14000|march=r16000:-mips4}%{march=mips32|march=4kc|march=4km|march=4kp|march=4ksc:-mips32}%{march=mips32r2|march=m4k|march=4ke*|march=4ksd|march=24k*|march=34k*|march=74k*|march=m14k*|march=1004k*|march=interaptiv:-mips32r2}%{march=mips32r3:-mips32r3}%{march=mips32r5|march=p5600|march=m5100|march=m5101:-mips32r5}%{march=mips32r6:-mips32r6}%{march=mips64|march=5k*|march=20k*|march=sb1*|march=sr71000|march=xlr:-mips64}%{march=mips64r2|march=loongson3a|march=gs464|march=gs464e|march=gs264e|march=octeon|march=xlp:-mips64r2}%{march=mips64r3:-mips64r3}%{march=mips64r5:-mips64r5}%{march=mips64r6|march=i6400|march=i6500|march=p6600:-mips64r6}}","%{mnan*:;mips32r6|mips64r6:-mnan=2008;march=m51*:%{!msoft-float:-mnan=2008}}","%{!mno-dsp:%{march=24ke*|march=34kc*|march=34kf*|march=34kx*|march=1004k*|march=interaptiv:-mdsp}%{march=74k*|march=m14ke*:%{!mno-dspr2:-mdspr2-mdsp}}}","%{!mno-loongson-mmi:%{march=loongson2e|march=loongson2f|march=loongson3a:-mloongson-mmi}}","%{!mno-loongson-ext:%{march=loongson3a|march=gs464:-mloongson-ext}%{march=gs464e|march=gs264e:%{!mno-loongson-ext2:-mloongson-ext2-mloongson-ext}}}","%{!mno-msa:%{march=gs264e:-mmsa}}"|"%{!mlarge:%{mcode-region=*:%{mdata-region=*:%e-mcode-regionand""-mdata-regionrequirethelargememorymodel(-mlarge)}}}""%{!mlarge:%{mcode-region=*:""%e-mcode-regionrequiresthelargememorymodel(-mlarge)}}""%{!mlarge:%{mdata-region=*:""%e-mdata-regionrequiresthelargememorymodel(-mlarge)}}""%{mno-warn-devices-csv:%:msp430_set_driver_var(msp430_warn_devices_csv0)}""%{mdevices-csv-loc=*:%:msp430_set_driver_var(msp430_devices_csv_loc%*)}""%{I*:%:msp430_check_path_for_devices(%{I*:%*})}""%{L*:%:msp430_check_path_for_devices(%{L*:%*})}""%{!mcpu=*:%{mmcu=*:%:msp430_select_cpu(%{mmcu=*:%*})}}"|"%{mabi=ti:-nodefaultlibs}""%{mmcu=*:-specs=device-specs/%*%s%<mmcu=*}"|"%{march=unset:%<march=*}""%{march=help:%:riscv_arch_help()}""%{print-supported-extensions:%:riscv_arch_help()}""%{-print-supported-extensions:%:riscv_arch_help()}""%{march=*:%:riscv_expand_arch(%*)}""%{!march=*|march=unset:%{mcpu=*:%:riscv_expand_arch_from_cpu(%*)}}""%{march=unset:%{!mcpu=*:%eAtleastonevalid-mcpuoptionmustbegivenafter-march=unset}}"|"%{mdejagnu-cpu=*:%<mcpu=*%<mtune=*-mcpu=%*}","%{mdejagnu-tune=*:%<mtune=*-mtune=%*}","%{mdejagnu-*:%<mdejagnu-*}",""|"","%{!march=*:-march=z900}"|"%{ml:""%{m2a*:%eSH2adoesnotsupportlittle-endian}}"
UNREADABLE-function-like	SECONDARY_INPUT_RELOAD_CLASS	48	1	<NOT-EXPANDED:function-like>
DIVERGENT-OPTION-STATE	MASK_RETURN_ADDR	48	4	NULL_RTX|((arm_arch4||((global_options.x_target_flags&(1U<<4))!=0))?(gen_int_mode((unsignedlong)0xffffffff,(mt_pmode()))):arm_gen_return_addr_mask())|GEN_INT(-2)|(GEN_INT(-4))
DIVERGENT-OPTION-STATE	INT_LEAST8_TYPE	48	10	"signedchar"|(((8)==8?"signedchar":0)?((8)==8?"signedchar":0):(16==16?"shortint":32==16?"int":(8)==16?"signedchar":0)?(16==16?"shortint":32==16?"int":(8)==16?"signedchar":0):(((targetm_cdata.long_type_size)==32)?"longint":32==32?"int":16==32?"shortint":(8)==32?"signedchar":0)?(((targetm_cdata.long_type_size)==32)?"longint":32==32?"int":16==32?"shortint":(8)==32?"signedchar":0):((targetm_cdata.long_type_size)==64?"longint":64==64?"longlongint":32==64?"int":0)?((targetm_cdata.long_type_size)==64?"longint":64==64?"longlongint":32==64?"int":0):0)|(((8)==8?"signedchar":0)?((8)==8?"signedchar":0):(((8)*MIN(((mt_units_per_word())+1)/2,2))==16?"shortint":(targetm_cdata.bits_per_word)==16?"int":(8)==16?"signedchar":0)?(((8)*MIN(((mt_units_per_word())+1)/2,2))==16?"shortint":(targetm_cdata.bits_per_word)==16?"int":(8)==16?"signedchar":0):(((targetm_cdata.long_type_size)==32)?"longint":(targetm_cdata.bits_per_word)==32?"int":((8)*MIN(((mt_units_per_word())+1)/2,2))==32?"shortint":(8)==32?"signedchar":0)?(((targetm_cdata.long_type_size)==32)?"longint":(targetm_cdata.bits_per_word)==32?"int":((8)*MIN(((mt_units_per_word())+1)/2,2))==32?"shortint":(8)==32?"signedchar":0):((targetm_cdata.long_type_size)==64?"longint":((targetm_cdata.bits_per_word)*2)==64?"longlongint":(targetm_cdata.bits_per_word)==64?"int":0)?((targetm_cdata.long_type_size)==64?"longint":((targetm_cdata.bits_per_word)*2)==64?"longlongint":(targetm_cdata.bits_per_word)==64?"int":0):0)|((8==8?"signedchar":0)?(8==8?"signedchar":0):(16==16?"shortint":32==16?"int":8==16?"signedchar":0)?(16==16?"shortint":32==16?"int":8==16?"signedchar":0):(((targetm_cdata.long_type_size)==32)?"longint":32==32?"int":16==32?"shortint":8==32?"signedchar":0)?(((targetm_cdata.long_type_size)==32)?"longint":32==32?"int":16==32?"shortint":8==32?"signedchar":0):((targetm_cdata.long_type_size)==64?"longint":64==64?"longlongint":32==64?"int":0)?((targetm_cdata.long_type_size)==64?"longint":64==64?"longlongint":32==64?"int":0):0)|(((8)==8?"signedchar":0)?((8)==8?"signedchar":0):(((8)*MIN(((mt_units_per_word())+1)/2,2))==16?"shortint":32==16?"int":(8)==16?"signedchar":0)?(((8)*MIN(((mt_units_per_word())+1)/2,2))==16?"shortint":32==16?"int":(8)==16?"signedchar":0):(((targetm_cdata.long_type_size)==32)?"longint":32==32?"int":((8)*MIN(((mt_units_per_word())+1)/2,2))==32?"shortint":(8)==32?"signedchar":0)?(((targetm_cdata.long_type_size)==32)?"longint":32==32?"int":((8)*MIN(((mt_units_per_word())+1)/2,2))==32?"shortint":(8)==32?"signedchar":0):((targetm_cdata.long_type_size)==64?"longint":64==64?"longlongint":32==64?"int":0)?((targetm_cdata.long_type_size)==64?"longint":64==64?"longlongint":32==64?"int":0):0)|(((8)==8?"signedchar":0)?((8)==8?"signedchar":0):(16==16?"shortint":(((global_options.x_target_flags&(1U<<4))!=0)?32:16)==16?"int":(8)==16?"signedchar":0)?(16==16?"shortint":(((global_options.x_target_flags&(1U<<4))!=0)?32:16)==16?"int":(8)==16?"signedchar":0):(((targetm_cdata.long_type_size)==32)?"longint":(((global_options.x_target_flags&(1U<<4))!=0)?32:16)==32?"int":16==32?"shortint":(8)==32?"signedchar":0)?(((targetm_cdata.long_type_size)==32)?"longint":(((global_options.x_target_flags&(1U<<4))!=0)?32:16)==32?"int":16==32?"shortint":(8)==32?"signedchar":0):((targetm_cdata.long_type_size)==64?"longint":64==64?"longlongint":(((global_options.x_target_flags&(1U<<4))!=0)?32:16)==64?"int":0)?((targetm_cdata.long_type_size)==64?"longint":64==64?"longlongint":(((global_options.x_target_flags&(1U<<4))!=0)?32:16)==64?"int":0):0)|(((8)==8?"signedchar":0)?((8)==8?"signedchar":0):(((8)*MIN(((mt_units_per_word())+1)/2,2))==16?"shortint":(((global_options.x_target_flags&(1U<<7))!=0)?16:32)==16?"int":(8)==16?"signedchar":0)?(((8)*MIN(((mt_units_per_word())+1)/2,2))==16?"shortint":(((global_options.x_target_flags&(1U<<7))!=0)?16:32)==16?"int":(8)==16?"signedchar":0):(((targetm_cdata.long_type_size)==32)?"longint":(((global_options.x_target_flags&(1U<<7))!=0)?16:32)==32?"int":((8)*MIN(((mt_units_per_word())+1)/2,2))==32?"shortint":(8)==32?"signedchar":0)?(((targetm_cdata.long_type_size)==32)?"longint":(((global_options.x_target_flags&(1U<<7))!=0)?16:32)==32?"int":((8)*MIN(((mt_units_per_word())+1)/2,2))==32?"shortint":(8)==32?"signedchar":0):((targetm_cdata.long_type_size)==64?"longint":((targetm_cdata.bits_per_word)*2)==64?"longlongint":(((global_options.x_target_flags&(1U<<7))!=0)?16:32)==64?"int":0)?((targetm_cdata.long_type_size)==64?"longint":((targetm_cdata.bits_per_word)*2)==64?"longlongint":(((global_options.x_target_flags&(1U<<7))!=0)?16:32)==64?"int":0):0)|(((8)==8?"signedchar":0)?((8)==8?"signedchar":0):(((8)*MIN(((mt_units_per_word())+1)/2,2))==16?"shortint":(targetm_cdata.bits_per_word)==16?"int":(8)==16?"signedchar":0)?(((8)*MIN(((mt_units_per_word())+1)/2,2))==16?"shortint":(targetm_cdata.bits_per_word)==16?"int":(8)==16?"signedchar":0):(((targetm_cdata.long_type_size)==32)?"longint":(targetm_cdata.bits_per_word)==32?"int":((8)*MIN(((mt_units_per_word())+1)/2,2))==32?"shortint":(8)==32?"signedchar":0)?(((targetm_cdata.long_type_size)==32)?"longint":(targetm_cdata.bits_per_word)==32?"int":((8)*MIN(((mt_units_per_word())+1)/2,2))==32?"shortint":(8)==32?"signedchar":0):((targetm_cdata.long_type_size)==64?"longint":64==64?"longlongint":(targetm_cdata.bits_per_word)==64?"int":0)?((targetm_cdata.long_type_size)==64?"longint":64==64?"longlongint":(targetm_cdata.bits_per_word)==64?"int":0):0)|(((8)==8?"signedchar":0)?((8)==8?"signedchar":0):(16==16?"shortint":16==16?"int":(8)==16?"signedchar":0)?(16==16?"shortint":16==16?"int":(8)==16?"signedchar":0):(((targetm_cdata.long_type_size)==32)?"longint":16==32?"int":16==32?"shortint":(8)==32?"signedchar":0)?(((targetm_cdata.long_type_size)==32)?"longint":16==32?"int":16==32?"shortint":(8)==32?"signedchar":0):((targetm_cdata.long_type_size)==64?"longint":64==64?"longlongint":16==64?"int":0)?((targetm_cdata.long_type_size)==64?"longint":64==64?"longlongint":16==64?"int":0):0)|(((8)==8?"signedchar":0)?((8)==8?"signedchar":0):(16==16?"shortint":(((global_options.x_target_flags&(1U<<6))==0)?16:32)==16?"int":(8)==16?"signedchar":0)?(16==16?"shortint":(((global_options.x_target_flags&(1U<<6))==0)?16:32)==16?"int":(8)==16?"signedchar":0):(((targetm_cdata.long_type_size)==32)?"longint":(((global_options.x_target_flags&(1U<<6))==0)?16:32)==32?"int":16==32?"shortint":(8)==32?"signedchar":0)?(((targetm_cdata.long_type_size)==32)?"longint":(((global_options.x_target_flags&(1U<<6))==0)?16:32)==32?"int":16==32?"shortint":(8)==32?"signedchar":0):((targetm_cdata.long_type_size)==64?"longint":64==64?"longlongint":(((global_options.x_target_flags&(1U<<6))==0)?16:32)==64?"int":0)?((targetm_cdata.long_type_size)==64?"longint":64==64?"longlongint":(((global_options.x_target_flags&(1U<<6))==0)?16:32)==64?"int":0):0)
UNREADABLE-function-like	REGNO_OK_FOR_INDEX_P	48	1	<NOT-EXPANDED:function-like>
UNREADABLE-function-like	INIT_CUMULATIVE_ARGS	48	1	<NOT-EXPANDED:function-like>
UNREADABLE-function-like	OVERRIDE_ABI_FORMAT	48	1	<NOT-EXPANDED:function-like>
UNREADABLE-function-like	ASM_NO_SKIP_IN_TEXT	48	2	<NOT-EXPANDED:function-like>|1
DIVERGENT-BY-VALUE	HAS_LONG_COND_BRANCH	48	2	0|1
UNREADABLE-function-like	FIRST_PARM_OFFSET	48	1	<NOT-EXPANDED:function-like>
DIVERGENT-BY-VALUE	SUPPORTS_INIT_PRIORITY	48	2	1|0
UNREADABLE-function-like	BRANCH_COST	48	1	<NOT-EXPANDED:function-like>
DIVERGENT-OPTION-STATE	SUPPORTS_SHF_GNU_RETAIN	48	2	targ_caps.gas_shf_gnu_retain|0
UNREADABLE-function-like	INCOMING_RETURN_ADDR_RTX	48	35	gen_rtx_REG((mt_pmode()),30)|gen_rtx_REG((mt_pmode()),26)|gen_rtx_REG((mt_pmode()),31)|gen_rtx_REG((mt_pmode()),14)|avr_incoming_return_addr_rtx()|gen_rtx_REG((mt_pmode()),35)|<NOT-EXPANDED:function-like>|gen_rtx_REG((mt_pmode()),16)|gen_rtx_REG((mt_pmode()),15)|gen_rtx_REG((mt_pmode()),((current_function_decl!=NULL&&epiphany_is_interrupt_p(current_function_decl))?73:14))|gen_rtx_REG((scalar_int_mode((scalar_int_mode::from_int)E_SImode)),17)|gen_rtx_REG((scalar_int_mode((scalar_int_mode::from_int)E_SImode)),(169))|gen_frame_mem((mt_pmode()),plus_constant((mt_pmode()),stack_pointer_rtx,333*(mt_units_per_word())))|gen_rtx_REG((mt_pmode()),18)|gen_rtx_MEM((mt_pmode()),gen_rtx_REG((mt_pmode()),(mt_stack_pointer_regnum())))|gen_rtx_MEM((mt_pmode()),stack_pointer_rtx)|gen_rtx_REG((mt_pmode()),((0)+320))|gen_rtx_REG((mt_pmode()),0+31)|gen_rtx_REG((scalar_int_mode((scalar_int_mode::from_int)E_SImode)),29)|gen_rtx_REG((mt_pmode()),1)|gen_rtx_REG((scalar_int_mode((scalar_int_mode::from_int)E_SImode)),15)|gen_rtx_REG((mt_pmode()),0+15)|gen_rtx_REG((mt_pmode()),259)|gen_frame_mem((mt_pmode()),plus_constant((mt_pmode()),stack_pointer_rtx,(mt_units_per_word())))|msp430_incoming_return_addr_rtx()|gen_rtx_REG((mt_pmode()),9)|(gen_rtx_REG(word_mode,2))|gen_rtx_REG((scalar_int_mode((scalar_int_mode::from_int)E_HImode)),14)|gen_rtx_REG(((void)0,E_VOIDmode),1)|gen_rtx_REG((mt_pmode()),96)|gen_rtx_REG((mt_pmode()),146)|plus_constant(word_mode,gen_rtx_REG(word_mode,15),8)|gen_rtx_REG((mt_pmode()),21)|gen_rtx_MEM((scalar_int_mode((scalar_int_mode::from_int)E_SImode)),gen_rtx_PLUS((mt_pmode()),stack_pointer_rtx,GEN_INT(-4)))|gen_rtx_REG((mt_pmode()),0)
UNREADABLE-function-like	ASM_OUTPUT_TLS_COMMON	48	1	<NOT-EXPANDED:function-like>
UNREADABLE-function-like	EH_RETURN_DATA_REGNO	48	1	<NOT-EXPANDED:function-like>
DIVERGENT-OPTION-STATE	WINT_TYPE	48	2	"unsignedint"|"int"
DIVERGENT-OPTION-STATE	TARGET_LIB_INT_CMP_BIASED	48	2	true|!((global_options.x_arm_abi!=ARM_ABI_APCS&&global_options.x_arm_abi!=ARM_ABI_ATPCS))
DIVERGENT-OPTION-STATE	REGISTER_NAMES	48	48	{"x0","x1","x2","x3","x4","x5","x6","x7","x8","x9","x10","x11","x12","x13","x14","x15","x16","x17","x18","x19","x20","x21","x22","x23","x24","x25","x26","x27","x28","x29","x30","sp","v0","v1","v2","v3","v4","v5","v6","v7","v8","v9","v10","v11","v12","v13","v14","v15","v16","v17","v18","v19","v20","v21","v22","v23","v24","v25","v26","v27","v28","v29","v30","v31","sfp","ap","cc","vg","p0","p1","p2","p3","p4","p5","p6","p7","p8","p9","p10","p11","p12","p13","p14","p15","fpmr","ffr","ffrt","lowering","tpidr2_block","sme_state","tpidr2_setup","za_free","za_saved","za","zt0"}|{"$0","$1","$2","$3","$4","$5","$6","$7","$8","$9","$10","$11","$12","$13","$14","$15","$16","$17","$18","$19","$20","$21","$22","$23","$24","$25","$26","$27","$28","$29","$30","AP","$f0","$f1","$f2","$f3","$f4","$f5","$f6","$f7","$f8","$f9","$f10","$f11","$f12","$f13","$f14","$f15","$f16","$f17","$f18","$f19","$f20","$f21","$f22","$f23","$f24","$f25","$f26","$f27","$f28","$f29","$f30","FP"}|{"r0","r1","r2","r3","r4","r5","r6","r7","r8","r9","r10","r11","r12","r13","r14","r15","r16","r17","r18","r19","r20","r21","r22","r23","r24","r25","gp","fp","sp",rname29,rname30,"blink","r32","r33","r34","r35","r36","r37","r38","r39","d1","d1","d2","d2","r44","r45","r46","r47","r48","r49","r50","r51","r52","r53","r54","r55",rname56,rname57,rname58,rname59,"lp_count","cc","limm","pcl","vr0","vr1","vr2","vr3","vr4","vr5","vr6","vr7","vr8","vr9","vr10","vr11","vr12","vr13","vr14","vr15","vr16","vr17","vr18","vr19","vr20","vr21","vr22","vr23","vr24","vr25","vr26","vr27","vr28","vr29","vr30","vr31","vr32","vr33","vr34","vr35","vr36","vr37","vr38","vr39","vr40","vr41","vr42","vr43","vr44","vr45","vr46","vr47","vr48","vr49","vr50","vr51","vr52","vr53","vr54","vr55","vr56","vr57","vr58","vr59","vr60","vr61","vr62","vr63","dr0","dr1","dr2","dr3","dr4","dr5","dr6","dr7","dr0","dr1","dr2","dr3","dr4","dr5","dr6","dr7","arg","frame"}|{"r0","r1","r2","r3","r4","r5","r6","r7","r8","r9","r10","fp","ip","sp","lr","pc","s0","s1","s2","s3","s4","s5","s6","s7","s8","s9","s10","s11","s12","s13","s14","s15","s16","s17","s18","s19","s20","s21","s22","s23","s24","s25","s26","s27","s28","s29","s30","s31","d16","?16","d17","?17","d18","?18","d19","?19","d20","?20","d21","?21","d22","?22","d23","?23","d24","?24","d25","?25","d26","?26","d27","?27","d28","?28","d29","?29","d30","?30","d31","?31","cc","vfpcc","sfp","afp","apsrq","apsrge","p0","ra_auth_code"}|{"r0","r1","r2","r3","r4","r5","r6","r7","r8","r9","r10","r11","r12","r13","r14","r15","r16","r17","r18","r19","r20","r21","r22","r23","r24","r25","r26","r27","r28","r29","r30","r31","__SP_L__","__SP_H__","argL","argH","cc"}|{"R0","R1","R2","R3","R4","R5","R6","R7","P0","P1","P2","P3","P4","P5","SP","FP","I0","I1","I2","I3","B0","B1","B2","B3","L0","L1","L2","L3","M0","M1","M2","M3","A0","A1","CC","RETS","RETI","RETX","RETN","RETE","ASTAT","SEQSTAT","USP","ARGP","LT0","LT1","LC0","LC1","LB0","LB1"}|{"%r0","%r1","%r2","%r3","%r4","%r5","%r6","%r7","%r8","%r9","%fp","__arg__","__sp__"}|{"A0","A1","A2","A3","A4","A5","A6","A7","A8","A9","A10","A11","A12","A13","A14","A15","A16","A17","A18","A19","A20","A21","A22","A23","A24","A25","A26","A27","A28","A29","A30","A31","B0","B1","B2","B3","B4","B5","B6","B7","B8","B9","B10","B11","B12","B13","B14","B15","B16","B17","B18","B19","B20","B21","B22","B23","B24","B25","B26","B27","B28","B29","B30","B31","FP","ARGP","ILC"}|{"r0","r1","r2","r3","r4","r5","r6","r7","r8","r9","r10","r11","r12","r13","sp","pc","srp","mof","faked_ap","dccr","faked_fp"}|{"a0","a1","a2","a3","l0","l1","l2","l3","l4","l5","l6","l7","t0","t1","sp","lr","l8","l9","t2","t3","t4","t5","t6","t7","t8","t9","r26","r27","gb","r29","svbr","r31","reserved","c","hi","lo","reserved","reserved","reserved","reserved","reserved","reserved","reserved","reserved","reserved","reserved","reserved","reserved","reserved","reserved","reserved","reserved","vr0","vr1","vr2","vr3","vr4","vr5","vr6","vr7","vr8","vr9","vr10","vr11","vr12","vr13","vr14","vr15","reserved","reserved","epc","vr16","vr17","vr18","vr19","vr20","vr21","vr22","vr23","vr24","vr25","vr26","vr27","vr28","vr29","vr30","vr31","reserved","reserved","reserved","reserved","reserved","reserved","reserved","reserved","reserved","reserved","reserved","reserved","reserved","reserved","reserved","reserved","reserved","reserved","reserved","reserved","reserved","reserved","reserved","reserved","reserved","reserved","reserved","reserved","reserved","reserved","reserved","reserved","reserved","reserved","reserved","reserved","reserved","reserved","reserved","reserved","reserved","reserved","reserved","reserved","reserved","reserved","reserved","reserved","reserved","reserved","reserved","reserved","reserved","reserved","reserved","reserved","reserved","reserved","reserved","reserved","reserved","reserved","reserved","reserved","reserved","reserved","reserved","reserved","reserved","reserved","reserved","reserved","reserved","reserved","reserved","reserved","reserved","reserved","reserved","reserved","reserved","reserved","reserved","reserved","reserved","reserved","reserved","reserved","reserved","reserved","reserved","reserved","reserved","reserved","reserved","reserved","reserved","reserved","reserved","reserved","reserved","reserved","reserved","reserved","reserved","reserved","reserved","reserved","reserved","reserved","reserved","reserved","reserved","reserved","reserved"}|{"r0","r1","r2","r3","r4","r5","r6","r7","r8","r9","r10","fp","ip","sp","lr","r15","r16","r17","r18","r19","r20","r21","r22","r23","r24","r25","r26","r27","r28","r29","r30","r31","r32","r33","r34","r35","r36","r37","r38","r39","r40","r41","r42","r43","r44","r45","r46","r47","r48","r49","r50","r51","r52","r53","r54","r55","r56","r57","r58","r59","r60","r61","r62","r63","ap","sfp","cc1","cc2","config","status","lc","ls","le","iret","fp_near","fp_trunc","fp_anyfp","unknown"}|{"r0","r1","r2","r3","r4","r5","r6","r7","r8","r9","r10","r11","r12","ac","fp","sp","cc","rp","mdh","mdl","ap"}|{"gr0","sp","fp","gr3","gr4","gr5","gr6","gr7","gr8","gr9","gr10","gr11","gr12","gr13","gr14","gr15","gr16","gr17","gr18","gr19","gr20","gr21","gr22","gr23","gr24","gr25","gr26","gr27","gr28","gr29","gr30","gr31","gr32","gr33","gr34","gr35","gr36","gr37","gr38","gr39","gr40","gr41","gr42","gr43","gr44","gr45","gr46","gr47","gr48","gr49","gr50","gr51","gr52","gr53","gr54","gr55","gr56","gr57","gr58","gr59","gr60","gr61","gr62","gr63","fr0","fr1","fr2","fr3","fr4","fr5","fr6","fr7","fr8","fr9","fr10","fr11","fr12","fr13","fr14","fr15","fr16","fr17","fr18","fr19","fr20","fr21","fr22","fr23","fr24","fr25","fr26","fr27","fr28","fr29","fr30","fr31","fr32","fr33","fr34","fr35","fr36","fr37","fr38","fr39","fr40","fr41","fr42","fr43","fr44","fr45","fr46","fr47","fr48","fr49","fr50","fr51","fr52","fr53","fr54","fr55","fr56","fr57","fr58","fr59","fr60","fr61","fr62","fr63","fcc0","fcc1","fcc2","fcc3","icc0","icc1","icc2","icc3","cc0","cc1","cc2","cc3","cc4","cc5","cc6","cc7","acc0","acc1","acc2","acc3","acc4","acc5","acc6","acc7","acc8","acc9","acc10","acc11","accg0","accg1","accg2","accg3","accg4","accg5","accg6","accg7","accg8","accg9","accg10","accg11","ap","lr","lcr","iacc0h","iacc0l"}|{"$fp","$sp","$r0","$r1","$r2","$r3","$r4","$r5","$r6","$r7","$r8","$r9","$r10","$r11","$r12","$r13","$r14","$r15","$r16","$r17","$r18","$r19","$r20","$r21","$r22","$r23","$r24","$r25","$r26","$r27","$r28","$cc","?fp","?ap","$pc","?cc"}|{"s0","s1","s2","s3","s4","s5","s6","s7","s8","s9","s10","s11","s12","s13","s14","s15","s16","s17","s18","s19","s20","s21","s22","s23","s24","s25","s26","s27","s28","s29","s30","s31","s32","s33","s34","s35","s36","s37","s38","s39","s40","s41","s42","s43","s44","s45","s46","s47","s48","s49","s50","s51","s52","s53","s54","s55","s56","s57","s58","s59","s60","s61","s62","s63","s64","s65","s66","s67","s68","s69","s70","s71","s72","s73","s74","s75","s76","s77","s78","s79","s80","s81","s82","s83","s84","s85","s86","s87","s88","s89","s90","s91","s92","s93","s94","s95","s96","s97","s98","s99","s100","s101","flat_scratch_lo","flat_scratch_hi","xnack_mask_lo","xnack_mask_hi","vcc_lo","vcc_hi","vccz","tba_lo","tba_hi","tma_lo","tma_hi","ttmp0","ttmp1","ttmp2","ttmp3","ttmp4","ttmp5","ttmp6","ttmp7","ttmp8","ttmp9","ttmp10","ttmp11","m0","exec_lo","exec_hi","execz","scc","shared_base","shared_limit","private_base","private_limit","res134","res135","res136","res137","res138","res139","res140","res141","res142","res143","res144","res145","res146","res147","res148","res149","res150","res151","res152","res153","res154","res155","res156","res157","res158","res159","v0","v1","v2","v3","v4","v5","v6","v7","v8","v9","v10","v11","v12","v13","v14","v15","v16","v17","v18","v19","v20","v21","v22","v23","v24","v25","v26","v27","v28","v29","v30","v31","v32","v33","v34","v35","v36","v37","v38","v39","v40","v41","v42","v43","v44","v45","v46","v47","v48","v49","v50","v51","v52","v53","v54","v55","v56","v57","v58","v59","v60","v61","v62","v63","v64","v65","v66","v67","v68","v69","v70","v71","v72","v73","v74","v75","v76","v77","v78","v79","v80","v81","v82","v83","v84","v85","v86","v87","v88","v89","v90","v91","v92","v93","v94","v95","v96","v97","v98","v99","v100","v101","v102","v103","v104","v105","v106","v107","v108","v109","v110","v111","v112","v113","v114","v115","v116","v117","v118","v119","v120","v121","v122","v123","v124","v125","v126","v127","v128","v129","v130","v131","v132","v133","v134","v135","v136","v137","v138","v139","v140","v141","v142","v143","v144","v145","v146","v147","v148","v149","v150","v151","v152","v153","v154","v155","v156","v157","v158","v159","v160","v161","v162","v163","v164","v165","v166","v167","v168","v169","v170","v171","v172","v173","v174","v175","v176","v177","v178","v179","v180","v181","v182","v183","v184","v185","v186","v187","v188","v189","v190","v191","v192","v193","v194","v195","v196","v197","v198","v199","v200","v201","v202","v203","v204","v205","v206","v207","v208","v209","v210","v211","v212","v213","v214","v215","v216","v217","v218","v219","v220","v221","v222","v223","v224","v225","v226","v227","v228","v229","v230","v231","v232","v233","v234","v235","v236","v237","v238","v239","v240","v241","v242","v243","v244","v245","v246","v247","v248","v249","v250","v251","v252","v253","v254","v255","a0","a1","a2","a3","a4","a5","a6","a7","a8","a9","a10","a11","a12","a13","a14","a15","a16","a17","a18","a19","a20","a21","a22","a23","a24","a25","a26","a27","a28","a29","a30","a31","a32","a33","a34","a35","a36","a37","a38","a39","a40","a41","a42","a43","a44","a45","a46","a47","a48","a49","a50","a51","a52","a53","a54","a55","a56","a57","a58","a59","a60","a61","a62","a63","a64","a65","a66","a67","a68","a69","a70","a71","a72","a73","a74","a75","a76","a77","a78","a79","a80","a81","a82","a83","a84","a85","a86","a87","a88","a89","a90","a91","a92","a93","a94","a95","a96","a97","a98","a99","a100","a101","a102","a103","a104","a105","a106","a107","a108","a109","a110","a111","a112","a113","a114","a115","a116","a117","a118","a119","a120","a121","a122","a123","a124","a125","a126","a127","a128","a129","a130","a131","a132","a133","a134","a135","a136","a137","a138","a139","a140","a141","a142","a143","a144","a145","a146","a147","a148","a149","a150","a151","a152","a153","a154","a155","a156","a157","a158","a159","a160","a161","a162","a163","a164","a165","a166","a167","a168","a169","a170","a171","a172","a173","a174","a175","a176","a177","a178","a179","a180","a181","a182","a183","a184","a185","a186","a187","a188","a189","a190","a191","a192","a193","a194","a195","a196","a197","a198","a199","a200","a201","a202","a203","a204","a205","a206","a207","a208","a209","a210","a211","a212","a213","a214","a215","a216","a217","a218","a219","a220","a221","a222","a223","a224","a225","a226","a227","a228","a229","a230","a231","a232","a233","a234","a235","a236","a237","a238","a239","a240","a241","a242","a243","a244","a245","a246","a247","a248","a249","a250","a251","a252","a253","a254","a255","?ap0","?ap1","?fp0","?fp1","?dwlr"}|{"r0","r1","r2","r3","r4","r5","r6","sp","mac","ap","rap","fp","cc"}|{"ax","dx","cx","bx","si","di","bp","sp","st","st(1)","st(2)","st(3)","st(4)","st(5)","st(6)","st(7)","argp","flags","fpsr","frame","xmm0","xmm1","xmm2","xmm3","xmm4","xmm5","xmm6","xmm7","mm0","mm1","mm2","mm3","mm4","mm5","mm6","mm7","r8","r9","r10","r11","r12","r13","r14","r15","xmm8","xmm9","xmm10","xmm11","xmm12","xmm13","xmm14","xmm15","xmm16","xmm17","xmm18","xmm19","xmm20","xmm21","xmm22","xmm23","xmm24","xmm25","xmm26","xmm27","xmm28","xmm29","xmm30","xmm31","k0","k1","k2","k3","k4","k5","k6","k7","r16","r17","r18","r19","r20","r21","r22","r23","r24","r25","r26","r27","r28","r29","r30","r31"}|{"ap","r1","r2","r3","r4","r5","r6","r7","r8","r9","r10","r11","r12","r13","r14","r15","r16","r17","r18","r19","r20","r21","r22","r23","r24","r25","r26","r27","r28","r29","r30","r31","loc0","loc1","loc2","loc3","loc4","loc5","loc6","loc7","loc8","loc9","loc10","loc11","loc12","loc13","loc14","loc15","loc16","loc17","loc18","loc19","loc20","loc21","loc22","loc23","loc24","loc25","loc26","loc27","loc28","loc29","loc30","loc31","loc32","loc33","loc34","loc35","loc36","loc37","loc38","loc39","loc40","loc41","loc42","loc43","loc44","loc45","loc46","loc47","loc48","loc49","loc50","loc51","loc52","loc53","loc54","loc55","loc56","loc57","loc58","loc59","loc60","loc61","loc62","loc63","loc64","loc65","loc66","loc67","loc68","loc69","loc70","loc71","loc72","loc73","loc74","loc75","loc76","loc77","loc78","loc79","in0","in1","in2","in3","in4","in5","in6","in7","out0","out1","out2","out3","out4","out5","out6","out7","f0","f1","f2","f3","f4","f5","f6","f7","f8","f9","f10","f11","f12","f13","f14","f15","f16","f17","f18","f19","f20","f21","f22","f23","f24","f25","f26","f27","f28","f29","f30","f31","f32","f33","f34","f35","f36","f37","f38","f39","f40","f41","f42","f43","f44","f45","f46","f47","f48","f49","f50","f51","f52","f53","f54","f55","f56","f57","f58","f59","f60","f61","f62","f63","f64","f65","f66","f67","f68","f69","f70","f71","f72","f73","f74","f75","f76","f77","f78","f79","f80","f81","f82","f83","f84","f85","f86","f87","f88","f89","f90","f91","f92","f93","f94","f95","f96","f97","f98","f99","f100","f101","f102","f103","f104","f105","f106","f107","f108","f109","f110","f111","f112","f113","f114","f115","f116","f117","f118","f119","f120","f121","f122","f123","f124","f125","f126","f127","p0","p1","p2","p3","p4","p5","p6","p7","p8","p9","p10","p11","p12","p13","p14","p15","p16","p17","p18","p19","p20","p21","p22","p23","p24","p25","p26","p27","p28","p29","p30","p31","p32","p33","p34","p35","p36","p37","p38","p39","p40","p41","p42","p43","p44","p45","p46","p47","p48","p49","p50","p51","p52","p53","p54","p55","p56","p57","p58","p59","p60","p61","p62","p63","b0","b1","b2","b3","b4","b5","b6","b7","sfp","ar.ccv","ar.unat","ar.pfs","ar.lc","ar.ec",}|{"%0","%1","%2","%3","%4","%5","%6","%7","%8","%9","%10","%11","%12","%13","%14","%15","%16","%17","%18","%19","%20","%21","%22","%23","%24","%25","%26","%27","%28","%29","%30","%31","%rap"}|{"r0","r1","r2","r3","r4","r5","r6","r7","r8","r9","r10","r11","r12","r13","r14","r15","r16","r17","r18","r19","r20","r21","r22","r23","r24","r25","gp","fp","sp","ra","ea","ba"}|{"$r0","$r1","$r2","$r3","$r4","$r5","$r6","$r7","$r8","$r9","$r10","$r11","$r12","$r13","$r14","$r15","$r16","$r17","$r18","$r19","$r20","$r21","$r22","$r23","$r24","$r25","$r26","$r27","$r28","$r29","$r30","$r31","$f0","$f1","$f2","$f3","$f4","$f5","$f6","$f7","$f8","$f9","$f10","$f11","$f12","$f13","$f14","$f15","$f16","$f17","$f18","$f19","$f20","$f21","$f22","$f23","$f24","$f25","$f26","$f27","$f28","$f29","$f30","$f31","$fcc0","$fcc1","$fcc2","$fcc3","$fcc4","$fcc5","$fcc6","$fcc7","$arg","$frame"}|{"r0","r1","r2","r3","r4","r5","r6","r7","r8","r9","r10","r11","r12","fp","lr","sp","ap","cbit","a0","a1"}|{"%""d0","%""d1","%""d2","%""d3","%""d4","%""d5","%""d6","%""d7","%""a0","%""a1","%""a2","%""a3","%""a4","%""a5","%""a6","%""sp","%""fp0","%""fp1","%""fp2","%""fp3","%""fp4","%""fp5","%""fp6","%""fp7","%""argptr"}|{"sp","r1","r2","r3","r4","r5","r6","r7","r8","r9","r10","r11","r12","r13","r14","r15","apvirtual","c","fpvirtual","x19"}|{"r0","r1","r2","r3","r4","r5","r6","r7","r8","r9","r10","r11","r12","r13","r14","r15","r16","r17","r18","r19","r20","r21","r22","r23","r24","r25","r26","r27","r28","r29","r30","r31","rmsr","$ap","$rap","$frp"}|{"$0","$1","$2","$3","$4","$5","$6","$7","$8","$9","$10","$11","$12","$13","$14","$15","$16","$17","$18","$19","$20","$21","$22","$23","$24","$25","$26","$27","$28","$sp","$fp","$31","$f0","$f1","$f2","$f3","$f4","$f5","$f6","$f7","$f8","$f9","$f10","$f11","$f12","$f13","$f14","$f15","$f16","$f17","$f18","$f19","$f20","$f21","$f22","$f23","$f24","$f25","$f26","$f27","$f28","$f29","$f30","$f31","hi","lo","","$fcc0","$fcc1","$fcc2","$fcc3","$fcc4","$fcc5","$fcc6","$fcc7","","$cprestore","$arg","$frame","$fakec","$c0r0","$c0r1","$c0r2","$c0r3","$c0r4","$c0r5","$c0r6","$c0r7","$c0r8","$c0r9","$c0r10","$c0r11","$c0r12","$c0r13","$c0r14","$c0r15","$c0r16","$c0r17","$c0r18","$c0r19","$c0r20","$c0r21","$c0r22","$c0r23","$c0r24","$c0r25","$c0r26","$c0r27","$c0r28","$c0r29","$c0r30","$c0r31","$c2r0","$c2r1","$c2r2","$c2r3","$c2r4","$c2r5","$c2r6","$c2r7","$c2r8","$c2r9","$c2r10","$c2r11","$c2r12","$c2r13","$c2r14","$c2r15","$c2r16","$c2r17","$c2r18","$c2r19","$c2r20","$c2r21","$c2r22","$c2r23","$c2r24","$c2r25","$c2r26","$c2r27","$c2r28","$c2r29","$c2r30","$c2r31","$c3r0","$c3r1","$c3r2","$c3r3","$c3r4","$c3r5","$c3r6","$c3r7","$c3r8","$c3r9","$c3r10","$c3r11","$c3r12","$c3r13","$c3r14","$c3r15","$c3r16","$c3r17","$c3r18","$c3r19","$c3r20","$c3r21","$c3r22","$c3r23","$c3r24","$c3r25","$c3r26","$c3r27","$c3r28","$c3r29","$c3r30","$c3r31","$ac1hi","$ac1lo","$ac2hi","$ac2lo","$ac3hi","$ac3lo","$dsp_po","$dsp_sc","$dsp_ca","$dsp_ou","$dsp_cc","$dsp_ef"}|{"$0","$1","$2","$3","$4","$5","$6","$7","$8","$9","$10","$11","$12","$13","$14","$15","$16","$17","$18","$19","$20","$21","$22","$23","$24","$25","$26","$27","$28","$29","$30","$31","$32","$33","$34","$35","$36","$37","$38","$39","$40","$41","$42","$43","$44","$45","$46","$47","$48","$49","$50","$51","$52","$53","$54","$55","$56","$57","$58","$59","$60","$61","$62","$63","$64","$65","$66","$67","$68","$69","$70","$71","$72","$73","$74","$75","$76","$77","$78","$79","$80","$81","$82","$83","$84","$85","$86","$87","$88","$89","$90","$91","$92","$93","$94","$95","$96","$97","$98","$99","$100","$101","$102","$103","$104","$105","$106","$107","$108","$109","$110","$111","$112","$113","$114","$115","$116","$117","$118","$119","$120","$121","$122","$123","$124","$125","$126","$127","$128","$129","$130","$131","$132","$133","$134","$135","$136","$137","$138","$139","$140","$141","$142","$143","$144","$145","$146","$147","$148","$149","$150","$151","$152","$153","$154","$155","$156","$157","$158","$159","$160","$161","$162","$163","$164","$165","$166","$167","$168","$169","$170","$171","$172","$173","$174","$175","$176","$177","$178","$179","$180","$181","$182","$183","$184","$185","$186","$187","$188","$189","$190","$191","$192","$193","$194","$195","$196","$197","$198","$199","$200","$201","$202","$203","$204","$205","$206","$207","$208","$209","$210","$211","$212","$213","$214","$215","$216","$217","$218","$219","$220","$221","$222","$223","$224","$225","$226","$227","$228","$229","$230","$231","$232","$233","$234","$235","$236","$237","$238","$239","$240","$241","$242","$243","$244","$245","$246","$247","$248","$249","$250","$251","$252","$253","$254","$255",":rD",":rE",":rH",":rJ",":rR","ap_!BAD!",":rO"}|{"d0","d1","d2","d3","a0","a1","a2","a3","ap","sp","r0","r1","r2","r3","r4","r5","r6","r7","fs0","fs1","fs2","fs3","fs4","fs5","fs6","fs7","fs8","fs9","fs10","fs11","fs12","fs13","fs14","fs15","fs16","fs17","fs18","fs19","fs20","fs21","fs22","fs23","fs24","fs25","fs26","fs27","fs28","fs29","fs30","fs31","mdr","EPSW"}|{"$fp","$sp","$r0","$r1","$r2","$r3","$r4","$r5","$r6","$r7","$r8","$r9","$r10","$r11","$r12","$r13","?fp","?ap","$pc","?cc"}|{"R0","R1","R2","R3","R4","R5","R6","R7","R8","R9","R10","R11","R12","R13","R14","R15","argptr"}|{"$r0","$r1","$r2","$r3","$r4","$r5","$r6","$r7","$r8","$r9","$r10","$r11","$r12","$r13","$r14","$ta","$r16","$r17","$r18","$r19","$r20","$r21","$r22","$r23","$r24","$r25","$r26","$r27","$fp","$gp","$lp","$sp","$AP","$SFP","$fs0","$fs1","$fs2","$fs3","$fs4","$fs5","$fs6","$fs7","$fs8","$fs9","$fs10","$fs11","$fs12","$fs13","$fs14","$fs15","$fs16","$fs17","$fs18","$fs19","$fs20","$fs21","$fs22","$fs23","$fs24","$fs25","$fs26","$fs27","$fs28","$fs29","$fs30","$fs31","$fs32","$fs33","$fs34","$fs35","$fs36","$fs37","$fs38","$fs39","$fs40","$fs41","$fs42","$fs43","$fs44","$fs45","$fs46","$fs47","$fs48","$fs49","$fs50","$fs51","$fs52","$fs53","$fs54","$fs55","$fs56","$fs57","$fs58","$fs59","$fs60","$fs61","$fs62","$fs63","LB","LE","LC"}|{"%value","%stack","%frame","%args","%chain","%sspslot","%sspprev","%hr7","%hr8","%hr9","%hr10","%hr11","%hr12","%hr13","%hr14","%hr15"}|{"r0","r1","r2","r3","r4","r5","r6","r7","r8","r9","r10","r11","r12","r13","r14","r15","r17","r19","r21","r23","r25","r27","r29","r31","r16","r18","r20","r22","r24","r26","r28","r30","?ap","?fp","?sr_f"}|{"%r0","%r1","%r2","%r3","%r4","%r5","%r6","%r7","%r8","%r9","%r10","%r11","%r12","%r13","%r14","%r15","%r16","%r17","%r18","%r19","%r20","%r21","%r22","%r23","%r24","%r25","%r26","%r27","%r28","%r29","%r30","%r31","%fr4","%fr5","%fr6","%fr7","%fr8","%fr9","%fr10","%fr11","%fr12","%fr13","%fr14","%fr15","%fr16","%fr17","%fr18","%fr19","%fr20","%fr21","%fr22","%fr23","%fr24","%fr25","%fr26","%fr27","%fr28","%fr29","%fr30","%fr31","SAR","sfp"}|{"r0","r1","r2","r3","r4","r5","sp","pc","ac0","ac1","ac2","ac3","ac4","ac5","ap","cc","fcc"}|{"r0"".b0","r0"".b1","r0"".b2","r0"".b3","r1"".b0","r1"".b1","r1"".b2","r1"".b3","r2"".b0","r2"".b1","r2"".b2","r2"".b3","r3"".b0","r3"".b1","r3"".b2","r3"".b3","r4"".b0","r4"".b1","r4"".b2","r4"".b3","r5"".b0","r5"".b1","r5"".b2","r5"".b3","r6"".b0","r6"".b1","r6"".b2","r6"".b3","r7"".b0","r7"".b1","r7"".b2","r7"".b3","r8"".b0","r8"".b1","r8"".b2","r8"".b3","r9"".b0","r9"".b1","r9"".b2","r9"".b3","r10"".b0","r10"".b1","r10"".b2","r10"".b3","r11"".b0","r11"".b1","r11"".b2","r11"".b3","r12"".b0","r12"".b1","r12"".b2","r12"".b3","r13"".b0","r13"".b1","r13"".b2","r13"".b3","r14"".b0","r14"".b1","r14"".b2","r14"".b3","r15"".b0","r15"".b1","r15"".b2","r15"".b3","r16"".b0","r16"".b1","r16"".b2","r16"".b3","r17"".b0","r17"".b1","r17"".b2","r17"".b3","r18"".b0","r18"".b1","r18"".b2","r18"".b3","r19"".b0","r19"".b1","r19"".b2","r19"".b3","r20"".b0","r20"".b1","r20"".b2","r20"".b3","r21"".b0","r21"".b1","r21"".b2","r21"".b3","r22"".b0","r22"".b1","r22"".b2","r22"".b3","r23"".b0","r23"".b1","r23"".b2","r23"".b3","r24"".b0","r24"".b1","r24"".b2","r24"".b3","r25"".b0","r25"".b1","r25"".b2","r25"".b3","r26"".b0","r26"".b1","r26"".b2","r26"".b3","r27"".b0","r27"".b1","r27"".b2","r27"".b3","r28"".b0","r28"".b1","r28"".b2","r28"".b3","r29"".b0","r29"".b1","r29"".b2","r29"".b3","r30"".b0","r30"".b1","r30"".b2","r30"".b3","r31"".b0","r31"".b1","r31"".b2","r31"".b3","loopcntr_reg"".b0","loopcntr_reg"".b1","loopcntr_reg"".b2","loopcntr_reg"".b3","pc"".b0","pc"".b1","pc"".b2","pc"".b3","fake_fp"".b0","fake_fp"".b1","fake_fp"".b2","fake_fp"".b3","fake_ap"".b0","fake_ap"".b1","fake_ap"".b2","fake_ap"".b3",}|{"zero","ra","sp","gp","tp","t0","t1","t2","s0","s1","a0","a1","a2","a3","a4","a5","a6","a7","s2","s3","s4","s5","s6","s7","s8","s9","s10","s11","t3","t4","t5","t6","ft0","ft1","ft2","ft3","ft4","ft5","ft6","ft7","fs0","fs1","fa0","fa1","fa2","fa3","fa4","fa5","fa6","fa7","fs2","fs3","fs4","fs5","fs6","fs7","fs8","fs9","fs10","fs11","ft8","ft9","ft10","ft11","arg","frame","vl","vtype","vxrm","frm","vxsat","N/A","N/A","N/A","N/A","N/A","N/A","N/A","N/A","N/A","N/A","N/A","N/A","N/A","N/A","N/A","N/A","N/A","N/A","N/A","N/A","N/A","N/A","N/A","N/A","N/A","v0","v1","v2","v3","v4","v5","v6","v7","v8","v9","v10","v11","v12","v13","v14","v15","v16","v17","v18","v19","v20","v21","v22","v23","v24","v25","v26","v27","v28","v29","v30","v31",}|{"x","a","c","b","e","d","l","h","r8","r9","r10","r11","r12","r13","r14","r15","r16","r17","r18","r19","r20","r21","r22","r23","r24","r25","r26","r27","r28","r29","r30","r31","sp","ap","psw","es","cs"}|{&rs6000_reg_names[0][0],&rs6000_reg_names[1][0],&rs6000_reg_names[2][0],&rs6000_reg_names[3][0],&rs6000_reg_names[4][0],&rs6000_reg_names[5][0],&rs6000_reg_names[6][0],&rs6000_reg_names[7][0],&rs6000_reg_names[8][0],&rs6000_reg_names[9][0],&rs6000_reg_names[10][0],&rs6000_reg_names[11][0],&rs6000_reg_names[12][0],&rs6000_reg_names[13][0],&rs6000_reg_names[14][0],&rs6000_reg_names[15][0],&rs6000_reg_names[16][0],&rs6000_reg_names[17][0],&rs6000_reg_names[18][0],&rs6000_reg_names[19][0],&rs6000_reg_names[20][0],&rs6000_reg_names[21][0],&rs6000_reg_names[22][0],&rs6000_reg_names[23][0],&rs6000_reg_names[24][0],&rs6000_reg_names[25][0],&rs6000_reg_names[26][0],&rs6000_reg_names[27][0],&rs6000_reg_names[28][0],&rs6000_reg_names[29][0],&rs6000_reg_names[30][0],&rs6000_reg_names[31][0],&rs6000_reg_names[32][0],&rs6000_reg_names[33][0],&rs6000_reg_names[34][0],&rs6000_reg_names[35][0],&rs6000_reg_names[36][0],&rs6000_reg_names[37][0],&rs6000_reg_names[38][0],&rs6000_reg_names[39][0],&rs6000_reg_names[40][0],&rs6000_reg_names[41][0],&rs6000_reg_names[42][0],&rs6000_reg_names[43][0],&rs6000_reg_names[44][0],&rs6000_reg_names[45][0],&rs6000_reg_names[46][0],&rs6000_reg_names[47][0],&rs6000_reg_names[48][0],&rs6000_reg_names[49][0],&rs6000_reg_names[50][0],&rs6000_reg_names[51][0],&rs6000_reg_names[52][0],&rs6000_reg_names[53][0],&rs6000_reg_names[54][0],&rs6000_reg_names[55][0],&rs6000_reg_names[56][0],&rs6000_reg_names[57][0],&rs6000_reg_names[58][0],&rs6000_reg_names[59][0],&rs6000_reg_names[60][0],&rs6000_reg_names[61][0],&rs6000_reg_names[62][0],&rs6000_reg_names[63][0],&rs6000_reg_names[64][0],&rs6000_reg_names[65][0],&rs6000_reg_names[66][0],&rs6000_reg_names[67][0],&rs6000_reg_names[68][0],&rs6000_reg_names[69][0],&rs6000_reg_names[70][0],&rs6000_reg_names[71][0],&rs6000_reg_names[72][0],&rs6000_reg_names[73][0],&rs6000_reg_names[74][0],&rs6000_reg_names[75][0],&rs6000_reg_names[76][0],&rs6000_reg_names[77][0],&rs6000_reg_names[78][0],&rs6000_reg_names[79][0],&rs6000_reg_names[80][0],&rs6000_reg_names[81][0],&rs6000_reg_names[82][0],&rs6000_reg_names[83][0],&rs6000_reg_names[84][0],&rs6000_reg_names[85][0],&rs6000_reg_names[86][0],&rs6000_reg_names[87][0],&rs6000_reg_names[88][0],&rs6000_reg_names[89][0],&rs6000_reg_names[90][0],&rs6000_reg_names[91][0],&rs6000_reg_names[92][0],&rs6000_reg_names[93][0],&rs6000_reg_names[94][0],&rs6000_reg_names[95][0],&rs6000_reg_names[96][0],&rs6000_reg_names[97][0],&rs6000_reg_names[98][0],&rs6000_reg_names[99][0],&rs6000_reg_names[100][0],&rs6000_reg_names[101][0],&rs6000_reg_names[102][0],&rs6000_reg_names[103][0],&rs6000_reg_names[104][0],&rs6000_reg_names[105][0],&rs6000_reg_names[106][0],&rs6000_reg_names[107][0],&rs6000_reg_names[108][0],&rs6000_reg_names[109][0],&rs6000_reg_names[110][0],&rs6000_reg_names[111][0],&rs6000_reg_names[112][0],&rs6000_reg_names[113][0],&rs6000_reg_names[114][0],&rs6000_reg_names[115][0],&rs6000_reg_names[116][0],&rs6000_reg_names[117][0],&rs6000_reg_names[118][0]}|{"r0","r1","r2","r3","r4","r5","r6","r7","r8","r9","r10","r11","r12","r13","r14","r15","cc"}|{"%r0","%r1","%r2","%r3","%r4","%r5","%r6","%r7","%r8","%r9","%r10","%r11","%r12","%r13","%r14","%r15","%f0","%f2","%f4","%f6","%f1","%f3","%f5","%f7","%f8","%f10","%f12","%f14","%f9","%f11","%f13","%f15","%ap","%cc","%fp","%rp","%a0","%a1","%v16","%v18","%v20","%v22","%v17","%v19","%v21","%v23","%v24","%v26","%v28","%v30","%v25","%v27","%v29","%v31"}|{(sh_register_names[((((((0))))))]),(sh_register_names[((((((0))))))+1]),(sh_register_names[((((((0)))))+2)]),(sh_register_names[((((((0)))))+2)+1]),(sh_register_names[((((((0))))+4))]),(sh_register_names[((((((0))))+4))+1]),(sh_register_names[((((((0))))+4)+2)]),(sh_register_names[((((((0))))+4)+2)+1]),(sh_register_names[((((((0)))+8)))]),(sh_register_names[((((((0)))+8)))+1]),(sh_register_names[((((((0)))+8))+2)]),(sh_register_names[((((((0)))+8))+2)+1]),(sh_register_names[((((((0)))+8)+4))]),(sh_register_names[((((((0)))+8)+4))+1]),(sh_register_names[((((((0)))+8)+4)+2)]),(sh_register_names[((((((0)))+8)+4)+2)+1]),(sh_register_names[((((((0))+16))))]),(sh_register_names[((((((0))+16))))+1]),(sh_register_names[((((((0))+16)))+2)]),(sh_register_names[((((((0))+16)))+2)+1]),(sh_register_names[((((((0))+16))+4))]),(sh_register_names[((((((0))+16))+4))+1]),(sh_register_names[((((((0))+16))+4)+2)]),(sh_register_names[((((((0))+16))+4)+2)+1]),(sh_register_names[((((((0))+16)+8)))]),(sh_register_names[((((((0))+16)+8)))+1]),(sh_register_names[((((((0))+16)+8))+2)]),(sh_register_names[((((((0))+16)+8))+2)+1]),(sh_register_names[((((((0))+16)+8)+4))]),(sh_register_names[((((((0))+16)+8)+4))+1]),(sh_register_names[((((((0))+16)+8)+4)+2)]),(sh_register_names[((((((0))+16)+8)+4)+2)+1]),(sh_register_names[((((((0)+32)))))]),(sh_register_names[((((((0)+32)))))+1]),(sh_register_names[((((((0)+32))))+2)]),(sh_register_names[((((((0)+32))))+2)+1]),(sh_register_names[((((((0)+32)))+4))]),(sh_register_names[((((((0)+32)))+4))+1]),(sh_register_names[((((((0)+32)))+4)+2)]),(sh_register_names[((((((0)+32)))+4)+2)+1]),(sh_register_names[((((((0)+32))+8)))]),(sh_register_names[((((((0)+32))+8)))+1]),(sh_register_names[((((((0)+32))+8))+2)]),(sh_register_names[((((((0)+32))+8))+2)+1]),(sh_register_names[((((((0)+32))+8)+4))]),(sh_register_names[((((((0)+32))+8)+4))+1]),(sh_register_names[((((((0)+32))+8)+4)+2)]),(sh_register_names[((((((0)+32))+8)+4)+2)+1]),(sh_register_names[((((((0)+32)+16))))]),(sh_register_names[((((((0)+32)+16))))+1]),(sh_register_names[((((((0)+32)+16)))+2)]),(sh_register_names[((((((0)+32)+16)))+2)+1]),(sh_register_names[((((((0)+32)+16))+4))]),(sh_register_names[((((((0)+32)+16))+4))+1]),(sh_register_names[((((((0)+32)+16))+4)+2)]),(sh_register_names[((((((0)+32)+16))+4)+2)+1]),(sh_register_names[((((((0)+32)+16)+8)))]),(sh_register_names[((((((0)+32)+16)+8)))+1]),(sh_register_names[((((((0)+32)+16)+8))+2)]),(sh_register_names[((((((0)+32)+16)+8))+2)+1]),(sh_register_names[((((((0)+32)+16)+8)+4))]),(sh_register_names[((((((0)+32)+16)+8)+4))+1]),(sh_register_names[((((((0)+32)+16)+8)+4)+2)]),(sh_register_names[((((((0)+32)+16)+8)+4)+2)+1]),(sh_register_names[((((((64))))))]),(sh_register_names[((((((64))))))+1]),(sh_register_names[((((((64)))))+2)]),(sh_register_names[((((((64)))))+2)+1]),(sh_register_names[((((((64))))+4))]),(sh_register_names[((((((64))))+4))+1]),(sh_register_names[((((((64))))+4)+2)]),(sh_register_names[((((((64))))+4)+2)+1]),(sh_register_names[((((((64)))+8)))]),(sh_register_names[((((((64)))+8)))+1]),(sh_register_names[((((((64)))+8))+2)]),(sh_register_names[((((((64)))+8))+2)+1]),(sh_register_names[((((((64)))+8)+4))]),(sh_register_names[((((((64)))+8)+4))+1]),(sh_register_names[((((((64)))+8)+4)+2)]),(sh_register_names[((((((64)))+8)+4)+2)+1]),(sh_register_names[((((((64))+16))))]),(sh_register_names[((((((64))+16))))+1]),(sh_register_names[((((((64))+16)))+2)]),(sh_register_names[((((((64))+16)))+2)+1]),(sh_register_names[((((((64))+16))+4))]),(sh_register_names[((((((64))+16))+4))+1]),(sh_register_names[((((((64))+16))+4)+2)]),(sh_register_names[((((((64))+16))+4)+2)+1]),(sh_register_names[((((((64))+16)+8)))]),(sh_register_names[((((((64))+16)+8)))+1]),(sh_register_names[((((((64))+16)+8))+2)]),(sh_register_names[((((((64))+16)+8))+2)+1]),(sh_register_names[((((((64))+16)+8)+4))]),(sh_register_names[((((((64))+16)+8)+4))+1]),(sh_register_names[((((((64))+16)+8)+4)+2)]),(sh_register_names[((((((64))+16)+8)+4)+2)+1]),(sh_register_names[((((((64)+32)))))]),(sh_register_names[((((((64)+32)))))+1]),(sh_register_names[((((((64)+32))))+2)]),(sh_register_names[((((((64)+32))))+2)+1]),(sh_register_names[((((((64)+32)))+4))]),(sh_register_names[((((((64)+32)))+4))+1]),(sh_register_names[((((((64)+32)))+4)+2)]),(sh_register_names[((((((64)+32)))+4)+2)+1]),(sh_register_names[((((((64)+32))+8)))]),(sh_register_names[((((((64)+32))+8)))+1]),(sh_register_names[((((((64)+32))+8))+2)]),(sh_register_names[((((((64)+32))+8))+2)+1]),(sh_register_names[((((((64)+32))+8)+4))]),(sh_register_names[((((((64)+32))+8)+4))+1]),(sh_register_names[((((((64)+32))+8)+4)+2)]),(sh_register_names[((((((64)+32))+8)+4)+2)+1]),(sh_register_names[((((((64)+32)+16))))]),(sh_register_names[((((((64)+32)+16))))+1]),(sh_register_names[((((((64)+32)+16)))+2)]),(sh_register_names[((((((64)+32)+16)))+2)+1]),(sh_register_names[((((((64)+32)+16))+4))]),(sh_register_names[((((((64)+32)+16))+4))+1]),(sh_register_names[((((((64)+32)+16))+4)+2)]),(sh_register_names[((((((64)+32)+16))+4)+2)+1]),(sh_register_names[((((((64)+32)+16)+8)))]),(sh_register_names[((((((64)+32)+16)+8)))+1]),(sh_register_names[((((((64)+32)+16)+8))+2)]),(sh_register_names[((((((64)+32)+16)+8))+2)+1]),(sh_register_names[((((((64)+32)+16)+8)+4))]),(sh_register_names[((((((64)+32)+16)+8)+4))+1]),(sh_register_names[((((((64)+32)+16)+8)+4)+2)]),(sh_register_names[((((((64)+32)+16)+8)+4)+2)+1]),(sh_register_names[(((128)))]),(sh_register_names[(((128)))+1]),(sh_register_names[(((128))+2)]),(sh_register_names[(((128))+2)+1]),(sh_register_names[(((128)+4))]),(sh_register_names[(((128)+4))+1]),(sh_register_names[(((128)+4)+2)]),(sh_register_names[(((128)+4)+2)+1]),(sh_register_names[(((136)))]),(sh_register_names[(((136)))+1]),(sh_register_names[(((136))+2)]),(sh_register_names[(((136))+2)+1]),(sh_register_names[(((136)+4))]),(sh_register_names[(((136)+4))+1]),(sh_register_names[(((136)+4)+2)]),(sh_register_names[(((136)+4)+2)+1]),(sh_register_names[(((144)))]),(sh_register_names[(((144)))+1]),(sh_register_names[(((144))+2)]),(sh_register_names[(((144))+2)+1]),(sh_register_names[(((144)+4))]),(sh_register_names[(((144)+4))+1]),(sh_register_names[(((144)+4)+2)]),(sh_register_names[(((144)+4)+2)+1]),(sh_register_names[((152))]),(sh_register_names[((152))+1]),(sh_register_names[((152)+2)]),(sh_register_names[((152)+2)+1])}|{"%g0","%g1","%g2","%g3","%g4","%g5","%g6","%g7","%o0","%o1","%o2","%o3","%o4","%o5","%sp","%o7","%l0","%l1","%l2","%l3","%l4","%l5","%l6","%l7","%i0","%i1","%i2","%i3","%i4","%i5","%fp","%i7","%f0","%f1","%f2","%f3","%f4","%f5","%f6","%f7","%f8","%f9","%f10","%f11","%f12","%f13","%f14","%f15","%f16","%f17","%f18","%f19","%f20","%f21","%f22","%f23","%f24","%f25","%f26","%f27","%f28","%f29","%f30","%f31","%f32","%f33","%f34","%f35","%f36","%f37","%f38","%f39","%f40","%f41","%f42","%f43","%f44","%f45","%f46","%f47","%f48","%f49","%f50","%f51","%f52","%f53","%f54","%f55","%f56","%f57","%f58","%f59","%f60","%f61","%f62","%f63","%fcc0","%fcc1","%fcc2","%fcc3","%icc","%sfp","%gsr"}|{"r0","r1","r2","sp","gp","r5","r6","r7","r8","r9","r10","r11","r12","r13","r14","r15","r16","r17","r18","r19","r20","r21","r22","r23","r24","r25","r26","r27","r28","r29","ep","r31","psw","fcc",".fp",".ap"}|{"%r0","%r1","%r2","%r3","%r4","%r5","%r6","%r7","%r8","%r9","%r10","%r11","%ap","%fp","%sp","%pc","%psl"}|{"r0","r1","r2","r3","r4","r5","r6","r7","r8","r9","r10","r11","r12","r13","r14","r15","r16","r17","r18","r19","r20","r21","fp","sp","r24","r25","r26","r27","r28","r29","r30","r31","mdb","mdc","f0","f1","f2","f3","f4","f5","f6","f7","f8","f9","f10","f11","f12","f13","f14","f15","flags","argp","sfp"}|{"r0","r1","r2","r3","r4","r5","r6","r7","r8","r9","r10","r11","r12","r13","psw","sp","carry","fp","ap"}|{"a0","sp","a2","a3","a4","a5","a6","a7","a8","a9","a10","a11","a12","a13","a14","a15","fp","argp","b0","f0","f1","f2","f3","f4","f5","f6","f7","f8","f9","f10","f11","f12","f13","f14","f15","acc"}
UNREADABLE-function-like	OUTGOING_REGNO	48	1	<NOT-EXPANDED:function-like>
UNREADABLE-function-like	HARD_REGNO_NREGS_HAS_PADDING	48	1	<NOT-EXPANDED:function-like>
UNREADABLE-function-like	ASM_OUTPUT_REG_POP	48	1	<NOT-EXPANDED:function-like>
UNREADABLE-function-like	CPLUSPLUS_CPP_SPEC	48	13	"-D_GNU_SOURCE%(cpp)"|"%{posix:-D_POSIX_SOURCE}%{pthread:-D_REENTRANT}"|"%{msimd:-D__Xsimd}%{mno-mpy:-D__Xno_mpy}%{mswap:-D__Xswap}%{mmin-max:-D__Xmin_max}%{mEA:-D__Xea}%{mspfp*:-D__Xspfp}%{mdpfp*:-D__Xdpfp}%{mmac-d16:-D__Xxmac_d16}%{mmac-24:-D__Xxmac_24}%{mdsp-packa:-D__Xdsp_packa}%{mcrc:-D__Xcrc}%{mdvbf:-D__Xdvbf}%{mtelephony:-D__Xtelephony}%{mxy:-D__Xxy}%{mmul64:-D__Xmult32}%{mlock:-D__Xlock}%{mswape:-D__Xswape}%{mrtsc:-D__Xrtsc}%(subtarget_cpp_spec)"|"%(subtarget_cpp_spec)"|"%(cpp)"|<NOT-EXPANDED:function-like>|"%{mtune=*:-D__tune_%*%{mtune=v*:-D__CRIS_arch_tune=%*}%{mtune=etrax4:-D__tune_v3-D__CRIS_arch_tune=3}%{mtune=etrax100:-D__tune_v8-D__CRIS_arch_tune=8}%{mtune=svinto:-D__tune_v8-D__CRIS_arch_tune=8}%{mtune=etrax100lx:-D__tune_v10-D__CRIS_arch_tune=10}%{mtune=ng:-D__tune_v10-D__CRIS_arch_tune=10}}%{mcpu=*:-D__arch_%*%{mcpu=v*:-D__CRIS_arch_version=%*}%{mcpu=etrax4:-D__arch_v3-D__CRIS_arch_version=3}%{mcpu=etrax100:-D__arch_v8-D__CRIS_arch_version=8}%{mcpu=svinto:-D__arch_v8-D__CRIS_arch_version=8}%{mcpu=etrax100lx:-D__arch_v10-D__CRIS_arch_version=10}%{mcpu=ng:-D__arch_v10-D__CRIS_arch_version=10}}%{march=*:-D__arch_%*%{march=v*:-D__CRIS_arch_version=%*}%{march=etrax4:-D__arch_v3-D__CRIS_arch_version=3}%{march=etrax100:-D__arch_v8-D__CRIS_arch_version=8}%{march=svinto:-D__arch_v8-D__CRIS_arch_version=8}%{march=etrax100lx:-D__arch_v10-D__CRIS_arch_version=10}%{march=ng:-D__arch_v10-D__CRIS_arch_version=10}}%{metrax100:-D__arch__v8-D__CRIS_arch_version=8}%{metrax4:-D__arch__v3-D__CRIS_arch_version=3}%(cpp_subtarget)"|"%(cpp_cpu)"|"%{m210:%{mlittle-endian:%ethem210doesnothavelittleendiansupport}}"|"%(cpp_device)""%{mabi=ti:-D__PRU_EABI_TI__;:-D__PRU_EABI_GNU__}"|"%{mpid:-D_RX_PID=1}%{mint-register=*:-D_RX_INT_REGISTERS=%*}%{msmall-data-limit*:-D_RX_SMALL_DATA}"|"%{mv850e3v5:-D__v850e3v5__}%{mv850e2v3:-D__v850e2v3__}%{mv850e2:-D__v850e2__}%{mv850es:-D__v850e1__}%{mv850e1:-D__v850e1__}%{mv850e:-D__v850e__}%{mv850:-D__v850__}%(subtarget_cpp_spec)%{mep:-D__EP__}"|"%{mcpu=gr6:-D__gr6__;:-D__gr5__}"
UNREADABLE-function-like	TRAMPOLINE_SECTION	48	2	text_section|<NOT-EXPANDED:function-like>
UNREADABLE-function-like	TARGET_THREAD_SPLIT_STACK_OFFSET	48	2	<NOT-EXPANDED:function-like>|(((global_options.x_ix86_isa_flags&(HOST_WIDE_INT_1U<<1))!=0)?(((global_options.x_ix86_isa_flags&(HOST_WIDE_INT_1U<<55))!=0)?0x40:0x70):0x30)
DIVERGENT-OPTION-STATE	INT16_TYPE	48	10	"shortint"|(16==16?"shortint":32==16?"int":(8)==16?"signedchar":0)|(((8)*MIN(((mt_units_per_word())+1)/2,2))==16?"shortint":(targetm_cdata.bits_per_word)==16?"int":(8)==16?"signedchar":0)|((((global_options.x_target_flags&(1U<<6))!=0)?8:16)==16?"int":"longint")|16==16?"shortint":32==16?"int":8==16?"signedchar":0|(((8)*MIN(((mt_units_per_word())+1)/2,2))==16?"shortint":32==16?"int":(8)==16?"signedchar":0)|(16==16?"shortint":(((global_options.x_target_flags&(1U<<4))!=0)?32:16)==16?"int":(8)==16?"signedchar":0)|(((8)*MIN(((mt_units_per_word())+1)/2,2))==16?"shortint":(((global_options.x_target_flags&(1U<<7))!=0)?16:32)==16?"int":(8)==16?"signedchar":0)|(16==16?"shortint":16==16?"int":(8)==16?"signedchar":0)|(16==16?"shortint":(((global_options.x_target_flags&(1U<<6))==0)?16:32)==16?"int":(8)==16?"signedchar":0)
DIVERGENT-OPTION-STATE	TARGET_PTRMEMFUNC_VBIT_LOCATION	48	14	ptrmemfunc_vbit_in_delta|(32>=2*(8)?ptrmemfunc_vbit_in_pfn:ptrmemfunc_vbit_in_delta)|ptrmemfunc_vbit_in_pfn|(8>=2*(8)?ptrmemfunc_vbit_in_pfn:ptrmemfunc_vbit_in_delta)|(64>=2*(8)?ptrmemfunc_vbit_in_pfn:ptrmemfunc_vbit_in_delta)|(16>=2*(8)?ptrmemfunc_vbit_in_pfn:ptrmemfunc_vbit_in_delta)|(((((csky_base_arch==CSKY_BASE_ARCH_CK801)||(csky_base_arch==CSKY_BASE_ARCH_CK802))&&global_options.x_optimize_size)?16:32)>=2*(8)?ptrmemfunc_vbit_in_pfn:ptrmemfunc_vbit_in_delta)|(128>=2*(8)?ptrmemfunc_vbit_in_pfn:ptrmemfunc_vbit_in_delta)|(((((global_options.x_target_flags&(1U<<1))!=0))?32:16)>=2*(8)?ptrmemfunc_vbit_in_pfn:ptrmemfunc_vbit_in_delta)|((((((global_options.x_target_flags&(1U<<2))!=0))||((global_options.x_target_flags&(1U<<1))!=0))?32:16)>=2*(8)?ptrmemfunc_vbit_in_pfn:ptrmemfunc_vbit_in_delta)|((((((global_options.x_riscv_base_subext&(1U<<5))!=0)||((global_options.x_riscv_zc_subext&(1U<<0))!=0))&&!is_zicfilp_p())?16:32)>=2*(8)?ptrmemfunc_vbit_in_pfn:ptrmemfunc_vbit_in_delta)|(((global_options.x_rx_cpu_type==RX100||global_options.x_rx_cpu_type==RX200)?4:8)>=2*(8)?ptrmemfunc_vbit_in_pfn:ptrmemfunc_vbit_in_delta)|((16)>=2*(8)?ptrmemfunc_vbit_in_pfn:ptrmemfunc_vbit_in_delta)|((((!((global_options.x_target_flags&(1U<<7))!=0))||global_options.x_optimize_size)?16:32)>=2*(8)?ptrmemfunc_vbit_in_pfn:ptrmemfunc_vbit_in_delta)
DIVERGENT-OPTION-STATE	TRAMPOLINE_ALIGNMENT	48	16	64|256|32|(lang_hooks.custom_function_descriptors&&targetm.calls.custom_function_descriptors>0?MAX((8),2*targetm.calls.custom_function_descriptors*(8)):(8))|(lang_hooks.custom_function_descriptors&&targetm.calls.custom_function_descriptors>0?MAX((32),2*targetm.calls.custom_function_descriptors*(8)):(32))|(lang_hooks.custom_function_descriptors&&targetm.calls.custom_function_descriptors>0?MAX((64),2*targetm.calls.custom_function_descriptors*(8)):(64))|16|(((global_options.x_target_flags&(1U<<8))!=0)?64:32)|(lang_hooks.custom_function_descriptors&&targetm.calls.custom_function_descriptors>0?MAX((16),2*targetm.calls.custom_function_descriptors*(8)):(16))|GET_MODE_ALIGNMENT((mt_pmode()))|(mt_pointer_size())|targetm_cdata.bits_per_word|(((((global_options.x_target_flags&(1U<<20))!=0)?5:((global_options.x_target_flags&(1U<<1))!=0)?4:2)<3||(global_options.x_optimize_size&&!(((global_options.x_target_flags&(1U<<20))!=0))))?32:64)|128|(lang_hooks.custom_function_descriptors&&targetm.calls.custom_function_descriptors>0?MAX(((((!((global_options.x_target_flags&(1U<<7))!=0))||global_options.x_optimize_size)?16:32)),2*targetm.calls.custom_function_descriptors*(8)):((((!((global_options.x_target_flags&(1U<<7))!=0))||global_options.x_optimize_size)?16:32)))|global_options.x_visium_cpu==PROCESSOR_GR6?64:32
UNREADABLE-function-like	NO_DOLLAR_IN_LABEL	48	2	|<NOT-EXPANDED:function-like>
UNREADABLE-function-like	HARD_REGNO_CALLER_SAVE_MODE	48	1	<NOT-EXPANDED:function-like>
UNREADABLE-function-like	ASM_OUTPUT_FUNCTION_LABEL	48	1	<NOT-EXPANDED:function-like>
DIVERGENT-OPTION-STATE	EH_RETURN_HANDLER_RTX	48	14	gen_rtx_REG((mt_pmode()),6)|gen_rtx_MEM((mt_pmode()),plus_constant((mt_pmode()),stack_pointer_rtx,crtl->outgoing_args_size))|NULL|gen_frame_mem((mt_pmode()),plus_constant((mt_pmode()),frame_pointer_rtx,(mt_units_per_word())))|cris_eh_return_handler_rtx()|frv_return_addr_rtx(0,frame_pointer_rtx)|gen_rtx_REG((mt_pmode()),26)|gen_rtx_MEM((mt_pmode()),gen_rtx_PLUS((mt_pmode()),arg_pointer_rtx,plus_constant((mt_pmode()),gen_rtx_REG((mt_pmode()),8),(mt_units_per_word()))))|mmix_eh_return_handler_rtx()|gen_rtx_MEM((mt_pmode()),gen_rtx_PLUS((mt_pmode()),gen_rtx_REG((mt_pmode()),1),gen_rtx_REG((mt_pmode()),15)))|pa_eh_return_handler_rtx()|gen_rtx_MEM((mt_pmode()),return_address_pointer_rtx)|gen_rtx_MEM((mt_pmode()),plus_constant((mt_pmode()),gen_rtx_REG((mt_pmode()),(mt_frame_pointer_regnum())),16))|visium_eh_return_handler_rtx()
DIVERGENT-OPTION-STATE	STACK_POINTER_OFFSET	48	10	0|1|4|global_options.x_epiphany_stack_offset|16|((mt_units_per_word()))|(1?-(crtl->outgoing_args_size+48):poly_int64(-32))|((global_options.x_rs6000_current_abi==ABI_V4?8:global_options.x_rs6000_current_abi==ABI_ELFv2?16:24)<<(((global_options.x_rs6000_isa_flags&(HOST_WIDE_INT_1U<<0))!=0)?1:0))|160|(((!(!((global_options.x_target_flags&(1U<<0))!=0)))?16*(mt_units_per_word()):64+(mt_units_per_word()))+(((!(!((global_options.x_target_flags&(1U<<0))!=0)))&&((global_options.x_target_flags&(1U<<12))!=0))?2047:0))
UNREADABLE-function-like	LABEL_ALIGN_AFTER_BARRIER	48	1	<NOT-EXPANDED:function-like>
DIVERGENT-OPTION-STATE	INT_FAST16_TYPE	48	12	((targetm_cdata.long_type_size)==64&&!((&global_options)->x_linux_libc==4)?"longint":"int")|(32>=16?"int":((16==16?"shortint":32==16?"int":(8)==16?"signedchar":0)?(16==16?"shortint":32==16?"int":(8)==16?"signedchar":0):(((targetm_cdata.long_type_size)==32)?"longint":32==32?"int":16==32?"shortint":(8)==32?"signedchar":0)?(((targetm_cdata.long_type_size)==32)?"longint":32==32?"int":16==32?"shortint":(8)==32?"signedchar":0):((targetm_cdata.long_type_size)==64?"longint":64==64?"longlongint":32==64?"int":0)?((targetm_cdata.long_type_size)==64?"longint":64==64?"longlongint":32==64?"int":0):0))|((targetm_cdata.bits_per_word)>=16?"int":((((8)*MIN(((mt_units_per_word())+1)/2,2))==16?"shortint":(targetm_cdata.bits_per_word)==16?"int":(8)==16?"signedchar":0)?(((8)*MIN(((mt_units_per_word())+1)/2,2))==16?"shortint":(targetm_cdata.bits_per_word)==16?"int":(8)==16?"signedchar":0):(((targetm_cdata.long_type_size)==32)?"longint":(targetm_cdata.bits_per_word)==32?"int":((8)*MIN(((mt_units_per_word())+1)/2,2))==32?"shortint":(8)==32?"signedchar":0)?(((targetm_cdata.long_type_size)==32)?"longint":(targetm_cdata.bits_per_word)==32?"int":((8)*MIN(((mt_units_per_word())+1)/2,2))==32?"shortint":(8)==32?"signedchar":0):((targetm_cdata.long_type_size)==64?"longint":((targetm_cdata.bits_per_word)*2)==64?"longlongint":(targetm_cdata.bits_per_word)==64?"int":0)?((targetm_cdata.long_type_size)==64?"longint":((targetm_cdata.bits_per_word)*2)==64?"longlongint":(targetm_cdata.bits_per_word)==64?"int":0):0))|((((global_options.x_target_flags&(1U<<6))!=0)?8:16)==16?"int":((((global_options.x_target_flags&(1U<<6))!=0)?8:16)==16?"int":"longint"))|(32>=16?"int":((16==16?"shortint":32==16?"int":8==16?"signedchar":0)?(16==16?"shortint":32==16?"int":8==16?"signedchar":0):(((targetm_cdata.long_type_size)==32)?"longint":32==32?"int":16==32?"shortint":8==32?"signedchar":0)?(((targetm_cdata.long_type_size)==32)?"longint":32==32?"int":16==32?"shortint":8==32?"signedchar":0):((targetm_cdata.long_type_size)==64?"longint":64==64?"longlongint":32==64?"int":0)?((targetm_cdata.long_type_size)==64?"longint":64==64?"longlongint":32==64?"int":0):0))|"shortint"|(32>=16?"int":((((8)*MIN(((mt_units_per_word())+1)/2,2))==16?"shortint":32==16?"int":(8)==16?"signedchar":0)?(((8)*MIN(((mt_units_per_word())+1)/2,2))==16?"shortint":32==16?"int":(8)==16?"signedchar":0):(((targetm_cdata.long_type_size)==32)?"longint":32==32?"int":((8)*MIN(((mt_units_per_word())+1)/2,2))==32?"shortint":(8)==32?"signedchar":0)?(((targetm_cdata.long_type_size)==32)?"longint":32==32?"int":((8)*MIN(((mt_units_per_word())+1)/2,2))==32?"shortint":(8)==32?"signedchar":0):((targetm_cdata.long_type_size)==64?"longint":64==64?"longlongint":32==64?"int":0)?((targetm_cdata.long_type_size)==64?"longint":64==64?"longlongint":32==64?"int":0):0))|((((global_options.x_target_flags&(1U<<4))!=0)?32:16)>=16?"int":((16==16?"shortint":(((global_options.x_target_flags&(1U<<4))!=0)?32:16)==16?"int":(8)==16?"signedchar":0)?(16==16?"shortint":(((global_options.x_target_flags&(1U<<4))!=0)?32:16)==16?"int":(8)==16?"signedchar":0):(((targetm_cdata.long_type_size)==32)?"longint":(((global_options.x_target_flags&(1U<<4))!=0)?32:16)==32?"int":16==32?"shortint":(8)==32?"signedchar":0)?(((targetm_cdata.long_type_size)==32)?"longint":(((global_options.x_target_flags&(1U<<4))!=0)?32:16)==32?"int":16==32?"shortint":(8)==32?"signedchar":0):((targetm_cdata.long_type_size)==64?"longint":64==64?"longlongint":(((global_options.x_target_flags&(1U<<4))!=0)?32:16)==64?"int":0)?((targetm_cdata.long_type_size)==64?"longint":64==64?"longlongint":(((global_options.x_target_flags&(1U<<4))!=0)?32:16)==64?"int":0):0))|((((global_options.x_target_flags&(1U<<7))!=0)?16:32)>=16?"int":((((8)*MIN(((mt_units_per_word())+1)/2,2))==16?"shortint":(((global_options.x_target_flags&(1U<<7))!=0)?16:32)==16?"int":(8)==16?"signedchar":0)?(((8)*MIN(((mt_units_per_word())+1)/2,2))==16?"shortint":(((global_options.x_target_flags&(1U<<7))!=0)?16:32)==16?"int":(8)==16?"signedchar":0):(((targetm_cdata.long_type_size)==32)?"longint":(((global_options.x_target_flags&(1U<<7))!=0)?16:32)==32?"int":((8)*MIN(((mt_units_per_word())+1)/2,2))==32?"shortint":(8)==32?"signedchar":0)?(((targetm_cdata.long_type_size)==32)?"longint":(((global_options.x_target_flags&(1U<<7))!=0)?16:32)==32?"int":((8)*MIN(((mt_units_per_word())+1)/2,2))==32?"shortint":(8)==32?"signedchar":0):((targetm_cdata.long_type_size)==64?"longint":((targetm_cdata.bits_per_word)*2)==64?"longlongint":(((global_options.x_target_flags&(1U<<7))!=0)?16:32)==64?"int":0)?((targetm_cdata.long_type_size)==64?"longint":((targetm_cdata.bits_per_word)*2)==64?"longlongint":(((global_options.x_target_flags&(1U<<7))!=0)?16:32)==64?"int":0):0))|((targetm_cdata.bits_per_word)>=16?"int":((((8)*MIN(((mt_units_per_word())+1)/2,2))==16?"shortint":(targetm_cdata.bits_per_word)==16?"int":(8)==16?"signedchar":0)?(((8)*MIN(((mt_units_per_word())+1)/2,2))==16?"shortint":(targetm_cdata.bits_per_word)==16?"int":(8)==16?"signedchar":0):(((targetm_cdata.long_type_size)==32)?"longint":(targetm_cdata.bits_per_word)==32?"int":((8)*MIN(((mt_units_per_word())+1)/2,2))==32?"shortint":(8)==32?"signedchar":0)?(((targetm_cdata.long_type_size)==32)?"longint":(targetm_cdata.bits_per_word)==32?"int":((8)*MIN(((mt_units_per_word())+1)/2,2))==32?"shortint":(8)==32?"signedchar":0):((targetm_cdata.long_type_size)==64?"longint":64==64?"longlongint":(targetm_cdata.bits_per_word)==64?"int":0)?((targetm_cdata.long_type_size)==64?"longint":64==64?"longlongint":(targetm_cdata.bits_per_word)==64?"int":0):0))|(16>=16?"int":((16==16?"shortint":16==16?"int":(8)==16?"signedchar":0)?(16==16?"shortint":16==16?"int":(8)==16?"signedchar":0):(((targetm_cdata.long_type_size)==32)?"longint":16==32?"int":16==32?"shortint":(8)==32?"signedchar":0)?(((targetm_cdata.long_type_size)==32)?"longint":16==32?"int":16==32?"shortint":(8)==32?"signedchar":0):((targetm_cdata.long_type_size)==64?"longint":64==64?"longlongint":16==64?"int":0)?((targetm_cdata.long_type_size)==64?"longint":64==64?"longlongint":16==64?"int":0):0))|((((global_options.x_target_flags&(1U<<6))==0)?16:32)>=16?"int":((16==16?"shortint":(((global_options.x_target_flags&(1U<<6))==0)?16:32)==16?"int":(8)==16?"signedchar":0)?(16==16?"shortint":(((global_options.x_target_flags&(1U<<6))==0)?16:32)==16?"int":(8)==16?"signedchar":0):(((targetm_cdata.long_type_size)==32)?"longint":(((global_options.x_target_flags&(1U<<6))==0)?16:32)==32?"int":16==32?"shortint":(8)==32?"signedchar":0)?(((targetm_cdata.long_type_size)==32)?"longint":(((global_options.x_target_flags&(1U<<6))==0)?16:32)==32?"int":16==32?"shortint":(8)==32?"signedchar":0):((targetm_cdata.long_type_size)==64?"longint":64==64?"longlongint":(((global_options.x_target_flags&(1U<<6))==0)?16:32)==64?"int":0)?((targetm_cdata.long_type_size)==64?"longint":64==64?"longlongint":(((global_options.x_target_flags&(1U<<6))==0)?16:32)==64?"int":0):0))
UNREADABLE-function-like	TARGET_CMOV	48	4	<NOT-EXPANDED:function-like>|ix86_arch_features[X86_ARCH_CMOV]|((global_options.x_target_flags&(1U<<4))!=0)|((global_options.x_target_flags&(1U<<0))!=0)
UNREADABLE-function-like	MAIN_STACK_BOUNDARY	48	2	<NOT-EXPANDED:function-like>|(((global_options.x_ix86_isa_flags&(HOST_WIDE_INT_1U<<1))!=0)?128:32)
UNREADABLE-function-like	ASM_OUTPUT_DWARF_DELTA	48	1	<NOT-EXPANDED:function-like>
UNREADABLE-function-like	TARGET_ASM_RECORD_GCC_SWITCHES	48	2	elf_record_gcc_switches|<NOT-EXPANDED:function-like>
UNREADABLE-function-like	REGNO_MODE_OK_FOR_BASE_P	48	1	<NOT-EXPANDED:function-like>
IDENTITY-BY-VALUE	CHAR_TYPE_SIZE	48	1	8
UNREADABLE-function-like	DWARF2_DEBUGGING_INFO	48	3	1||<NOT-EXPANDED:function-like>
DIVERGENT-OPTION-STATE	PIC_OFFSET_TABLE_REG_CALL_CLOBBERED	48	4	0|((global_options.x_target_flags&(1U<<9))!=0)|1|global_options.x_TARGET_FDPIC
DIVERGENT-OPTION-STATE	INDEX_REG_CLASS	48	18	((enumreg_class)targetm_regs->general_regs)|NO_REGS|((((global_options.x_target_flags&(1U<<4))!=0)&&!arm_arch_thumb2)?LO_REGS:((enumreg_class)targetm_regs->general_regs))|PREGS|((enumreg_class)targetm_regs->all_regs)|(csky_arch_isa_features[isa_bit_2E3]?((enumreg_class)targetm_regs->general_regs):NO_REGS)|REAL_REGS|GPR_REGS|VGPR_REGS|(((global_options.x_target_flags&(1U<<12))!=0)?((enumreg_class)targetm_regs->general_regs):NO_REGS)|INDEX_REGS|GR_REGS|((global_options.x_mn10300_processor>=PROCESSOR_AM33)?((enumreg_class)targetm_regs->general_regs):DATA_REGS)|GEN_REGS|riscv_index_reg_class()|V_REGS|ADDR_REGS|R0_REGS
UNREADABLE-function-like	EXTRA_SPECS	48	19	{"asm_cpu_spec","%{march=*:-march=%:rewrite_march(%{march=*:%*});""mcpu=*:-march=%:rewrite_mcpu(%{mcpu=*:%*})}"}|{"elf_dynamic_linker","%{muclibc:""/lib/ld-uClibc.so.0"";:""/lib/ld-linux.so.2""}"},|{"subtarget_cpp_spec",""},{"arc_tls_extra_start_spec","crttls.o%s"},|{"subtarget_cpp_spec","-D__USES_INITFINI__"},{"asm_cpu_spec","%{mfpu=auto:%<mfpu=auto%:asm_auto_mfpu(%{march=*:arch%*})}""%{mcpu=generic-*:-march=%:rewrite_march(%{mcpu=generic-*:%*});""march=*:-march=%:rewrite_march(%{march=*:%*});""mcpu=*:-mcpu=%:rewrite_mcpu(%{mcpu=*:%*})""}"},{"subtarget_extra_asm_spec","%{mabi=apcs-gnu|mabi=atpcs:-meabi=gnu;:-meabi=5}""%{mcpu=arm8|mcpu=arm810|mcpu=strongarm*""|march=armv4|mcpu=fa526|mcpu=fa626:--fix-v4bx}""%{mfdpic:--fdpic}"},{"subtarget_asm_float_spec","%{mapcs-float:-mfloat}"},|<NOT-EXPANDED:function-like>|{"cpp_subtarget","%{mbest-lib-options:%{!moverride-best-lib-options:%{!march=*:%{!metrax*:%{!mcpu=*:-D__tune_v""10""-D__CRIS_arch_tune=""10""}}}}}"},{"cc1_subtarget","-melf%{mbest-lib-options:%{!moverride-best-lib-options:%{!march=*:%{!mcpu=*:-mtune=v""10""-D__CRIS_arch_tune=""10""}}%{!finhibit-size-directive:%{!fno-function-sections:-ffunction-sections}%{!fno-data-sections:-fdata-sections}}}}"},{"asm_subtarget","--emulation=criself%{!march=*:%{!mcpu=*:""""}}"},{"link_subtarget","-mcriself%{sim2:%{!T*:-Tdata0x4000000-Tbss0x8000000}}%{!r:%{O2|O3:--gc-sections}}"},|{"epiphany_library_extra_spec",""},{"epiphany_library_build_spec","-ffixed-r40-ffixed-r41-ffixed-r42-ffixed-r43"},|{"cc1_cpu","""%{march=native:%>march=native%:local_cpu_detect(arch""%{""m64|mx32"":64;:32}"")%{!mtune=*:%>mtune=native%:local_cpu_detect(tune""%{""m64|mx32"":64;:32}"")}}%{mtune=native:%>mtune=native%:local_cpu_detect(tune""%{""m64|mx32"":64;:32}"")}"},|{"asm_extra","%{mno-gnu-as:-Nso}%{!mno-gnu-as:-x}"},|{"early_self_spec",""},{"subtarget_cc1_spec","%{profile:-p}"},{"subtarget_cpp_spec","%{posix:-D_POSIX_SOURCE}%{pthread:-D_REENTRANT}"},{"subtarget_asm_spec",""},|{"asm_cpu","%{m32r}%{m32rx}%{m32r2}%{!O0:%{O*:-O}}--no-warn-explicit-parallel-conflicts"},{"cpp_cpu","%{m32rx:-D__M32RX__-D__m32rx__-U__M32R2__-U__m32r2__}%{m32r2:-D__M32R2__-D__m32r2__-U__M32RX__-U__m32rx__}%{m32r:-U__M32RX__-U__m32rx__-U__M32R2__-U__m32r2__}"},{"cc1_cpu",""},{"link_cpu",""},{"startfile_cpu","%{!shared:crt0.o%s}%{m32rx:m32rx/crtinit.o%s}%{!m32rx:crtinit.o%s}"},{"endfile_cpu","-lgloss%{m32rx:m32rx/crtfini.o%s}%{!m32rx:crtfini.o%s}"},{"relax",""},|{"asm_cpu_spec","%{m68851}%{mno-68851}%{m68881}%{mno-68881}%{msoft-float:-mno-float}%{m68020-40:-m68040}%{m68020-60:-m68040}%{mcpu=*:-mcpu=%*}%{march=*:-march=%*}"},{"asm_pcrel_spec","%{"FPIE_OR_FPIC_SPEC":--pcrel}%{mpcrel:%{"NO_FPIE_AND_FPIC_SPEC":--pcrel}}%{msep-data|mid-shared-library:--pcrel}"},|{"target_asm_spec",""},{"startfile_executable","crt0.o%scrti.o%scrtbegin.o%s"},{"startfile_xmdstub","crt1.o%scrti.o%scrtbegin.o%s"},{"startfile_bootstrap","crt2.o%scrti.o%scrtbegin.o%s"},{"startfile_novectors","crt3.o%scrti.o%scrtbegin.o%s"},{"startfile_crtinit","%{!pg:%{!mno-clearbss:crtinit.o%s}%{mno-clearbss:sim-crtinit.o%s}}%{pg:%{!mno-clearbss:pgcrtinit.o%s}%{mno-clearbss:sim-pgcrtinit.o%s}}"},{"startfile_default","crt0.o%scrti.o%scrtbegin.o%s"},|{"subtarget_cc1_spec",""},{"subtarget_cpp_spec",""},{"subtarget_asm_debugging_spec","%{g}%{g0}%{g1}%{g2}%{g3}%{ggdb:-g}%{ggdb0:-g0}%{ggdb1:-g1}%{ggdb2:-g2}%{ggdb3:-g3}"},{"subtarget_asm_spec",""},{"asm_abi_default_spec","-""mabi=o64"},{"endian_spec","%{!EL:%{!mel:-EB}}%{EL|mel:-EL}"},|{"cpp_default",""},{"asm_cpu","%{mcpu=native:%(asm_cpu_native);mcpu=future:-mfuture;mcpu=power11:-mpower11;mcpu=power10:-mpower10;mcpu=power9:-mpower9;mcpu=power8|mcpu=powerpc64le:-mpower8;mcpu=power7:-mpower7;mcpu=power6x:-mpower6%{!mvsx:%{!maltivec:-maltivec}};mcpu=power6:-mpower6%{!mvsx:%{!maltivec:-maltivec}};mcpu=power5+:-mpower5;mcpu=power5:-mpower5;mcpu=power4:-mpower4;mcpu=power3:-mppc64;mcpu=powerpc:-mppc;mcpu=powerpc64:-mppc64;mcpu=a2:-ma2;mcpu=cell:-mcell;mcpu=rs64:-mppc64;mcpu=401:-mppc;mcpu=403:-m403;mcpu=405:-m405;mcpu=405fp:-m405;mcpu=440:-m440;mcpu=440fp:-m440;mcpu=464:-m440;mcpu=464fp:-m440;mcpu=476:-m476;mcpu=476fp:-m476;mcpu=505:-mppc;mcpu=601:-m601;mcpu=602:-mppc;mcpu=603:-mppc;mcpu=603e:-mppc;mcpu=ec603e:-mppc;mcpu=604:-mppc;mcpu=604e:-mppc;mcpu=620:-mppc64;mcpu=630:-mppc64;mcpu=740:-mppc;mcpu=750:-mppc;mcpu=G3:-mppc;mcpu=7400:-mppc%{!mvsx:%{!maltivec:-maltivec}};mcpu=7450:-mppc%{!mvsx:%{!maltivec:-maltivec}};mcpu=G4:-mppc%{!mvsx:%{!maltivec:-maltivec}};mcpu=801:-mppc;mcpu=821:-mppc;mcpu=823:-mppc;mcpu=860:-mppc;mcpu=970:-mpower4%{!mvsx:%{!maltivec:-maltivec}};mcpu=G5:-mpower4%{!mvsx:%{!maltivec:-maltivec}};mcpu=8540:-me500;mcpu=8548:-me500;mcpu=e300c2:-me300;mcpu=e300c3:-me300;mcpu=e500mc:-me500mc;mcpu=e500mc64:-me500mc64;mcpu=e5500:-me5500;mcpu=e6500:-me6500;mcpu=titan:-mtitan;!mcpu*:%{mcrypto|mdirect-move|mhtm:-mpower8;mvsx:-mpower7;mpowerpc64:-mppc64;:%(asm_default)};:%eMissing-mcpuoptioninASM_CPU_SPEC?\n}%{mvsx:-mvsx-maltivec;maltivec:-maltivec}""-many"},{"asm_cpu_native","%(asm_default)"},{"asm_default","-mpower4"""},{"cc1_cpu",""},{"crtsavres_default",""},{"lib_ads","--start-group-lads-lc--end-group"},{"lib_yellowknife","--start-group-lyk-lc--end-group"},{"lib_mvme","--start-group-lmvme-lc--end-group"},{"lib_sim","--start-group-lsim-lc--end-group"},{"lib_freebsd","%{!shared:""%{!pg:%{pthread:-lpthread}-lc}""%{pg:%{pthread:-lpthread}-lc_p}""}%{shared:%{pthread:-lpthread}-lc}"},{"lib_linux","%{mnewlib:--start-group-llinux-lc--end-group;:""%{pthread:-lpthread}""%{shared:-lc}%{!shared:%{profile:-lc_p}%{!profile:-lc}}""}"},{"lib_netbsd","-lc"},{"lib_openbsd","%{!shared:%{pthread:-lpthread%{p:_p}%{!p:%{pg:_p}}}}%{!shared:-lc%{p:_p}%{!p:%{pg:_p}}}"},{"lib_default","%(lib_linux)"},{"startfile_ads","ecrti.o%scrt0.o%scrtbegin.o%s"},{"startfile_yellowknife","ecrti.o%scrt0.o%scrtbegin.o%s"},{"startfile_mvme","ecrti.o%scrt0.o%scrtbegin.o%s"},{"startfile_sim","ecrti.o%ssim-crt0.o%scrtbegin.o%s"},{"startfile_freebsd","%{!shared:%{pg:gcrt1.o%s}%{!pg:%{p:gcrt1.o%s}%{!p:%{profile:gcrt1.o%s}%{!profile:%{pie:Scrt1.o%s;:crt1.o%s}}}}}crti.o%s%{static:crtbeginT.o%s;shared|pie:crtbeginS.o%s;:crtbegin.o%s}"},{"startfile_linux","%{shared:;pg|p|profile:%{static-pie:grcrt1.o%s;:gcrt1.o%s};static:crt1.o%s;static-pie:rcrt1.o%s;"PIE_SPEC":Scrt1.o%s;:crt1.o%s}""%{mnewlib:ecrti.o%s;:crti.o%s}""%{static:crtbeginT.o%s;shared|static-pie|"PIE_SPEC":crtbeginS.o%s;:crtbegin.o%s}%{fvtable-verify=none:%s;fvtable-verify=preinit:vtv_start_preinit.o%s;fvtable-verify=std:vtv_start.o%s}"""},{"startfile_netbsd","ncrti.o%scrt0.o%s%{!shared:crtbegin.o%s}%{shared:crtbeginS.o%s}"},{"startfile_openbsd","%{!shared:%{pg:gcrt0.o%s}%{!pg:%{p:gcrt0.o%s}%{!p:crt0.o%s}}}%{!shared:crtbegin.o%s}%{shared:crtbeginS.o%s}"},{"startfile_default","%(startfile_linux)"},{"endfile_ads","crtend.o%secrtn.o%s"},{"endfile_yellowknife","crtend.o%secrtn.o%s"},{"endfile_mvme","crtend.o%secrtn.o%s"},{"endfile_sim","crtend.o%secrtn.o%s"},{"endfile_freebsd","%{shared|pie:crtendS.o%s;:crtend.o%s}crtn.o%s"},{"endfile_linux","%{!static:%{fvtable-verify=none:%s;fvtable-verify=preinit:vtv_end_preinit.o%s;fvtable-verify=std:vtv_end.o%s}}%{static:crtend.o%s;shared|static-pie|"PIE_SPEC":crtendS.o%s;:crtend.o%s}""%{mnewlib:ecrtn.o%s;:crtn.o%s}"""""},{"endfile_netbsd","%{!shared:crtend.o%s}%{shared:crtendS.o%s}ncrtn.o%s"},{"endfile_openbsd","%{!shared:crtend.o%s}%{shared:crtendS.o%s}"},{"endfile_default","%(endfile_linux)"},{"link_shlib","%{shared:-shared}%{!shared:%{static:-static}}%{static-pie:-static-pie--no-dynamic-linker-ztext}"},{"link_start","%{mads:%(link_start_ads);myellowknife:%(link_start_yellowknife);mmvme:%(link_start_mvme);msim:%(link_start_sim);mcall-freebsd:%(link_start_freebsd);mcall-linux:%(link_start_linux);mcall-netbsd:%(link_start_netbsd);mcall-openbsd:%(link_start_openbsd);:%(link_start_default)}"},{"link_start_ads","-Tads.ld%s"},{"link_start_yellowknife","-Tyellowknife.ld%s"},{"link_start_mvme","-Ttext0x40000"},{"link_start_sim",""},{"link_start_freebsd",""},{"link_start_linux",""},{"link_start_netbsd",""},{"link_start_openbsd","-Ttext0x400074"},{"link_start_default","%(link_start_linux)"},{"link_os","%{mads:%(link_os_ads);myellowknife:%(link_os_yellowknife);mmvme:%(link_os_mvme);msim:%(link_os_sim);mcall-freebsd:%(link_os_freebsd);mcall-linux:%(link_os_linux);mcall-netbsd:%(link_os_netbsd);mcall-openbsd:%(link_os_openbsd);:%(link_os_default)}"},{"link_os_ads",""},{"link_os_yellowknife",""},{"link_os_mvme",""},{"link_os_sim","-melf32ppcsim"},{"link_os_freebsd","%{p:%nconsiderusing'-pg'insteadof'-p'withgprof(1)}""""%{v:-V}%{assert*}%{R*}%{rpath*}%{defsym*}%{shared:-Bshareable%{h*}%{soname*}}%{!shared:%{!static:%{rdynamic:-export-dynamic}-dynamic-linker%(fbsd_dynamic_linker)}%{static:-Bstatic}}%{symbolic:-Bsymbolic}"},{"link_os_linux","%{!m64:%(link_os_linux_spec32)}%{m64:%(link_os_linux_spec64)}"},{"link_os_netbsd","%{!shared:%{!static:%{rdynamic:-export-dynamic}-dynamic-linker/usr/libexec/ld.elf_so}}"},{"link_os_openbsd",""},{"link_os_default","%(link_os_linux)"},{"cc1_secure_plt_default",""},{"link_secure_plt","%{!m64:""""}"},{"cpp_os_ads",""},{"cpp_os_yellowknife",""},{"cpp_os_mvme",""},{"cpp_os_sim",""},{"cpp_os_freebsd","-D__PPC__-D__ppc__-D__PowerPC__-D__powerpc__-Acpu=powerpc-Amachine=powerpc"},{"cpp_os_linux","%{pthread:-D_REENTRANT}"},{"cpp_os_netbsd","-D__powerpc__-D__NetBSD__-D__KPRINTF_ATTRIBUTE__"},{"cpp_os_openbsd","%{posix:-D_POSIX_SOURCE}%{pthread:-D_POSIX_THREADS}"},{"cpp_os_default","%(cpp_os_linux)%(include_extra)"},{"fbsd_dynamic_linker","/usr/libexec/ld-elf.so.1"},{"asm_spec_common","%(asm_cpu)%{,assembler|,assembler-with-cpp:%{mregnames}%{mno-regnames}}""%{mlittle|mlittle-endian:""-mlittle"";""mbig|mbig-endian:""-mbig"";""mcall-i960-old:""-mlittle"";"":""-mbig""}"},{"asm_spec32","-a32%{mrelocatable}%{mrelocatable-lib}%{"FPIE_OR_FPIC_SPEC":-KPIC}%{memb|msdata=eabi:-memb}"},{"asm_spec64","-a64"},{"link_os_linux_spec32","%{mlittle|mlittle-endian:""-melf32lppclinux"";""mbig|mbig-endian:""-melf32ppclinux"";""mcall-i960-old:""-melf32lppclinux"";"":""-melf32ppclinux""}""%{!shared:%{!static:%{!static-pie:%{rdynamic:-export-dynamic}-dynamic-linker""%{""muclibc"":""/lib/ld-uClibc.so.0"";:%{""mbionic"":""/system/bin/linker"";:%{""mmusl"":""/lib/ld-musl-powerpc""%{mlittle|mlittle-endian:""le"";""mbig|mbig-endian:"""";""mcall-i960-old:""le"";"":""""}""%{msoft-float:-sf}.so.1"";:""%(dynamic_linker_prefix)/lib/ld.so.1""}}}""}}}%(link_os_extra_spec32)"},{"link_os_linux_spec64","%{mlittle|mlittle-endian:""-melf64lppc"";""mbig|mbig-endian:""-melf64ppc"";""mcall-i960-old:""-melf64lppc"";"":""-melf64ppc""}""%{!shared:%{!static:%{!static-pie:%{rdynamic:-export-dynamic}-dynamic-linker""%{""muclibc"":""/lib/ld64-uClibc.so.0"";:%{""mbionic"":""/system/bin/linker64"";:%{""mmusl"":""/lib/ld-musl-powerpc64""%{mlittle|mlittle-endian:""le"";""mbig|mbig-endian:"""";""mcall-i960-old:""le"";"":""""}""%{msoft-float:-sf}.so.1"";:""%{mabi=elfv2:%(dynamic_linker_prefix)/lib64/ld64.so.2;"":%(dynamic_linker_prefix)/lib64/ld64.so.1}""}}}""}}}%(link_os_extra_spec64)"},{"link_os_extra_spec32",""},{"link_os_extra_spec64",""},{"link_os_new_dtags",""},{"include_extra",""},{"dynamic_linker_prefix",""},|{"subtarget_cpp_spec",""},{"link_emul_prefix","sh%{ml:l}elf"},{"link_default_cpu_emul",""},{"subtarget_link_emul_suffix","%{mfdpic:_fd}"},{"subtarget_link_spec",""},{"subtarget_asm_endian_spec","%{ml:-little}%{!ml:-big}"},{"subtarget_asm_relax_spec","%{m4*:-isa=sh4-up}"},{"subtarget_asm_isa_spec",""},{"subtarget_asm_spec","%{mfdpic:--fdpic}"},|{"cpp_cpu","%{mcpu=sparclet:-D__sparclet__}%{mcpu=tsc701:-D__sparclet__}%{mcpu=sparclite:-D__sparclite__}%{mcpu=f930:-D__sparclite__}%{mcpu=f934:-D__sparclite__}%{mcpu=sparclite86x:-D__sparclite86x__}%{mcpu=v8:-D__sparc_v8__}%{mcpu=supersparc:-D__supersparc__-D__sparc_v8__}%{mcpu=hypersparc:-D__hypersparc__-D__sparc_v8__}%{mcpu=leon:-D__leon__-D__sparc_v8__}%{mcpu=leon3:-D__leon__-D__sparc_v8__}%{mcpu=leon5:-D__leon__-D__sparc_v8__}%{mcpu=leon3v7:-D__leon__}%{mcpu=v9:-D__sparc_v9__}%{mcpu=ultrasparc:-D__sparc_v9__}%{mcpu=ultrasparc3:-D__sparc_v9__}%{mcpu=niagara:-D__sparc_v9__}%{mcpu=niagara2:-D__sparc_v9__}%{mcpu=niagara3:-D__sparc_v9__}%{mcpu=niagara4:-D__sparc_v9__}%{mcpu=niagara7:-D__sparc_v9__}%{mcpu=m8:-D__sparc_v9__}%{!mcpu*:%(cpp_cpu_default)}"},{"cpp_cpu_default",(((((1U<<29)+(1U<<0)+(1U<<11)+(1U<<12)+(1U<<16)+(1U<<1)+(1U<<6)+(1U<<9))&(1U<<0))==0)?"%{m64:""-D__sparc_v9__""}%{!m64:""""}":"%{m32:""""}%{!m32:""-D__sparc_v9__""}")},{"cpp_arch32",""},{"cpp_arch64","-D__arch64__"},{"cpp_arch_default",(((((1U<<29)+(1U<<0)+(1U<<11)+(1U<<12)+(1U<<16)+(1U<<1)+(1U<<6)+(1U<<9))&(1U<<0))==0)?"":"-D__arch64__")},{"cpp_arch","%{m32:%(cpp_arch32)}%{m64:%(cpp_arch64)}%{!m32:%{!m64:%(cpp_arch_default)}}"},{"cpp_other","%{mflat:-D_FLAT}%{msoft-float:-D_SOFT_FLOAT}"},{"cpp_subtarget","%{posix:-D_POSIX_SOURCE}%{pthread:-D_REENTRANT}"},{"asm_cpu","%{mcpu=sparclet:-Asparclet}%{mcpu=tsc701:-Asparclet}%{mcpu=sparclite:-Asparclite}%{mcpu=sparclite86x:-Asparclite}%{mcpu=f930:-Asparclite}%{mcpu=f934:-Asparclite}%{mcpu=v8:-Av8}%{mcpu=supersparc:-Av8}%{mcpu=hypersparc:-Av8}%{mcpu=leon:""-Aleon""}%{mcpu=leon3:""-Aleon""}%{mcpu=leon5:""-Aleon""}%{mcpu=leon3v7:""-Aleon""}%{mv8plus:-Av8plus}%{mcpu=v9:-Av9}%{mcpu=ultrasparc:%{!mv8plus:-Av9a}}%{mcpu=ultrasparc3:%{!mv8plus:-Av9b}}%{mcpu=niagara:%{!mv8plus:-Av9b}}%{mcpu=niagara2:%{!mv8plus:-Av9b}}%{mcpu=niagara3:%{!mv8plus:-Av9d}}%{mcpu=niagara4:%{!mv8plus:-xarch=sparc4}}%{mcpu=niagara7:%{!mv8plus:-xarch=sparc5}}%{mcpu=m8:%{!mv8plus:-xarch=sparc6}}%{!mcpu*:%(asm_cpu_default)}"},{"asm_cpu_default",(((((1U<<29)+(1U<<0)+(1U<<11)+(1U<<12)+(1U<<16)+(1U<<1)+(1U<<6)+(1U<<9))&(1U<<0))==0)?"%{m64:""-Av9a""}%{!m64:""""}":"%{m32:""""}%{!m32:""-Av9a""}")},{"asm_arch32","-32"},{"asm_arch64","-64-no-undeclared-regs"},{"asm_relax","%{!mno-relax:-relax}"},{"asm_arch_default",(((((1U<<29)+(1U<<0)+(1U<<11)+(1U<<12)+(1U<<16)+(1U<<1)+(1U<<6)+(1U<<9))&(1U<<0))==0)?"-32":"-64-no-undeclared-regs")},{"asm_arch","%{m32:%(asm_arch32)}%{m64:%(asm_arch64)}%{!m32:%{!m64:%(asm_arch_default)}}"},{"link_arch32","-melf32_sparc%{shared:-shared}%{!shared:%{!static:%{rdynamic:-export-dynamic}-dynamic-linker""%{""muclibc"":""/lib/ld-uClibc.so.0"";:%{""mbionic"":""/system/bin/linker"";:%{""mmusl"":""/dev/null"";:""/lib/ld-linux.so.2""}}}""}%{static:-static}}"},{"link_arch64","-melf64_sparc%{shared:-shared}%{!shared:%{!static:%{rdynamic:-export-dynamic}-dynamic-linker""%{""muclibc"":""/lib/ld64-uClibc.so.0"";:%{""mbionic"":""/system/bin/linker64"";:%{""mmusl"":""/dev/null"";:""/lib64/ld-linux.so.2""}}}""}%{static:-static}}"},{"link_arch_default",(((((1U<<29)+(1U<<0)+(1U<<11)+(1U<<12)+(1U<<16)+(1U<<1)+(1U<<6)+(1U<<9))&(1U<<0))==0)?"-melf32_sparc%{shared:-shared}%{!shared:%{!static:%{rdynamic:-export-dynamic}-dynamic-linker""%{""muclibc"":""/lib/ld-uClibc.so.0"";:%{""mbionic"":""/system/bin/linker"";:%{""mmusl"":""/dev/null"";:""/lib/ld-linux.so.2""}}}""}%{static:-static}}":"-melf64_sparc%{shared:-shared}%{!shared:%{!static:%{rdynamic:-export-dynamic}-dynamic-linker""%{""muclibc"":""/lib/ld64-uClibc.so.0"";:%{""mbionic"":""/system/bin/linker64"";:%{""mmusl"":""/dev/null"";:""/lib64/ld-linux.so.2""}}}""}%{static:-static}}")},{"link_arch","%{m32:%(link_arch32)}%{m64:%(link_arch64)}%{!m32:%{!m64:%(link_arch_default)}}"},|{"subtarget_asm_spec","%{!mv*:-mv850e1}"},{"subtarget_cpp_spec","%{!mv*:-D__v850e1__}%{mv850e1:-D__v850e1__}"}|{"subtarget_cpp_spec",""},
DIVERGENT-BY-VALUE	DEFAULT_SIGNED_CHAR	48	2	0|1
UNREADABLE-function-like	ASM_FORMAT_PRIVATE_NAME	48	1	<NOT-EXPANDED:function-like>
DIVERGENT-OPTION-STATE	USER_LABEL_PREFIX	48	2	""|"_"
UNREADABLE-function-like	TARGET_CPU_DEFAULT	48	16	AARCH64_CPU_generic_armv8_a|0|PROCESSOR_hs38_linux|"arm7tdmi"|<NOT-EXPANDED:function-like>|TARGET_CPU_ck810f|PROCESSOR_GENERIC|(0|(1U<<5)|(1U<<6))|m68020|((1U<<27))|(0|(1U<<3))|(((1U<<8)|(1U<<9)|(1U<<4)))|((char*)0)|(((1U<<0)))|11|3
UNREADABLE-function-like	MATH_LIBRARY	48	2	<NOT-EXPANDED:function-like>|""
DIVERGENT-OPTION-STATE	LONG_LONG_ACCUM_TYPE_SIZE	48	4	(((8)*8)*2)|64|((la_target.isa.base==ISA_BASE_LA64)?128:64)|(((global_options.x_target_flags&(1U<<12))!=0)?128:64)
UNREADABLE-function-like	HAVE_LOCAL_CPU_DETECT	48	2	<NOT-EXPANDED:function-like>|
UNREADABLE-function-like	TARGET_SDATA_DEFAULT	48	2	<NOT-EXPANDED:function-like>|1
UNREADABLE-function-like	SYSROOT_SUFFIX_SPEC	48	2	<NOT-EXPANDED:function-like>|"""%{m1:/m1;""m2:/m2;""m2e:/m2e;""m4:/m4;""m4-single:/m4-single;""m4-single-only:/m4-single-only;""m2a:/m2a;""m2a-single:/m2a-single;"":}"
DIVERGENT-OPTION-STATE	TARGET_MEM_CONSTRAINT	48	3	'm'|'w'|'e'
DIVERGENT-OPTION-STATE	RETURN_ADDR_IN_PREVIOUS_FRAME	48	3	0|1|global_options.x_xtensa_windowed_abi
UNREADABLE-function-like	ASM_OUTPUT_POOL_EPILOGUE	48	2	aarch64_asm_output_pool_epilogue|<NOT-EXPANDED:function-like>
UNREADABLE-function-like	TARGET_DEFAULT	48	17	<NOT-EXPANDED:function-like>|1U<<6|((1U<<15)|0)|0|((1U<<6)+(1U<<7)+(1U<<1)+(1U<<2)+(1U<<5))|((1U<<3)|(1U<<7))|((1U<<3))|((1U<<5)|(1U<<4)|(1U<<6)|(1U<<0)|(1U<<2))|((1U<<17)|(1U<<16)|(1U<<1)|0)|((1U<<2)|(1U<<1)|(1U<<6))|1U<<4|((HOST_WIDE_INT_1U<<41)|(HOST_WIDE_INT_1U<<42)|(HOST_WIDE_INT_1U<<20)|(HOST_WIDE_INT_1U<<43)|(HOST_WIDE_INT_1U<<0))|((1U<<2)|(1U<<4)|(1U<<9))|((((1U<<0)))|0|0)|((1U<<29)+(1U<<0)+(1U<<11)+(1U<<12)+(1U<<16)+(1U<<1)+(1U<<6)+(1U<<9))|((1U<<3)|(1U<<0))|((1U<<5))
UNREADABLE-function-like	TARGET_64BIT_MS_ABI	48	2	<NOT-EXPANDED:function-like>|(((global_options.x_ix86_isa_flags&(HOST_WIDE_INT_1U<<1))!=0)&&ix86_cfun_abi()==MS_ABI)
UNREADABLE-function-like	READ_CAN_USE_WRITE_PREFETCH	48	2	<NOT-EXPANDED:function-like>|1
UNREADABLE-function-like	LOGICAL_OP_NON_SHORT_CIRCUIT	48	5	<NOT-EXPANDED:function-like>|false|((global_options.x_optimize_size)?(((global_options.x_target_flags&(1U<<4))!=0)?false:true):((global_options.x_target_flags&(1U<<4))!=0)?static_cast<bool>(current_tune->logical_op_non_short_circuit_thumb):static_cast<bool>(current_tune->logical_op_non_short_circuit_arm))|(csky_default_logical_op_non_short_circuit())|0
UNREADABLE-function-like	LIBSTDCXX	48	2	<NOT-EXPANDED:function-like>|"gcc"
UNREADABLE-function-like	ASM_OUTPUT_DWARF_OFFSET	48	1	<NOT-EXPANDED:function-like>
UNREADABLE-function-like	FLOAT_LIB_COMPARE_RETURNS_BOOL	48	1	<NOT-EXPANDED:function-like>
UNREADABLE-function-like	EXTRA_SPEC_FUNCTIONS	48	9	{"rewrite_march",aarch64_rewrite_march},{"rewrite_mcpu",aarch64_rewrite_mcpu},{"is_local_not_armv8_base",is_host_cpu_not_armv8_base},|<NOT-EXPANDED:function-like>|{"cpu_to_as",arc_cpu_to_as},|{"rewrite_mcpu",arm_rewrite_mcpu},{"rewrite_march",arm_rewrite_march},{"asm_auto_mfpu",arm_asm_auto_mfpu},{"canon_arch",arm_canon_arch_option},{"canon_arch_multilib",arm_canon_arch_multilib_option},{"target_mode_check",arm_target_mode},{"be8_linkopt",arm_be8_option},|{"double-lib",avr_double_lib},{"no-devlib",avr_no_devlib},{"device-specs-file",avr_devicespecs_file},|{"local_cpu_detect",host_detect_local_cpu},|{"driver_init",la_driver_init},{"set_m_parm",driver_set_m_parm},{"set_no_link",driver_set_no_link},{"get_normalized_m_opts",driver_get_normalized_m_opts},|{"msp430_hwmult_lib",msp430_select_hwmult_lib},{"msp430_select_cpu",msp430_select_cpu},{"msp430_set_driver_var",msp430_set_driver_var},{"msp430_check_path_for_devices",msp430_check_path_for_devices},{"msp430_propagate_region_opt",msp430_propagate_region_opt},{"msp430_get_linker_devices_include_path",msp430_get_linker_devices_include_path},|{"riscv_expand_arch",riscv_expand_arch},{"riscv_expand_arch_from_cpu",riscv_expand_arch_from_cpu},{"riscv_default_mtune",riscv_default_mtune},{"riscv_multi_lib_check",riscv_multi_lib_check},{"riscv_arch_help",riscv_arch_help},
UNREADABLE-function-like	FRAME_ADDR_RTX	48	1	<NOT-EXPANDED:function-like>
UNREADABLE-function-like	ASM_OUTPUT_ALIGNED_DECL_COMMON	48	2	<NOT-EXPANDED:function-like>|mips_output_aligned_decl_common
UNREADABLE-function-like	VECTOR_STORE_FLAG_VALUE	48	1	<NOT-EXPANDED:function-like>
UNREADABLE-function-like	SECONDARY_OUTPUT_RELOAD_CLASS	48	1	<NOT-EXPANDED:function-like>
UNREADABLE-function-like	PAD_VARARGS_DOWN	48	6	0|<NOT-EXPANDED:function-like>|(((global_options.x_arm_abi!=ARM_ABI_APCS&&global_options.x_arm_abi!=ARM_ABI_ATPCS))?0:(targetm_cdata.bytes_big_endian))|!(targetm_cdata.bytes_big_endian)|(targetm.calls.function_arg_padding(TYPE_MODE(type),type)==PAD_DOWNWARD)|(!AGGREGATE_TYPE_P(type)&&TREE_CODE(type)!=COMPLEX_TYPE&&TREE_CODE(type)!=VECTOR_TYPE)
UNREADABLE-function-like	MACH_DEP_SECTION_ASM_FLAG	48	2	<NOT-EXPANDED:function-like>|'l'
UNREADABLE-function-like	LABEL_ALIGN	48	1	<NOT-EXPANDED:function-like>
UNREADABLE-function-like	GCC_DRIVER_HOST_INITIALIZATION	48	2	<NOT-EXPANDED:function-like>|do{char*tooldir,*archdir;tooldir=concat(tooldir_base_prefix,spec_machine,dir_separator_str,NULL);if(!IS_ABSOLUTE_PATH(tooldir))tooldir=concat(standard_exec_prefix,spec_machine,dir_separator_str,spec_version,dir_separator_str,tooldir,NULL);archdir=concat(tooldir,"arch",dir_separator_str,NULL);add_prefix(&startfile_prefixes,concat(archdir,"lib",dir_separator_str,NULL),"GCC",PREFIX_PRIORITY_LAST,0,1);add_prefix(&include_prefixes,archdir,"GCC",PREFIX_PRIORITY_LAST,0,0);}while(0)
UNREADABLE-function-like	FINAL_PRESCAN_INSN	48	2	<NOT-EXPANDED:function-like>|c6x_final_prescan_insn
UNREADABLE-function-like	CLZ_DEFINED_VALUE_AT_ZERO	48	1	<NOT-EXPANDED:function-like>
UNREADABLE-function-like	STACK_DYNAMIC_OFFSET	48	1	<NOT-EXPANDED:function-like>
UNREADABLE-function-like	ASM_OUTPUT_DEBUG_LABEL	48	1	<NOT-EXPANDED:function-like>
UNREADABLE-function-like	LINK_GCC_C_SEQUENCE_SPEC	48	6	"%{static|static-pie:--start-group}%G%{!nolibc:"LINK_LIBATOMIC_SPEC"%L}%{static|static-pie:--end-group}%{!static:%{!static-pie:%G}}"|"--start-group%G%{!specs=*:%{!nolibc:-lc-lnosys}}--end-group"|"--start-group%G%{!nolibc:"LINK_LIBATOMIC_SPEC"%L}--end-group"|"%{mfast-fp:-lbffastfp}%G%{!nolibc:%L}%{mfast-fp:-lbffastfp}%G"|<NOT-EXPANDED:function-like>|"%{mads|myellowknife|mmvme|msim:%G"LINK_LIBATOMIC_SPEC"%L%G;""!mcall-*|mcall-linux:""%{static|static-pie:--start-group}%G%{!nolibc:"LINK_LIBATOMIC_SPEC"%L}%{static|static-pie:--end-group}%{!static:%{!static-pie:%G}}"";"":%G"LINK_LIBATOMIC_SPEC"%L%G}"
UNREADABLE-function-like	OPTIMIZE_MODE_SWITCHING	48	1	<NOT-EXPANDED:function-like>
DIVERGENT-BY-VALUE	LONG_FRACT_TYPE_SIZE	48	2	((8)*4)|32
UNREADABLE-function-like	ASM_OUTPUT_CASE_LABEL	48	1	<NOT-EXPANDED:function-like>
UNREADABLE-function-like	CALL_USED_REGISTERS	48	37	<NOT-EXPANDED:function-like>|{1,1,1,1,1,1,1,1,1,0,0,0,0,0,0,0,1,1,1,1,1,1,1,1,1,1,0,1,1,1,1,1,1,1,0,0,0,0,0,0,0,0,1,1,1,1,1,1,1,1,1,1,1,1,1,1,1,1,1,1,1,1,1,1}|{1,1,1,1,1,1,1,1,1,1,1,1,1,0,0,0,0,0,0,0,0,0,0,0,0,0,1,0,1,1,1,1,1,1,1,1,1,1,1,1,1,1,1,1,1,1,1,1,1,1,1,1,1,1,1,1,1,1,1,1,1,1,1,1,0,0,0,0,0,0,0,0,0,0,0,0,0,0,0,0,0,0,0,0,0,0,0,0,1,1,1,1,1,1,1,1,1,1,1,1,1,1,1,1,1,1,1,1,1,1,1,1,1,1,1,1,1,1,1,1,1,1,1,1,1,1,1,1,0,0,0,0,0,0,0,0,0,0,0,0,0,0,0,0,1,1}|{1,1,1,1,0,0,0,0,0,0,0,0,1,1,1,1,1,1,1,1,1,1,1,1,1,1,1,1,1,1,1,1,1,1,1,1,1,1,1,1,1,1,1,1,1,1,1,1,1,1,1,1,1,1,1,1,1,1,1,1,1,1,1,1,1,1,1,1,1,1,1,1,1,1,1,1,1,1,1,1,1,1,1,1,1,1,1,1}|{1,1,0,0,0,0,0,0,0,0,0,0,0,0,0,0,0,0,1,1,1,1,1,1,1,1,1,1,0,0,1,1,1,1,1,1,1}|{1,1,1,1,0,0,0,0,1,1,1,0,0,0,1,0,1,1,1,1,1,1,1,1,1,1,1,1,1,1,1,1,1,1,1,1,1,1,1,1,1,1,1,1,1,1,1,1,1,1}|{1,1,1,1,1,1,0,0,0,1,1,1,1}|{1,1,1,1,1,1,1,1,1,1,0,0,0,0,0,0,1,1,1,1,1,1,1,1,1,1,1,1,1,1,1,1,1,1,1,1,1,1,1,1,1,1,0,0,0,0,1,1,1,1,1,1,1,1,1,1,1,1,1,1,1,1,1,1,1,1,1}|{0,0,0,0,0,0,0,0,0,1,1,1,1,1,1,1,0,1,1,1,1}|{1,1,1,1,0,0,0,0,0,0,0,0,1,1,1,0,1,1,1,1,1,1,1,1,1,1,1,1,1,1,1,1,0,0,0,0,0,0,0,0,0,0,0,0,1,1,1,1,1,1,1,1,1,1,1,1,1,1,1,1,1,1,1,1,1,1,1,1,1,1,1,1,1,1,1,1,1,1,}|{1,1,1,1,1,1,1,1,0,0,0,0,1,1,0,1,1,1,1,1,1}|{1,1,1,1,1,1,1,1,1,1,1,1,1,1,1,1,1,1,0,0,0,0,0,0,0,0,0,0,1,1,1,1,1,1,1,1,1,1,1,1,1,1,1,1,1,1,1,1,0,0,0,0,0,0,0,0,0,0,0,0,0,0,0,0,1,1,1,1,1,1,1,1,1,1,1,1,1,1,1,1,0,0,0,0,0,0,0,0,0,0,0,0,0,0,0,0,1,1,1,1,1,1,1,1,1,1,1,1,1,1,1,1,0,0,0,0,0,0,0,0,0,0,0,0,0,0,0,0,1,1,1,1,1,1,1,1,1,1,1,1,1,1,1,1,1,1,1,1,1,1,1,1,1,1,1,1,1,1,1,1,1,1,1,1,1,1,1,1,1,1,1,1,1}|{1,1,1,1,1,1,1,1,1,1,1,1,1,1,1,0,0,0,0,0,0,0,0,0,0,0,0,0,0,0,1,1,1,1,1,1}|{1,1,1,1,1,1,1,1,1,1,1,1,1,1,0,0,1,1,1,1,1,1,1,1,1,1,1,1,1,1,1,1,0,0,0,0,0,0,0,0,0,0,0,0,0,0,0,0,0,0,0,0,0,0,0,0,0,0,0,0,0,0,0,0,0,0,0,0,0,0,0,0,0,0,0,0,0,0,0,0,0,0,0,0,0,0,0,0,0,0,0,0,0,0,0,0,1,1,1,1,1,1,1,1,1,1,1,1,1,1,1,1,1,1,1,1,1,1,1,1,1,1,1,1,1,1,1,1,1,1,1,1,1,1,1,1,1,1,1,1,1,1,1,1,1,1,1,1,1,1,1,1,1,1,1,1,1,1,1,1,1,1,1,1,1,1,1,1,1,1,1,1,1,1,1,1,0,0,0,0,0,0,0,0,0,0,0,0,0,0,0,0,0,0,0,0,0,0,0,0,0,0,0,0,0,0,0,0,0,0,0,0,0,0,0,0,0,0,0,0,0,0,0,0,0,0,0,0,0,0,0,0,0,0,0,0,0,0,0,0,0,0,0,0,0,0,0,0,0,0,0,0,0,0,0,0,0,0,0,0,0,0,0,0,0,0,0,0,0,0,0,0,0,0,0,0,0,0,0,0,0,0,0,0,0,0,0,0,0,0,0,0,0,0,0,0,0,0,0,0,0,0,0,0,0,0,0,0,0,0,0,0,0,0,0,0,0,0,0,0,0,0,0,0,0,0,0,0,0,0,0,0,0,0,0,0,0,0,0,0,0,0,0,0,0,0,0,0,0,0,0,0,0,0,0,0,0,0,0,0,0,0,0,0,0,0,0,0,0,0,0,0,0,0,0,0,0,0,0,0,0,0,0,0,0,0,0,0,0,0,0,0,0,0,0,0,0,0,0,0,0,0,0,0,0,0,0,0,0,0,0,0,0,0,0,0,1,1,1,1,1,1,1,1,1,1,1,1,1,1,1,1,1,1,1,1,1,1,1,1,1,1,1,1,1,1,1,1,1,1,1,1,1,1,1,1,1,1,1,1,1,1,1,1,1,1,1,1,1,1,1,1,1,1,1,1,1,1,1,1,1,1,1,1,1,1,1,1,1,1,1,1,1,1,1,1,1,1,1,1,1,1,1,1,1,1,1,1,1,1,1,1,1,1,1,1,1,1,1,1,1,1,1,1,1,1,1,1,1,1,1,1,1,1,1,1,1,1,1,1,1,1,1,1,1,1,1,1,1,1,1,1,1,1,1,1,1,1,1,1,1,1,1,1,1,1,1,1,1,1,1,1,1,1,1,1,1,1,1,1,1,1,1,1,1,1,1,1,1,1,1,1,1,1,1,1,1,1,1,1,1,1,1,1,1,1,1,1,1,1,1,1,1,1,1,1,1,1,1,1,1,1,1,1,1,1,1,1,1,1,1,1,1,1,1,1,1,1,1,1,1,1,1,1,1,1,1,1,1,1,1,1,1,1,1,1,1,1,1,1,1,1,1,1,1,1,1,1,1,1,1,1,1,1,1,1,1}|{1,1,1,1,0,0,0,1,1,1,1,1,1}|{1,1,1,0,4,4,0,1,1,1,1,1,1,1,1,1,1,1,1,1,1,1,1,1,1,1,6,6,1,1,1,1,1,1,1,1,1,1,1,1,2,2,2,2,6,6,6,6,6,6,6,6,1,1,1,1,1,1,1,1,1,1,1,1,1,1,1,1,1,1,1,1,1,1,1,1,1,1,1,1,1,1,1,1,1,1,1,1,1,1,1,1}|{1,1,1,1,1,1,1,1,1,1,1,1,1,1,1,1,0,0,0,0,0,0,0,0,1,1,1,1,1,1,0,1,1}|{1,1,1,1,1,1,1,1,1,1,1,0,0,0,0,0,0,0,0,0,0,0,0,0,0,0,1,0,1,0,1,1}|{1,0,1,1,1,1,1,1,1,1,1,1,1,1,1,1,1,1,1,1,1,1,0,0,0,0,0,0,0,0,0,0,1,1,1,1,1,1,1,1,1,1,1,1,1,1,1,1,1,1,1,1,1,1,1,1,0,0,0,0,0,0,0,0,1,1,1,1,1,1,1,1,1,1}|{1,1,0,0,0,0,0,0,1,1,0,0,0,0,0,1,1,1,0,0,0,0,0,0,1}|{1,1,1,1,1,1,1,1,0,0,0,0,0,0,0,0,1,1,1,1}|{1,1,1,1,1,1,1,1,1,1,1,1,1,1,1,1,1,1,1,0,1,1,0,0,0,0,0,0,0,0,0,0,1,1,1,1}|{0,0,0,0,0,0,0,0,0,0,0,0,0,0,0,1,1,1,1,1,1,1,1,1,1,1,1,1,1,1,1,1,1,1,1,1,1,1,1,1,1,1,1,1,1,1,1,1,1,1,1,1,1,1,1,1,1,1,1,1,1,1,1,1,1,1,1,1,1,1,1,1,1,1,1,1,1,1,1,1,1,1,1,1,1,1,1,1,1,1,1,1,1,1,1,1,1,1,1,1,1,1,1,1,1,1,1,1,1,1,1,1,1,1,1,1,1,1,1,1,1,1,1,1,1,1,1,1,1,1,1,1,1,1,1,1,1,1,1,1,1,1,1,1,1,1,1,1,1,1,1,1,1,1,1,1,1,1,1,1,1,1,1,1,1,1,1,1,1,1,1,1,1,1,1,1,1,1,1,1,1,1,1,1,1,1,1,1,1,1,1,1,1,1,1,1,1,1,1,1,1,1,1,1,1,1,1,1,1,1,1,1,1,1,1,1,1,1,1,1,1,1,1,1,1,1,1,1,1,1,1,1,1,1,1,1,1,1,1,1,1,1,1,1,1,1,1,1,1,1,1,1,1,0,1,1,1,1,1,1,1,1,1}|{1,1,1,1,1,1,1,1,0,0,0,0,0,0,1,1,1,1,1,1}|{1,0,1,1,0,0,0,0,0,0,0,1,1,1,1,1,1,}|{1,1,1,1,1,1,0,0,0,0,0,0,0,0,0,1,1,1,1,1,1,1,1,1,1,1,1,1,0,1,0,1,1,1,1,1,1,1,1,1,1,1,1,1,1,1,1,1,1,1,1,1,1,1,1,1,1,1,1,1,1,1,1,1,1,1,1,1,1,1,1,1,1,1,1,1,1,1,1,1,1,1,1,1,1,1,1,1,1,1,1,1,1,1,1,1,1,1,1,1,1}|{1,1,1,1,1,1,1,1,1,1,1,1,1,1,1,1}|{1,1,0,1,1,1,1,1,1,1,1,1,1,1,0,1,1,1,1,1,1,1,1,1,0,0,0,0,0,0,0,0,1,1,1}|{1,1,1,0,0,0,0,0,0,0,0,0,0,0,0,0,0,0,0,1,1,1,1,1,1,1,1,1,1,1,1,1,1,1,1,1,1,1,1,1,0,0,0,0,0,0,0,0,0,0,1,1,1,1,1,1,1,1,1,1,1,1}|{1,1,0,0,0,0,1,1,0,0,0,0,0,0,1,1,1}|{1,1,1,1,1,1,1,1,1,1,1,1,1,1,1,1,0,0,0,0,0,0,0,0,0,0,0,0,0,0,0,0,0,0,0,0,0,0,0,0,0,0,0,0,0,0,0,0,0,0,0,0,0,0,0,0,1,1,1,1,1,1,1,1,1,1,1,1,1,1,1,1,1,1,1,1,1,1,1,1,1,1,1,1,1,1,1,1,1,1,1,1,1,1,1,1,1,1,1,1,1,1,1,1,1,1,1,1,1,1,1,1,1,1,1,1,1,1,1,1,1,1,1,1,1,1,1,1,1,1,1,1,1,1,1,1,1,1,1,1,1,1,1,1}|{1,1,1,1,1,1,1,1,0,0,1,1,1,1,1,1,1,1,0,0,0,0,0,0,0,0,0,0,1,1,1,1,1,1,1,1,1,1,1,1,0,0,1,1,1,1,1,1,1,1,0,0,0,0,0,0,0,0,0,0,1,1,1,1,1,1,1,1,1,1,1,1,1,1,1,1,1,1,1,1,1,1,1,1,1,1,1,1,1,1,1,1,1,1,1,1,1,1,1,1,1,1,1,1,1,1,1,1,1,1,1,1,1,1,1,1,1,1,1,1,1,1,1,1,1,1,1,1}|{1,1,1,1,1,1,1,1,1,1,1,1,1,1,1,1,0,0,0,0,0,0,1,1,1,1,1,1,1,1,1,1,0,1,1,1,1}|{1,1,1,1,1,1,0,0,0,0,0,0,0,0,1,1,1}|{1,1,1,1,1,1,1,1,1,1,1,1,1,1,1,1,1,1,1,1,0,0,0,0,0,0,0,0,0,0,1,1,1,1,1,1}|{1,1,1,1,1,1,0,0,0,0,0,0,1,1,1,1,1}|{1,1,1,1,1,1,1,1,1,1,0,0,0,0,1,1,1,1,1}
DIVERGENT-OPTION-STATE	UINT_LEAST64_TYPE	48	10	((targetm_cdata.long_type_size)==64?"longunsignedint":"longlongunsignedint")|((targetm_cdata.long_type_size)==64?"longunsignedint":64==64?"longlongunsignedint":32==64?"unsignedint":0)|((targetm_cdata.long_type_size)==64?"longunsignedint":((targetm_cdata.bits_per_word)*2)==64?"longlongunsignedint":(targetm_cdata.bits_per_word)==64?"unsignedint":0)|((((global_options.x_target_flags&(1U<<6))!=0)?8:16)==16?"longlongunsignedint":0)|"longunsignedint"|((targetm_cdata.long_type_size)==64?"longunsignedint":64==64?"longlongunsignedint":(((global_options.x_target_flags&(1U<<4))!=0)?32:16)==64?"unsignedint":0)|((targetm_cdata.long_type_size)==64?"longunsignedint":((targetm_cdata.bits_per_word)*2)==64?"longlongunsignedint":(((global_options.x_target_flags&(1U<<7))!=0)?16:32)==64?"unsignedint":0)|((targetm_cdata.long_type_size)==64?"longunsignedint":64==64?"longlongunsignedint":(targetm_cdata.bits_per_word)==64?"unsignedint":0)|((targetm_cdata.long_type_size)==64?"longunsignedint":64==64?"longlongunsignedint":16==64?"unsignedint":0)|((targetm_cdata.long_type_size)==64?"longunsignedint":64==64?"longlongunsignedint":(((global_options.x_target_flags&(1U<<6))==0)?16:32)==64?"unsignedint":0)
UNREADABLE-function-like	TARGET_MS_BITFIELD_LAYOUT_P	48	1	<NOT-EXPANDED:function-like>
UNREADABLE-function-like	TARGET_HAVE_NAMED_SECTIONS	48	2	<NOT-EXPANDED:function-like>|false
UNREADABLE-function-like	STARTFILE_PREFIX_SPEC	48	2	<NOT-EXPANDED:function-like>|"/lib""%{march=rv32*:32}""%{march=rv64*:64}""/""%{mabi=ilp32:ilp32}""%{mabi=ilp32e:ilp32e}""%{mabi=ilp32f:ilp32f}""%{mabi=ilp32d:ilp32d}""%{mabi=lp64:lp64}""%{mabi=lp64e:lp64e}""%{mabi=lp64f:lp64f}""%{mabi=lp64d:lp64d}""/""/usr/lib""%{march=rv32*:32}""%{march=rv64*:64}""/""%{mabi=ilp32:ilp32}""%{mabi=ilp32e:ilp32e}""%{mabi=ilp32f:ilp32f}""%{mabi=ilp32d:ilp32d}""%{mabi=lp64:lp64}""%{mabi=lp64e:lp64e}""%{mabi=lp64f:lp64f}""%{mabi=lp64d:lp64d}""/""/lib/""/usr/lib/"
UNREADABLE-function-like	LIB_SPEC	48	30	"%{pthread:-lpthread}""%{shared:-lc}%{!shared:%{profile:-lc_p}%{!profile:-lc}}"|"%{pthread:-lpthread}%{shared:-lc}%{!shared:%{profile:-lc_p}%{!profile:-lc}}"|""|<NOT-EXPANDED:function-like>|"%{!mmcu=avr1:-lc}%(avrlibc_devicelib)"|"--start-group-lc%{msim:-lsim}%{!msim:-lnosys}--end-group%{!T*:%{!msim:%{!msdram:%{mcpu=bf512*:-Tbf512.ld%s}%{mcpu=bf514*:-Tbf514.ld%s}%{mcpu=bf516*:-Tbf516.ld%s}%{mcpu=bf518*:-Tbf518.ld%s}%{mcpu=bf522*:-Tbf522.ld%s}%{mcpu=bf523*:-Tbf523.ld%s}%{mcpu=bf524*:-Tbf524.ld%s}%{mcpu=bf525*:-Tbf525.ld%s}%{mcpu=bf526*:-Tbf526.ld%s}%{mcpu=bf527*:-Tbf527.ld%s}%{mcpu=bf531*:-Tbf531.ld%s}%{mcpu=bf532*:-Tbf532.ld%s}%{mcpu=bf533*:-Tbf533.ld%s}%{mcpu=bf534*:-Tbf534.ld%s}%{mcpu=bf536*:-Tbf536.ld%s}%{mcpu=bf537*:-Tbf537.ld%s}%{mcpu=bf538*:-Tbf538.ld%s}%{mcpu=bf539*:-Tbf539.ld%s}%{mcpu=bf542*:-Tbf542.ld%s}%{mcpu=bf544*:-Tbf544.ld%s}%{mcpu=bf547*:-Tbf547.ld%s}%{mcpu=bf548*:-Tbf548.ld%s}%{mcpu=bf549*:-Tbf549.ld%s}%{mcpu=bf561*:%{!mmulticore:-Tbf561.ld%s}%{mmulticore:%{mcorea:-Tbf561a.ld%s}}%{mmulticore:%{mcoreb:-Tbf561b.ld%s}}%{mmulticore:%{!mcorea:%{!mcoreb:-Tbf561m.ld%s}}}}%{mcpu=bf592*:-Tbf592.ld%s}%{!mcpu=*:%enoprocessortypespecifiedforlinking}%{!mcpu=bf561*:-Tbfin-common-sc.ld%s}%{mcpu=bf561*:%{!mmulticore:-Tbfin-common-sc.ld%s}%{mmulticore:-Tbfin-common-mc.ld%s}}}}}"|"%{msim:--start-group-lc-lsim--end-group;"":-lc}"|"%{sim*:--start-group-lc-lsyslinux--end-group}%{!sim*:%{g*:-lg}%{!p:%{!pg:-lc}}%{p:-lc_p}%{pg:-lc_p}-lbsp}-lnosys"|"%{pthread:-lpthread}--start-group-lc%{msim:-lsemi}%{!msim:-lnosys}--end-group%{mccrt:-lcc-rt}"|"%{!shared:%{g*:-lg}%{!p:%{!pg:-lc}}%{p:-lc_p}%{pg:-lc_p}}-lepiphany%{!shared:%{!p:%{!pg:-lc}}%{p:-lc_p}%{pg:-lc_p}}"|"-lc"|"--start-group-lc-lsim--end-group"|"%{!shared:%{!symbolic:-lc}}%{mcompress:--relax}%{msim:-Tsim.ld}"|"%{mrelax:-relax}%{g:-lg}%{!p:%{!pg:-lc}}%{p:-lc_p}%{pg:-lc_p}"|"%{""!mandroid""|tno-android-ld:""%{pthread:-lpthread}""%{shared:-lc}%{!shared:%{profile:-lc_p}%{!profile:-lc}}"";:""%{shared:-lc}%{!shared:%{profile:-lc_p}%{!profile:-lc}}""""%{!static:-ldl}""}"|"%{!shared:%{!symbolic:--start-group-lc-leval-lgcc--end-group}}"|"%{!T*:-Tsim.ld}"|"%{!shared:%{!p:%{!pg:-lc}}%{p:-lc_p}%{pg:-lc_p}}"|"%{!nostdlib:%{pg:-start-group-lxilprofile-lgloss-lxil-lc-lm-end-group}%{!pg:-start-group-lgloss-lxil-lc-lm-end-group}}"|"%{!shared:%{!symbolic:-lc}}"|"--start-group%{mhwmult=auto:%{mmcu=*:%:msp430_hwmult_lib(mcu%{mmcu=*:%*});:%:msp430_hwmult_lib(default)};mhwmult=*:%:msp430_hwmult_lib(hwmult%{mhwmult=*:%*});mmcu=*:%:msp430_hwmult_lib(mcu%{mmcu=*:%*});:%:msp430_hwmult_lib(default)}-lc-lgcc-lcrt%{msim:-lsim}%{!msim:-lnosys}--end-group%{!T*:%{!msim:%{mmcu=*:--script=%*.ld}}}%{!T*:%{msim:%{mlarge:%Tmsp430xl-sim.ld}%{!mlarge:%Tmsp430-sim.ld}}}"|"-lc-lgloss"|"--start-group-lc-lor1k""%{mboard=*:-lboard-%*;:-lboard-or1ksim}--end-group"|"--start-group-lc-lsim%{fprofile-arcs|fprofile-generate|coverage:-lgcov}--end-group%{!T*:%{msim:%Trl78-sim.ld}%{!msim:%Trl78.ld}}"|"%{mads:%(lib_ads);myellowknife:%(lib_yellowknife);mmvme:%(lib_mvme);msim:%(lib_sim);mcall-freebsd:%(lib_freebsd);mcall-linux:%(lib_linux);mcall-netbsd:%(lib_netbsd);mcall-openbsd:%(lib_openbsd);:%(lib_default)}"|"--start-group-lc%{msim:-lsim}%{!msim:-lnosys}%{fprofile-arcs|fprofile-generate|coverage:-lgcov}--end-group%{!T*:%{msim:%Trx-sim.ld}%{!msim:%Trx.ld}}"|"%{!shared:%{!symbolic:--start-group-lc-lgcc--end-group}}"|"--start-group-lc%{msim:-lsim;mdebug:-ldebug;:-lserial}--end-group"|"-(-lc%{msim:-lsim}%{!msim:%{!T*:-lnosys}}-)"|"-lc-lsim-lc-lhandlers-sim-lhal"
UNREADABLE-function-like	IRA_HARD_REGNO_ADD_COST_MULTIPLIER	48	1	<NOT-EXPANDED:function-like>
UNREADABLE-function-like	ASSEMBLER_DIALECT	48	8	<NOT-EXPANDED:function-like>|((int)global_options.x_bpf_asm_dialect_var)|((gcn_isa>=ISA_RDNA2&&gcn_isa<ISA_CDNA1)?1:0)|global_options.x_ix86_asm_dialect|1?1:0|(((global_options.x_target_flags&(1U<<9))!=0)?1:0)|1|assembler_dialect
DIVERGENT-BY-VALUE	TARGET_VTABLE_DATA_ENTRY_DISTANCE	48	2	1|0?2:1
UNREADABLE-function-like	NO_PROFILE_COUNTERS	48	2	1|<NOT-EXPANDED:function-like>
DIVERGENT-OPTION-STATE	INTPTR_TYPE	48	3	((targetm_cdata.long_type_size)==64?"longint":"int")|targetm_cdata.ptrdiff_type|"longint"
UNREADABLE-function-like	TARGET_SPLIT_STACK_NEEDS_GLIBC_2_18	48	2	<NOT-EXPANDED:function-like>|1
UNREADABLE-function-like	TARGET_LINUX_ABI	48	2	<NOT-EXPANDED:function-like>|0
UNREADABLE-function-like	IFCVT_MODIFY_FINAL	48	1	<NOT-EXPANDED:function-like>
UNREADABLE-function-like	HARDREG_PRE_REGNOS	48	2	{84,0}|<NOT-EXPANDED:function-like>
DIVERGENT-BY-VALUE	STACK_CHECK_MOVING_SP	48	2	0|1
UNREADABLE-function-like	PRINT_OPERAND_PUNCT_VALID_P	48	1	<NOT-EXPANDED:function-like>
UNREADABLE-function-like	PIC_CASE_VECTOR_ADDRESS	48	1	<NOT-EXPANDED:function-like>
UNREADABLE-function-like	TARGET_ASM_FILE_END	48	6	aarch64_file_end_indicate_exec_stack|file_end_indicate_exec_stack|arc_file_end|<NOT-EXPANDED:function-like>|file_end_indicate_exec_stack_and_gnu_property|rs6000_elf_file_end
UNREADABLE-function-like	HARD_REGNO_NREGS_WITH_PADDING	48	1	<NOT-EXPANDED:function-like>
UNREADABLE-function-like	ARG_POINTER_CFA_OFFSET	48	1	<NOT-EXPANDED:function-like>
UNREADABLE-function-like	TARGET_FPMATH_DEFAULT	48	2	<NOT-EXPANDED:function-like>|(((global_options.x_ix86_isa_flags&(HOST_WIDE_INT_1U<<1))!=0)&&((global_options.x_ix86_isa_flags&(HOST_WIDE_INT_1U<<46))!=0)?FPMATH_SSE:FPMATH_387)
UNREADABLE-function-like	CC1PLUS_SPEC	48	4	"%{""mcpu=*:%{%:is_local_not_armv8_base(%{mcpu=*:%*}):%<m""fix-cortex-a53-835769""-mno-""fix-cortex-a53-835769""};march=*:%{%:is_local_not_armv8_base(%{march=*:%*}):%<m""fix-cortex-a53-835769""-mno-""fix-cortex-a53-835769""}""}""%{""mcpu=*:%{%:is_local_not_armv8_base(%{mcpu=*:%*}):%<m""fix-cortex-a53-843419""-mno-""fix-cortex-a53-843419""};march=*:%{%:is_local_not_armv8_base(%{march=*:%*}):%<m""fix-cortex-a53-843419""-mno-""fix-cortex-a53-843419""}""}"|<NOT-EXPANDED:function-like>|"%(cc1)""%{!frtti:-fno-rtti}""%{!fenforce-eh-specs:-fno-enforce-eh-specs}""%{!fexceptions:-fno-exceptions}"|""
DIVERGENT-OPTION-STATE	CASE_VECTOR_PC_RELATIVE	48	11	1|(global_options.x_TARGET_CASE_VECTOR_PC_RELATIVE||(global_options.x_TARGET_BRANCH_INDEX&&((global_options.x_target_flags&(1U<<5))!=0)))|((!((global_options.x_target_flags&(1U<<4))!=0))||(!global_options.x_target_pure_code&&((((global_options.x_target_flags&(1U<<4))!=0)&&arm_arch_thumb2)||((((global_options.x_target_flags&(1U<<4))!=0)&&!arm_arch_thumb2)&&(global_options.x_optimize_size||global_options.x_flag_pic)))))|0|global_options.x_flag_pic|(global_options.x_optimize_size&&global_options.x_TARGET_CONSTANT_POOL&&((csky_base_arch==CSKY_BASE_ARCH_CK802)||(csky_base_arch==CSKY_BASE_ARCH_CK801)))|(((global_options.x_target_flags&(1U<<15))!=0)&&global_options.x_mips_code_readable==CODE_READABLE_YES)|global_options.x_flag_pic||global_options.x_optimize_size|global_options.x_riscv_cmodel!=RISCV_CM_MEDLOW|global_options.x_rs6000_relative_jumptables|(((global_options.x_target_flags&(1U<<7))!=0))
UNREADABLE-function-like	STACK_SAVEAREA_MODE	48	1	<NOT-EXPANDED:function-like>
UNREADABLE-function-like	REGMODE_NATURAL_SIZE	48	1	<NOT-EXPANDED:function-like>
UNREADABLE-function-like	TARGET_SUBTARGET_DEFAULT	48	2	<NOT-EXPANDED:function-like>|((1U<<1)|(1U<<13)|(1U<<11))
UNREADABLE-function-like	PRINT_OPERAND	48	1	<NOT-EXPANDED:function-like>
UNREADABLE-function-like	NO_DOT_IN_LABEL	48	2	<NOT-EXPANDED:function-like>|
DIVERGENT-OPTION-STATE	INITIAL_FRAME_ADDRESS_RTX	48	3	NULL|or1k_initial_frame_addr()|(plus_constant((mt_pmode()),arg_pointer_rtx,-160))
UNREADABLE-function-like	USE_LD_AS_NEEDED	48	2	1|<NOT-EXPANDED:function-like>
UNREADABLE-function-like	OUTPUT_QUOTED_STRING	48	1	<NOT-EXPANDED:function-like>
UNREADABLE-function-like	OPTION_DEFAULT_SPECS	48	19	{"arch","%{!march=*:%{!mcpu=*:-march=%(VALUE)}}"},{"cpu","%{!march=*:%{!mcpu=*:-mcpu=%(VALUE)}}"},{"tune","%{!mcpu=*:%{!mtune=*:-mtune=%(VALUE)}}"},|{"cpu","%{!mcpu=*:-mcpu=%(VALUE)}"},{"tune","%{!mtune=*:-mtune=%(VALUE)}"}|{"fpu","%{!mfpu=*:-mfpu=%(VALUE)}"},{"cpu","%{!mcpu=*:%{!mARC*:%{!marc*:%{!mA7:%{!mA6:-mcpu=%(VALUE)}}}}}"}|{"arch","%{!march=*|march=unset:""%{!mcpu=*|mcpu=unset:%<march=*%<mcpu=*-march=%(VALUE)}}"},{"tune","%{!mcpu=*|mcpu=unset:%{!mtune=*:-mtune=%(VALUE)}}"},{"cpu","%{!march=*|march=unset:""%{!mcpu=*|mcpu=unset:%<march=*%<mcpu=*-mcpu=%(VALUE)}}"},{"float","%{!mfloat-abi=*:-mfloat-abi=%(VALUE)}"},{"fpu","%{!mfpu=*:-mfpu=%(VALUE)}"},{"abi","%{!mabi=*:-mabi=%(VALUE)}"},{"tls","%{!mtls-dialect=*:-mtls-dialect=%(VALUE)}"},|<NOT-EXPANDED:function-like>|{"arch","%{!march=*:-march=%(VALUE)}"}|{"arch","%{!march=*:%{!mcpu=*:-march=%(VALUE)}}"},{"cpu","%{!march=*:%{!mcpu=*:-mcpu=%(VALUE)}}"},{"endian","%{!mbig-endian:%{!mlittle-endian:-m%(VALUE)-endian}}"},{"float","%{!mfloat-abi=*:-mfloat-abi=%(VALUE)}"},|{"arch","%{!march=*:-march=%(VALUE)}"},{"tune","%{!mtune=*:-mtune=%(VALUE)}"}|{"tune","%{!mtune=*:%{!mcpu=*:%{!march=*:-mtune=%(VALUE)}}}"},{"tune_32","%{""m64|mx32:;"":%{!mtune=*:%{!mcpu=*:%{!march=*:-mtune=%(VALUE)}}}}"},{"tune_64","%{""m64|mx32"":%{!mtune=*:%{!mcpu=*:%{!march=*:-mtune=%(VALUE)}}}}"},{"cpu","%{!mtune=*:%{!mcpu=*:%{!march=*:-mtune=%(VALUE)}}}"},{"cpu_32","%{""m64|mx32:;"":%{!mtune=*:%{!mcpu=*:%{!march=*:-mtune=%(VALUE)}}}}"},{"cpu_64","%{""m64|mx32"":%{!mtune=*:%{!mcpu=*:%{!march=*:-mtune=%(VALUE)}}}}"},{"arch","%{!march=*:-march=%(VALUE)}"},{"arch_32","%{""m64|mx32:;"":%{!march=*:-march=%(VALUE)}}"},{"arch_64","%{""m64|mx32"":%{!march=*:-march=%(VALUE)}}"},{"tls","%{!mtls-dialect=*:-mtls-dialect=%(VALUE)}"},|{"cpu","%{!m68020-40:%{!m68020-60:%{!mcpu=*:%{!march=*:-%(VALUE)}}}}"},|{"arch","%{""mips1|mips2|mips3|mips4|mips32*|mips64*""|march=*"":;:-march=%(VALUE)}"},{"arch_32","%{""mabi=32|mgp32"":%{""mips1|mips2|mips3|mips4|mips32*|mips64*""|march=*"":;:-march=%(VALUE)}}"},{"arch_64","%{""mabi=32|mgp32:;"":%{""mips1|mips2|mips3|mips4|mips32*|mips64*""|march=*"":;:-march=%(VALUE)}}"},{"tune","%{!mtune=*:-mtune=%(VALUE)}"},{"tune_32","%{""mabi=32|mgp32"":%{!mtune=*:-mtune=%(VALUE)}}"},{"tune_64","%{""mabi=32|mgp32:;"":%{!mtune=*:-mtune=%(VALUE)}}"},{"abi","%{!mabi=*:-mabi=%(VALUE)}"},{"float","%{!msoft-float:%{!mhard-float:-m%(VALUE)-float}}"},{"fpu","%{!msoft-float:%{!msingle-float:%{!mdouble-float:-m%(VALUE)-float}}}"},{"nan","%{!mnan=*:-mnan=%(VALUE)}"},{"fp_32","%{""mabi=32|mgp32"":%{!msoft-float:%{!msingle-float:%{!mfp*:%{!mmsa:-mfp%(VALUE)}}}}}"},{"odd_spreg_32","%{""mabi=32|mgp32"":%{!msoft-float:%{!msingle-float:""%{!modd-spreg:%{!mno-odd-spreg:-m%(VALUE)}}}}}"},{"divide","%{!mdivide-traps:%{!mdivide-breaks:-mdivide-%(VALUE)}}"},{"llsc","%{!mllsc:%{!mno-llsc:-m%(VALUE)}}"},{"mips-plt","%{!mplt:%{!mno-plt:-m%(VALUE)}}"},{"synci","%{!msynci:%{!mno-synci:-m%(VALUE)}}"},{"lxc1-sxc1","%{!mlxc1-sxc1:%{!mno-lxc1-sxc1:-m%(VALUE)}}"},{"madd4","%{!mmadd4:%{!mno-madd4:-m%(VALUE)}}"},{"compact-branches","%{!mcompact-branches=*:-mcompact-branches=%(VALUE)}"},{"msa","%{!mmsa:%{!mno-msa:-m%(VALUE)}}"}|{"arch","%{!march=*:-march=%(VALUE)}""%{march=v3f:%{!mfloat-abi=*:-mfloat-abi=hard}""%{!mno-ext-fpu-sp:%{!mext-fpu-sp:-mext-fpu-sp}}""%{!mno-ext-fpu-dp:%{!mext-fpu-dp:-mext-fpu-dp}}}""%{march=v3s:%{!mfloat-abi=*:-mfloat-abi=hard}""%{!mno-ext-fpu-sp:%{!mext-fpu-sp:-mext-fpu-sp}}}"},{"cpu","%{!mcpu=*:-mcpu=%(VALUE)}"},{"float","%{!mfloat-abi=*:-mfloat-abi=%(VALUE)}"}|{"arch","%{!misa=*:-misa=%(VALUE)}"},|{"arch","%{!march=*:-march=%(VALUE)}"},{"schedule","%{!mschedule=*:-mschedule=%(VALUE)}"}|{"cpu","%{!mcpu=*:-mcpu=%(VALUE)}"},{"tune","%{!mtune=*:""%{!mcpu=*:-mtune=%(VALUE)}""%{mcpu=*:-mtune=%:riscv_default_mtune(%*%(VALUE))}}"},{"arch","%{!march=*|march=unset:""%{!mcpu=*:-march=%(VALUE)}""%{mcpu=*:%:riscv_expand_arch_from_cpu(%*%(VALUE))}}"},{"abi","%{!mabi=*:-mabi=%(VALUE)}"},{"isa_spec","%{!misa-spec=*:-misa-spec=%(VALUE)}"},{"tls","%{!mtls-dialect=*:-mtls-dialect=%(VALUE)}"},{"cmodel","%{!mcmodel=*:-mcmodel=%(VALUE)}"},|{"abi","%{!mabi=elfv*:-mabi=%(VALUE)}"},{"tune","%{!mtune=*:%{!mcpu=*:-mtune=%(VALUE)}}"},{"tune_32","%{""!""m64"":%{!mtune=*:%{!mcpu=*:-mtune=%(VALUE)}}}"},{"tune_64","%{""m64"":%{!mtune=*:%{!mcpu=*:-mtune=%(VALUE)}}}"},{"cpu","%{!mcpu=*:-mcpu=%(VALUE)}"},{"cpu_32","%{""!""m64"":%{!mcpu=*:-mcpu=%(VALUE)}}"},{"cpu_64","%{""m64"":%{!mcpu=*:-mcpu=%(VALUE)}}"},{"float","%{!msoft-float:%{!mhard-float:-m%(VALUE)-float}}"}|{"tune","%{!mtune=*:%{!march=*:-mtune=%(VALUE)}}"},{"arch","%{!march=*:-march=%(VALUE)}"}|{"cpu_32","%{m32:%{!mcpu=*:-mcpu=%(VALUE)}}"},{"cpu_64","%{!m32:%{!mcpu=*:-mcpu=%(VALUE)}}"},{"cpu","%{!m32:%{!mcpu=*:-mcpu=%(VALUE)}}"},{"tune_32","%{m32:%{!mtune=*:-mtune=%(VALUE)}}"},{"tune_64","%{!m32:%{!mtune=*:-mtune=%(VALUE)}}"},{"tune","%{!mtune=*:-mtune=%(VALUE)}"},{"float","%{!msoft-float:%{!mhard-float:%{!mfpu:%{!mno-fpu:-m%(VALUE)-float}}}}"}|{"cpu","%{!mcpu=*:-mcpu=%(VALUE)}"}
DIVERGENT-BY-VALUE	MAX_REGS_PER_ADDRESS	48	3	2|1|3
UNREADABLE-function-like	DWARF2_LINENO_DEBUGGING_INFO	48	2	<NOT-EXPANDED:function-like>|1
DIVERGENT-OPTION-STATE	EXIT_IGNORE_STACK	48	4	cfun->calls_alloca|1|0|(maybe_ne(get_frame_size(),0)||cfun->calls_alloca||maybe_ne(crtl->outgoing_args_size,0))
UNREADABLE-function-like	REAL_PIC_OFFSET_TABLE_REGNUM	48	3	<NOT-EXPANDED:function-like>|(((global_options.x_ix86_isa_flags&(HOST_WIDE_INT_1U<<1))!=0)?43:3)|((16)<16||(16)>31?(16):(16)&1?((16)-16)/2+16:((16)-16)/2+24)
UNREADABLE-function-like	IMMEDIATE_PREFIX	48	3	<NOT-EXPANDED:function-like>|"#"|""
UNREADABLE-function-like	FUNCTION_VALUE	48	1	<NOT-EXPANDED:function-like>
UNREADABLE-function-like	FIRST_STACK_REG	48	2	<NOT-EXPANDED:function-like>|8
DIVERGENT-OPTION-STATE	UINT_LEAST32_TYPE	48	11	"unsignedint"|((((targetm_cdata.long_type_size)==32)?"longunsignedint":32==32?"unsignedint":16==32?"shortunsignedint":(8)==32?"unsignedchar":0)?(((targetm_cdata.long_type_size)==32)?"longunsignedint":32==32?"unsignedint":16==32?"shortunsignedint":(8)==32?"unsignedchar":0):((targetm_cdata.long_type_size)==64?"longunsignedint":64==64?"longlongunsignedint":32==64?"unsignedint":0)?((targetm_cdata.long_type_size)==64?"longunsignedint":64==64?"longlongunsignedint":32==64?"unsignedint":0):0)|((((targetm_cdata.long_type_size)==32)?"longunsignedint":(targetm_cdata.bits_per_word)==32?"unsignedint":((8)*MIN(((mt_units_per_word())+1)/2,2))==32?"shortunsignedint":(8)==32?"unsignedchar":0)?(((targetm_cdata.long_type_size)==32)?"longunsignedint":(targetm_cdata.bits_per_word)==32?"unsignedint":((8)*MIN(((mt_units_per_word())+1)/2,2))==32?"shortunsignedint":(8)==32?"unsignedchar":0):((targetm_cdata.long_type_size)==64?"longunsignedint":((targetm_cdata.bits_per_word)*2)==64?"longlongunsignedint":(targetm_cdata.bits_per_word)==64?"unsignedint":0)?((targetm_cdata.long_type_size)==64?"longunsignedint":((targetm_cdata.bits_per_word)*2)==64?"longlongunsignedint":(targetm_cdata.bits_per_word)==64?"unsignedint":0):0)|((((global_options.x_target_flags&(1U<<6))!=0)?8:16)==16?"longunsignedint":"longlongunsignedint")|((((targetm_cdata.long_type_size)==32)?"longunsignedint":32==32?"unsignedint":16==32?"shortunsignedint":8==32?"unsignedchar":0)?(((targetm_cdata.long_type_size)==32)?"longunsignedint":32==32?"unsignedint":16==32?"shortunsignedint":8==32?"unsignedchar":0):((targetm_cdata.long_type_size)==64?"longunsignedint":64==64?"longlongunsignedint":32==64?"unsignedint":0)?((targetm_cdata.long_type_size)==64?"longunsignedint":64==64?"longlongunsignedint":32==64?"unsignedint":0):0)|((((targetm_cdata.long_type_size)==32)?"longunsignedint":32==32?"unsignedint":((8)*MIN(((mt_units_per_word())+1)/2,2))==32?"shortunsignedint":(8)==32?"unsignedchar":0)?(((targetm_cdata.long_type_size)==32)?"longunsignedint":32==32?"unsignedint":((8)*MIN(((mt_units_per_word())+1)/2,2))==32?"shortunsignedint":(8)==32?"unsignedchar":0):((targetm_cdata.long_type_size)==64?"longunsignedint":64==64?"longlongunsignedint":32==64?"unsignedint":0)?((targetm_cdata.long_type_size)==64?"longunsignedint":64==64?"longlongunsignedint":32==64?"unsignedint":0):0)|((((targetm_cdata.long_type_size)==32)?"longunsignedint":(((global_options.x_target_flags&(1U<<4))!=0)?32:16)==32?"unsignedint":16==32?"shortunsignedint":(8)==32?"unsignedchar":0)?(((targetm_cdata.long_type_size)==32)?"longunsignedint":(((global_options.x_target_flags&(1U<<4))!=0)?32:16)==32?"unsignedint":16==32?"shortunsignedint":(8)==32?"unsignedchar":0):((targetm_cdata.long_type_size)==64?"longunsignedint":64==64?"longlongunsignedint":(((global_options.x_target_flags&(1U<<4))!=0)?32:16)==64?"unsignedint":0)?((targetm_cdata.long_type_size)==64?"longunsignedint":64==64?"longlongunsignedint":(((global_options.x_target_flags&(1U<<4))!=0)?32:16)==64?"unsignedint":0):0)|((((targetm_cdata.long_type_size)==32)?"longunsignedint":(((global_options.x_target_flags&(1U<<7))!=0)?16:32)==32?"unsignedint":((8)*MIN(((mt_units_per_word())+1)/2,2))==32?"shortunsignedint":(8)==32?"unsignedchar":0)?(((targetm_cdata.long_type_size)==32)?"longunsignedint":(((global_options.x_target_flags&(1U<<7))!=0)?16:32)==32?"unsignedint":((8)*MIN(((mt_units_per_word())+1)/2,2))==32?"shortunsignedint":(8)==32?"unsignedchar":0):((targetm_cdata.long_type_size)==64?"longunsignedint":((targetm_cdata.bits_per_word)*2)==64?"longlongunsignedint":(((global_options.x_target_flags&(1U<<7))!=0)?16:32)==64?"unsignedint":0)?((targetm_cdata.long_type_size)==64?"longunsignedint":((targetm_cdata.bits_per_word)*2)==64?"longlongunsignedint":(((global_options.x_target_flags&(1U<<7))!=0)?16:32)==64?"unsignedint":0):0)|((((targetm_cdata.long_type_size)==32)?"longunsignedint":(targetm_cdata.bits_per_word)==32?"unsignedint":((8)*MIN(((mt_units_per_word())+1)/2,2))==32?"shortunsignedint":(8)==32?"unsignedchar":0)?(((targetm_cdata.long_type_size)==32)?"longunsignedint":(targetm_cdata.bits_per_word)==32?"unsignedint":((8)*MIN(((mt_units_per_word())+1)/2,2))==32?"shortunsignedint":(8)==32?"unsignedchar":0):((targetm_cdata.long_type_size)==64?"longunsignedint":64==64?"longlongunsignedint":(targetm_cdata.bits_per_word)==64?"unsignedint":0)?((targetm_cdata.long_type_size)==64?"longunsignedint":64==64?"longlongunsignedint":(targetm_cdata.bits_per_word)==64?"unsignedint":0):0)|((((targetm_cdata.long_type_size)==32)?"longunsignedint":16==32?"unsignedint":16==32?"shortunsignedint":(8)==32?"unsignedchar":0)?(((targetm_cdata.long_type_size)==32)?"longunsignedint":16==32?"unsignedint":16==32?"shortunsignedint":(8)==32?"unsignedchar":0):((targetm_cdata.long_type_size)==64?"longunsignedint":64==64?"longlongunsignedint":16==64?"unsignedint":0)?((targetm_cdata.long_type_size)==64?"longunsignedint":64==64?"longlongunsignedint":16==64?"unsignedint":0):0)|((((targetm_cdata.long_type_size)==32)?"longunsignedint":(((global_options.x_target_flags&(1U<<6))==0)?16:32)==32?"unsignedint":16==32?"shortunsignedint":(8)==32?"unsignedchar":0)?(((targetm_cdata.long_type_size)==32)?"longunsignedint":(((global_options.x_target_flags&(1U<<6))==0)?16:32)==32?"unsignedint":16==32?"shortunsignedint":(8)==32?"unsignedchar":0):((targetm_cdata.long_type_size)==64?"longunsignedint":64==64?"longlongunsignedint":(((global_options.x_target_flags&(1U<<6))==0)?16:32)==64?"unsignedint":0)?((targetm_cdata.long_type_size)==64?"longunsignedint":64==64?"longlongunsignedint":(((global_options.x_target_flags&(1U<<6))==0)?16:32)==64?"unsignedint":0):0)
UNREADABLE-function-like	OVERLAPPING_REGISTER_NAMES	48	4	<NOT-EXPANDED:function-like>|{{"d0",16+0,2},{"d1",16+2,2},{"d2",16+4,2},{"d3",16+6,2},{"d4",16+8,2},{"d5",16+10,2},{"d6",16+12,2},{"d7",16+14,2},{"d8",16+16,2},{"d9",16+18,2},{"d10",16+20,2},{"d11",16+22,2},{"d12",16+24,2},{"d13",16+26,2},{"d14",16+28,2},{"d15",16+30,2},{"q0",16+0,4},{"q1",16+4,4},{"q2",16+8,4},{"q3",16+12,4},{"q4",16+16,4},{"q5",16+20,4},{"q6",16+24,4},{"q7",16+28,4},{"q8",16+32,4},{"q9",16+36,4},{"q10",16+40,4},{"q11",16+44,4},{"q12",16+48,4},{"q13",16+52,4},{"q14",16+56,4},{"q15",16+60,4}}|{{"$fd0",34+0,2},{"$fd1",34+2,2},{"$fd2",34+4,2},{"$fd3",34+6,2},{"$fd4",34+8,2},{"$fd5",34+10,2},{"$fd6",34+12,2},{"$fd7",34+14,2},{"$fd8",34+16,2},{"$fd9",34+18,2},{"$fd10",34+20,2},{"$fd11",34+22,2},{"$fd12",34+24,2},{"$fd13",34+26,2},{"$fd14",34+28,2},{"$fd15",34+30,2},{"$fd16",34+32,2},{"$fd17",34+34,2},{"$fd18",34+36,2},{"$fd19",34+38,2},{"$fd20",34+40,2},{"$fd21",34+42,2},{"$fd22",34+44,2},{"$fd23",34+46,2},{"$fd24",34+48,2},{"$fd25",34+50,2},{"$fd26",34+52,2},{"$fd27",34+54,2},{"$fd28",34+56,2},{"$fd29",34+58,2},{"$fd30",34+60,2},{"$fd31",34+62,2},}|{{"sp",2*4,4},{"ra",3*4,2},{"fp",4*4,4},{"r""0",0*4,4},{"r""0"".w0",0*4+0,2},{"r""0"".w1",0*4+1,2},{"r""0"".w2",0*4+2,2},{"r""1",1*4,4},{"r""1"".w0",1*4+0,2},{"r""1"".w1",1*4+1,2},{"r""1"".w2",1*4+2,2},{"r""2",2*4,4},{"r""2"".w0",2*4+0,2},{"r""2"".w1",2*4+1,2},{"r""2"".w2",2*4+2,2},{"r""3",3*4,4},{"r""3"".w0",3*4+0,2},{"r""3"".w1",3*4+1,2},{"r""3"".w2",3*4+2,2},{"r""4",4*4,4},{"r""4"".w0",4*4+0,2},{"r""4"".w1",4*4+1,2},{"r""4"".w2",4*4+2,2},{"r""5",5*4,4},{"r""5"".w0",5*4+0,2},{"r""5"".w1",5*4+1,2},{"r""5"".w2",5*4+2,2},{"r""6",6*4,4},{"r""6"".w0",6*4+0,2},{"r""6"".w1",6*4+1,2},{"r""6"".w2",6*4+2,2},{"r""7",7*4,4},{"r""7"".w0",7*4+0,2},{"r""7"".w1",7*4+1,2},{"r""7"".w2",7*4+2,2},{"r""8",8*4,4},{"r""8"".w0",8*4+0,2},{"r""8"".w1",8*4+1,2},{"r""8"".w2",8*4+2,2},{"r""9",9*4,4},{"r""9"".w0",9*4+0,2},{"r""9"".w1",9*4+1,2},{"r""9"".w2",9*4+2,2},{"r""10",10*4,4},{"r""10"".w0",10*4+0,2},{"r""10"".w1",10*4+1,2},{"r""10"".w2",10*4+2,2},{"r""11",11*4,4},{"r""11"".w0",11*4+0,2},{"r""11"".w1",11*4+1,2},{"r""11"".w2",11*4+2,2},{"r""12",12*4,4},{"r""12"".w0",12*4+0,2},{"r""12"".w1",12*4+1,2},{"r""12"".w2",12*4+2,2},{"r""13",13*4,4},{"r""13"".w0",13*4+0,2},{"r""13"".w1",13*4+1,2},{"r""13"".w2",13*4+2,2},{"r""14",14*4,4},{"r""14"".w0",14*4+0,2},{"r""14"".w1",14*4+1,2},{"r""14"".w2",14*4+2,2},{"r""15",15*4,4},{"r""15"".w0",15*4+0,2},{"r""15"".w1",15*4+1,2},{"r""15"".w2",15*4+2,2},{"r""16",16*4,4},{"r""16"".w0",16*4+0,2},{"r""16"".w1",16*4+1,2},{"r""16"".w2",16*4+2,2},{"r""17",17*4,4},{"r""17"".w0",17*4+0,2},{"r""17"".w1",17*4+1,2},{"r""17"".w2",17*4+2,2},{"r""18",18*4,4},{"r""18"".w0",18*4+0,2},{"r""18"".w1",18*4+1,2},{"r""18"".w2",18*4+2,2},{"r""19",19*4,4},{"r""19"".w0",19*4+0,2},{"r""19"".w1",19*4+1,2},{"r""19"".w2",19*4+2,2},{"r""20",20*4,4},{"r""20"".w0",20*4+0,2},{"r""20"".w1",20*4+1,2},{"r""20"".w2",20*4+2,2},{"r""21",21*4,4},{"r""21"".w0",21*4+0,2},{"r""21"".w1",21*4+1,2},{"r""21"".w2",21*4+2,2},{"r""22",22*4,4},{"r""22"".w0",22*4+0,2},{"r""22"".w1",22*4+1,2},{"r""22"".w2",22*4+2,2},{"r""23",23*4,4},{"r""23"".w0",23*4+0,2},{"r""23"".w1",23*4+1,2},{"r""23"".w2",23*4+2,2},{"r""24",24*4,4},{"r""24"".w0",24*4+0,2},{"r""24"".w1",24*4+1,2},{"r""24"".w2",24*4+2,2},{"r""25",25*4,4},{"r""25"".w0",25*4+0,2},{"r""25"".w1",25*4+1,2},{"r""25"".w2",25*4+2,2},{"r""26",26*4,4},{"r""26"".w0",26*4+0,2},{"r""26"".w1",26*4+1,2},{"r""26"".w2",26*4+2,2},{"r""27",27*4,4},{"r""27"".w0",27*4+0,2},{"r""27"".w1",27*4+1,2},{"r""27"".w2",27*4+2,2},{"r""28",28*4,4},{"r""28"".w0",28*4+0,2},{"r""28"".w1",28*4+1,2},{"r""28"".w2",28*4+2,2},{"r""29",29*4,4},{"r""29"".w0",29*4+0,2},{"r""29"".w1",29*4+1,2},{"r""29"".w2",29*4+2,2},{"r""30",30*4,4},{"r""30"".w0",30*4+0,2},{"r""30"".w1",30*4+1,2},{"r""30"".w2",30*4+2,2},{"r""31",31*4,4},{"r""31"".w0",31*4+0,2},{"r""31"".w1",31*4+1,2},{"r""31"".w2",31*4+2,2},}
UNREADABLE-function-like	HAVE_sync_compare_and_swapqi	48	4	<NOT-EXPANDED:function-like>|((global_options_set.x_target_flags&(1U<<16)?((global_options.x_target_flags&(1U<<16))!=0)&&!((global_options.x_target_flags&(1U<<15))!=0):(mips_isa>=MIPS_ISA_MIPS2&&!(mips_arch==PROCESSOR_R5900)&&(!((global_options.x_target_flags&(1U<<15))!=0)||(((global_options.x_target_flags&(1U<<15))!=0)&&global_options.x_TARGET_MIPS16E2&&!((global_options.x_target_flags&(1U<<12))!=0))))))|1|((xtensa_get_config_v1()->xchal_have_s32c1i))
UNREADABLE-function-like	ASM_OUTPUT_DEF	48	1	<NOT-EXPANDED:function-like>
DIVERGENT-OPTION-STATE	UINT32_TYPE	48	10	"unsignedint"|(((targetm_cdata.long_type_size)==32)?"longunsignedint":32==32?"unsignedint":16==32?"shortunsignedint":(8)==32?"unsignedchar":0)|(((targetm_cdata.long_type_size)==32)?"longunsignedint":(targetm_cdata.bits_per_word)==32?"unsignedint":((8)*MIN(((mt_units_per_word())+1)/2,2))==32?"shortunsignedint":(8)==32?"unsignedchar":0)|((((global_options.x_target_flags&(1U<<6))!=0)?8:16)==16?"longunsignedint":"longlongunsignedint")|(((targetm_cdata.long_type_size)==32)?"longunsignedint":32==32?"unsignedint":16==32?"shortunsignedint":8==32?"unsignedchar":0)|(((targetm_cdata.long_type_size)==32)?"longunsignedint":32==32?"unsignedint":((8)*MIN(((mt_units_per_word())+1)/2,2))==32?"shortunsignedint":(8)==32?"unsignedchar":0)|(((targetm_cdata.long_type_size)==32)?"longunsignedint":(((global_options.x_target_flags&(1U<<4))!=0)?32:16)==32?"unsignedint":16==32?"shortunsignedint":(8)==32?"unsignedchar":0)|(((targetm_cdata.long_type_size)==32)?"longunsignedint":(((global_options.x_target_flags&(1U<<7))!=0)?16:32)==32?"unsignedint":((8)*MIN(((mt_units_per_word())+1)/2,2))==32?"shortunsignedint":(8)==32?"unsignedchar":0)|(((targetm_cdata.long_type_size)==32)?"longunsignedint":16==32?"unsignedint":16==32?"shortunsignedint":(8)==32?"unsignedchar":0)|(((targetm_cdata.long_type_size)==32)?"longunsignedint":(((global_options.x_target_flags&(1U<<6))==0)?16:32)==32?"unsignedint":16==32?"shortunsignedint":(8)==32?"unsignedchar":0)
DIVERGENT-OPTION-STATE	INT8_TYPE	48	3	"signedchar"|((8)==8?"signedchar":0)|8==8?"signedchar":0
UNREADABLE-function-like	CONSTANT_ADDRESS_P	48	1	<NOT-EXPANDED:function-like>
UNREADABLE-function-like	ASM_OUTPUT_LABEL_REF	48	1	<NOT-EXPANDED:function-like>
UNREADABLE-function-like	ASM_OUTPUT_ALIGN_WITH_NOP	48	1	<NOT-EXPANDED:function-like>
UNREADABLE-function-like	EPILOGUE_USES	48	1	<NOT-EXPANDED:function-like>
DIVERGENT-OPTION-STATE	REG_CLASS_NAMES	48	45	{"NO_REGS","W8_W11_REGS","W12_W15_REGS","TAILCALL_ADDR_REGS","STUB_REGS","GENERAL_REGS","STACK_REG","POINTER_REGS","FP_LO8_REGS","FP_LO_REGS","FP_REGS","POINTER_AND_FP_REGS","PR_LO_REGS","PR_HI_REGS","PR_REGS","FFR_REGS","PR_AND_FFR_REGS","MOVEABLE_SYSREGS","FAKE_REGS","ALL_REGS"}|{"NO_REGS","R0_REG","R24_REG","R25_REG","R27_REG","GENERAL_REGS","FLOAT_REGS","ALL_REGS"}|{"NO_REGS","R0_REGS","R0R1_CD_REGS","R0R3_CD_REGS","ARCOMPACT16_REGS","SIBCALL_REGS","AC16_H_REGS","DOUBLE_REGS","GENERAL_REGS","SIMD_VR_REGS","SIMD_DMA_CONFIG_REGS","ALL_REGS"}|{"NO_REGS","LO_REGS","STACK_REG","BASE_REGS","HI_REGS","CALLER_SAVE_REGS","EVEN_REG","GENERAL_REGS","CORE_REGS","VFP_D0_D7_REGS","VFP_LO_REGS","VFP_HI_REGS","VFP_REGS","CC_REG","VFPCC_REG","SFP_REG","AFP_REG","VPR_REG","PAC_REG","GENERAL_AND_VPR_REGS","ALL_REGS"}|{"NO_REGS","R0_REG","POINTER_X_REGS","POINTER_Y_REGS","POINTER_Z_REGS","STACK_REG","BASE_POINTER_REGS","POINTER_REGS","ADDW_REGS","SIMPLE_LD_REGS","LD_REGS","NO_LD_REGS","GENERAL_REGS","CC_REG","ALL_REGS"}|{"NO_REGS","IREGS","BREGS","LREGS","MREGS","CIRCREGS","DAGREGS","EVEN_AREGS","ODD_AREGS","AREGS","CCREGS","EVEN_DREGS","ODD_DREGS","D0REGS","D1REGS","D2REGS","D3REGS","D4REGS","D5REGS","D6REGS","D7REGS","DREGS","P0REGS","FDPIC_REGS","FDPIC_FPTR_REGS","PREGS_CLOBBERED","PREGS","IPREGS","DPREGS","MOST_REGS","LT_REGS","LC_REGS","LB_REGS","PROLOGUE_REGS","NON_A_CC_REGS","ALL_REGS"}|{"NO_REGS","R0","ALL_REGS"}|{"NO_REGS","PREDICATE_A_REGS","PREDICATE_B_REGS","PREDICATE_REGS","PICREG","SPREG","CALL_USED_B_REGS","NONPREDICATE_A_REGS","NONPREDICATE_B_REGS","NONPREDICATE_REGS","A_REGS","B_REGS","GENERAL_REGS","ALL_REGS"}|{"NO_REGS","MOF_REGS","SRP_REGS","CC0_REGS","MOF_SRP_REGS","SPECIAL_REGS","GENERAL_REGS","ALL_REGS"}|{"NO_REGS","MINI_REGS","SP_REGS","LOW_REGS","GENERAL_REGS","C_REGS","HILO_REGS","V_REGS","OTHER_REGS","RESERVE_REGS","ALL_REGS",}|{"NO_REGS","LR_REGS","SHORT_INSN_REGS","SIBCALL_REGS","GENERAL_REGS","CORE_CONTROL_REGS","ALL_REGS"}|{"NO_REGS","MULTIPLY_32_REG","MULTIPLY_64_REG","LOW_REGS","HIGH_REGS","REAL_REGS","ALL_REGS"}|{"NO_REGS","ICC_REGS","FCC_REGS","CC_REGS","ICR_REGS","FCR_REGS","CR_REGS","LCR_REG","LR_REG","GR8_REGS","GR9_REGS","GR89_REGS","FDPIC_REGS","FDPIC_FPTR_REGS","FDPIC_CALL_REGS","SPR_REGS","QUAD_ACC_REGS","ACCG_REGS","QUAD_FPR_REGS","QUAD_REGS","GPR_REGS","ALL_REGS"}|{"NO_REGS","GENERAL_REGS","SPECIAL_REGS","CC_REGS","ALL_REGS"}|{"NO_REGS","SCC_CONDITIONAL_REG","VCCZ_CONDITIONAL_REG","VCC_CONDITIONAL_REG","EXECZ_CONDITIONAL_REG","ALL_CONDITIONAL_REGS","EXEC_MASK_REG","MEMORY_APERTURE_REGS","SGPR_REGS","SGPR_EXEC_REGS","SGPR_VOP3A_SRC_REGS","SGPR_MEM_SRC_REGS","SGPR_DST_REGS","SGPR_SRC_REGS","GENERAL_REGS","VGPR_REGS","AVGPR_REGS","ALL_VGPR_REGS","ALL_GPR_REGS","SRCDST_REGS","AFP_REGS","ALL_REGS"}|{"NO_REGS","COUNTER_REGS","SOURCE_REGS","DESTINATION_REGS","NOT_R0_REGS","NOT_R1_REGS","NOT_R2_REGS","NOT_R3_REGS","NOT_R4_REGS","NOT_R5_REGS","NOT_R6_REGS","NOT_SP_REGS","GENERAL_REGS","MAC_REGS","ALL_REGS","LIM_REGS"}|{"NO_REGS","AREG","DREG","CREG","BREG","SIREG","DIREG","AD_REGS","CLOBBERED_REGS","Q_REGS","NON_Q_REGS","TLS_GOTBASE_REGS","LEGACY_GENERAL_REGS","LEGACY_INDEX_REGS","GENERAL_REGS","INDEX_REGS","GENERAL_GPR16","INDEX_GPR16","FP_TOP_REG","FP_SECOND_REG","FLOAT_REGS","SSE_FIRST_REG","NO_REX_SSE_REGS","SSE_REGS","ALL_SSE_REGS","MMX_REGS","FLOAT_SSE_REGS","FLOAT_INT_REGS","INT_SSE_REGS","FLOAT_INT_SSE_REGS","MASK_REGS","ALL_MASK_REGS","INT_MASK_REGS","ALL_REGS"}|{"NO_REGS","PR_REGS","BR_REGS","AR_M_REGS","AR_I_REGS","ADDL_REGS","GR_REGS","FP_REGS","FR_REGS","GR_AND_BR_REGS","GR_AND_FR_REGS","ALL_REGS"}|{"NO_REGS","GR_REGS","ALL_REGS"}|{"NO_REGS","GENERAL_REGS","ALL_REGS"}|{"NO_REGS","SIBCALL_REGS","JIRL_REGS","CSR_REGS","GR_REGS","FP_REGS","FCC_REGS","FRAME_REGS","ALL_REGS"}|{"NO_REGS","CARRY_REG","ACCUM_REGS","GENERAL_REGS","ALL_REGS"}|{"NO_REGS","DATA_REGS","ADDR_REGS","FP_REGS","GENERAL_REGS","DATA_OR_FP_REGS","ADDR_OR_FP_REGS","ALL_REGS"}|{"NO_REGS","ONLYR1_REGS","LRW_REGS","GENERAL_REGS","C_REGS","ALL_REGS",}|{"NO_REGS","GR_REGS","ST_REGS","ALL_REGS"}|{"NO_REGS","M16_STORE_REGS","M16_REGS","M16_SP_REGS","T_REG","M16_T_REGS","PIC_FN_ADDR_REG","V1_REG","SPILL_REGS","LEA_REGS","GR_REGS","FP_REGS","MD0_REG","MD1_REG","MD_REGS","COP0_REGS","COP2_REGS","COP3_REGS","ST_REGS","DSP_ACC_REGS","ACC_REGS","FRAME_REGS","GR_AND_MD0_REGS","GR_AND_MD1_REGS","GR_AND_MD_REGS","GR_AND_ACC_REGS","ALL_REGS"}|{"NO_REGS","GENERAL_REGS","REMAINDER_REG","HIMULT_REG","SYSTEM_REGS","ALL_REGS"}|{"NO_REGS","DATA_REGS","ADDRESS_REGS","SP_REGS","SP_OR_ADDRESS_REGS","EXTENDED_REGS","FP_REGS","FP_ACC_REGS","CC_REGS","MDR_REGS","GENERAL_REGS","SP_OR_GENERAL_REGS","ALL_REGS","LIM_REGS"}|{"NO_REGS","R12_REGS","R13_REGS","GEN_REGS","ALL_REGS"}|{"NO_REGS","R5_REG","R8_REG","R15_TA_REG","STACK_REG","FRAME_POINTER_REG","LOW_REGS","MIDDLE_REGS","HIGH_REGS","GENERAL_REGS","FRAME_REGS","FP_REGS","ALL_REGS"}|{"NO_REGS","ALL_REGS"}|{"NO_REGS","SIBCALL_REGS","DOUBLE_REGS","GOT_REGS","GENERAL_REGS","FLAG_REGS","ALL_REGS"}|{"NO_REGS","R1_REGS","GENERAL_REGS","FPUPPER_REGS","FP_REGS","GENERAL_OR_FP_REGS","SHIFT_REGS","ALL_REGS"}|{"NO_REGS","NOTR0_REG","NOTR1_REG","NOTR2_REG","NOTR3_REG","NOTR4_REG","NOTR5_REG","SP_REG","MUL_REGS","GENERAL_REGS","LOAD_FPU_REGS","NO_LOAD_FPU_REGS","FPU_REGS","CC_REGS","ALL_REGS"}|{"NO_REGS","SIB_REGS","LOOPCNTR_REGS","MULDST_REGS","MULSRC0_REGS","MULSRC1_REGS","REGIO_REGS","GP_REGS","ALL_REGS"}|{"NO_REGS","SIBCALL_REGS","RVC_GR_REGS","JALR_REGS","GR_REGS","RVC_FP_REGS","FP_REGS","FRAME_REGS","VM_REGS","VD_REGS","V_REGS","ALL_REGS"}|{"NO_REGS","XREG","AREG","AXREG","CREG","BREG","BCREG","EREG","DREG","DEREG","LREG","HREG","HLREG","IDX_REGS","QI_REGS","SPREG","R8W_REGS","R10W_REGS","INT_REGS","V_REGS","GR_REGS","PSWREG","ALL_REGS"}|{"NO_REGS","BASE_REGS","GENERAL_REGS","FLOAT_REGS","ALTIVEC_REGS","VSX_REGS","DMR_REGS","VRSAVE_REGS","VSCR_REGS","GEN_OR_FLOAT_REGS","GEN_OR_VSX_REGS","LINK_REGS","CTR_REGS","LINK_OR_CTR_REGS","SPECIAL_REGS","SPEC_OR_GEN_REGS","CR0_REGS","CR_REGS","NON_FLOAT_REGS","CA_REGS","ALL_REGS"}|{"NO_REGS","CC_REGS","ADDR_REGS","GENERAL_REGS","ACCESS_REGS","ADDR_CC_REGS","GENERAL_CC_REGS","FP_REGS","ADDR_FP_REGS","GENERAL_FP_REGS","VEC_REGS","ADDR_VEC_REGS","GENERAL_VEC_REGS","ALL_REGS"}|{"NO_REGS","R0_REGS","PR_REGS","T_REGS","MAC_REGS","FPUL_REGS","SIBCALL_REGS","NON_SP_REGS","GENERAL_REGS","FP0_REGS","FP_REGS","DF_REGS","FPSCR_REGS","GENERAL_FP_REGS","GENERAL_DF_REGS","TARGET_REGS","ALL_REGS",}|{"NO_REGS","FPCC_REGS","I64_REGS","GENERAL_REGS","FP_REGS","EXTRA_FP_REGS","GENERAL_OR_FP_REGS","GENERAL_OR_EXTRA_FP_REGS","ALL_REGS"}|{"NO_REGS","EVEN_REGS","GENERAL_REGS","ALL_REGS","LIM_REGS"}|{"NO_REGS","MDB","MDC","FP_REGS","FLAGS","R1","R2","R3","SIBCALL_REGS","LOW_REGS","GENERAL_REGS","ALL_REGS"}|{"NO_REGS","R0_REGS","R1_REGS","TWO_REGS","R2_REGS","EIGHT_REGS","R8_REGS","ICALL_REGS","GENERAL_REGS","ALL_REGS"}|{"NO_REGS","BR_REGS","FP_REGS","ACC_REG","SP_REG","ISC_REGS","RL_REGS","GR_REGS","AR_REGS","ALL_REGS"}
DIVERGENT-BY-VALUE	ACCUM_TYPE_SIZE	48	2	(((8)*2)*2)|32
UNREADABLE-function-like	ADJUST_FIELD_ALIGN	48	1	<NOT-EXPANDED:function-like>
UNREADABLE-function-like	ELF_ASCII_ESCAPES	48	2	"\1\1\1\1\1\1\1\1btn\1fr\1\1\1\1\1\1\1\1\1\1\1\1\1\1\1\1\1\1\0\0\"\0\0\0\0\0\0\0\0\0\0\0\0\0\0\0\0\0\0\0\0\0\0\0\0\0\0\0\0\0\0\0\0\0\0\0\0\0\0\0\0\0\0\0\0\0\0\0\0\0\0\0\0\0\0\0\0\0\\\0\0\0\0\0\0\0\0\0\0\0\0\0\0\0\0\0\0\0\0\0\0\0\0\0\0\0\0\0\0\0\0\0\0\1\1\1\1\1\1\1\1\1\1\1\1\1\1\1\1\1\1\1\1\1\1\1\1\1\1\1\1\1\1\1\1\1\1\1\1\1\1\1\1\1\1\1\1\1\1\1\1\1\1\1\1\1\1\1\1\1\1\1\1\1\1\1\1\1\1\1\1\1\1\1\1\1\1\1\1\1\1\1\1\1\1\1\1\1\1\1\1\1\1\1\1\1\1\1\1\1\1\1\1\1\1\1\1\1\1\1\1\1\1\1\1\1\1\1\1\1\1\1\1\1\1\1\1\1\1\1\1\1"|<NOT-EXPANDED:function-like>
UNREADABLE-function-like	ASM_OUTPUT_DWARF_PCREL	48	1	<NOT-EXPANDED:function-like>
DIVERGENT-OPTION-STATE	WCHAR_TYPE_SIZE	48	3	32|targetm_cdata.bits_per_word|16
UNREADABLE-function-like	FUNCTION_VALUE_REGNO_P	48	1	<NOT-EXPANDED:function-like>
DIVERGENT-BY-VALUE	TARGET_LIBC_PROVIDES_SSP	48	2	1|0
DIVERGENT-BY-VALUE	TARGET_DLLIMPORT_DECL_ATTRIBUTES	48	2	0|1
UNREADABLE-function-like	SETUP_FRAME_ADDRESSES	48	2	<NOT-EXPANDED:function-like>|xtensa_setup_frame_addresses
DIVERGENT-OPTION-STATE	PIC_OFFSET_TABLE_REGNUM	48	21	INVALID_REGNUM|29|26|arm_pic_register|13|46|global_options.x_flag_pic?28:INVALID_REGNUM|(global_options.x_flag_pic?(0+28):INVALID_REGNUM)|(ix86_use_pseudo_pic_reg()?(pic_offset_table_rtx?INVALID_REGNUM:(((global_options.x_ix86_isa_flags&(HOST_WIDE_INT_1U<<1))!=0)?43:3)):INVALID_REGNUM)|((1)+0)|global_options.x_flag_pic?26:INVALID_REGNUM|12|(!global_options.x_flag_pic?INVALID_REGNUM:reload_completed?REGNO(pic_offset_table_rtx):13)|0+20|(reload_completed?REGNO(pic_offset_table_rtx):28)|6|(pic_offset_table_rtx?INVALID_REGNUM:((16)<16||(16)>31?(16):(16)&1?((16)-16)/2+16:((16)-16)/2+24))|(global_options.x_flag_pic?(1?27:19):INVALID_REGNUM)|(((((global_options.x_rs6000_isa_flags&(HOST_WIDE_INT_1U<<0))!=0)||(((global_options.x_rs6000_isa_flags&(HOST_WIDE_INT_1U<<21))!=0)&&global_options.x_flag_pic>1)||global_options.x_rs6000_current_abi!=ABI_V4)&&!((global_options.x_rs6000_isa_flags&(HOST_WIDE_INT_1U<<27))!=0))?(((global_options.x_rs6000_isa_flags&(HOST_WIDE_INT_1U<<21))!=0)?30:2):global_options.x_flag_pic?30:INVALID_REGNUM)|global_options.x_flag_pic?12:INVALID_REGNUM|false&&global_options.x_flag_pic?23:INVALID_REGNUM
UNREADABLE-function-like	INVOKE__main	48	2	<NOT-EXPANDED:function-like>|
UNREADABLE-function-like	INIT_CUMULATIVE_LIBCALL_ARGS	48	1	<NOT-EXPANDED:function-like>
DIVERGENT-OPTION-STATE	HAS_LONG_UNCOND_BRANCH	48	3	0|true|1
UNREADABLE-function-like	CPP_SPEC	48	14	"%{pthread:-D_REENTRANT}"|"%{posix:-D_POSIX_SOURCE}%{pthread:-D_REENTRANT}"|"%{msimd:-D__Xsimd}%{mno-mpy:-D__Xno_mpy}%{mswap:-D__Xswap}%{mmin-max:-D__Xmin_max}%{mEA:-D__Xea}%{mspfp*:-D__Xspfp}%{mdpfp*:-D__Xdpfp}%{mmac-d16:-D__Xxmac_d16}%{mmac-24:-D__Xxmac_24}%{mdsp-packa:-D__Xdsp_packa}%{mcrc:-D__Xcrc}%{mdvbf:-D__Xdvbf}%{mtelephony:-D__Xtelephony}%{mxy:-D__Xxy}%{mmul64:-D__Xmult32}%{mlock:-D__Xlock}%{mswape:-D__Xswape}%{mrtsc:-D__Xrtsc}%(subtarget_cpp_spec)"|"%(subtarget_cpp_spec)"|<NOT-EXPANDED:function-like>|"%{mtune=*:-D__tune_%*%{mtune=v*:-D__CRIS_arch_tune=%*}%{mtune=etrax4:-D__tune_v3-D__CRIS_arch_tune=3}%{mtune=etrax100:-D__tune_v8-D__CRIS_arch_tune=8}%{mtune=svinto:-D__tune_v8-D__CRIS_arch_tune=8}%{mtune=etrax100lx:-D__tune_v10-D__CRIS_arch_tune=10}%{mtune=ng:-D__tune_v10-D__CRIS_arch_tune=10}}%{mcpu=*:-D__arch_%*%{mcpu=v*:-D__CRIS_arch_version=%*}%{mcpu=etrax4:-D__arch_v3-D__CRIS_arch_version=3}%{mcpu=etrax100:-D__arch_v8-D__CRIS_arch_version=8}%{mcpu=svinto:-D__arch_v8-D__CRIS_arch_version=8}%{mcpu=etrax100lx:-D__arch_v10-D__CRIS_arch_version=10}%{mcpu=ng:-D__arch_v10-D__CRIS_arch_version=10}}%{march=*:-D__arch_%*%{march=v*:-D__CRIS_arch_version=%*}%{march=etrax4:-D__arch_v3-D__CRIS_arch_version=3}%{march=etrax100:-D__arch_v8-D__CRIS_arch_version=8}%{march=svinto:-D__arch_v8-D__CRIS_arch_version=8}%{march=etrax100lx:-D__arch_v10-D__CRIS_arch_version=10}%{march=ng:-D__arch_v10-D__CRIS_arch_version=10}}%{metrax100:-D__arch__v8-D__CRIS_arch_version=8}%{metrax4:-D__arch__v3-D__CRIS_arch_version=3}%(cpp_subtarget)"|"%(cpp_cpu)"|"%{m210:%{mlittle-endian:%ethem210doesnothavelittleendiansupport}}"|"%(cpp_device)""%{mabi=ti:-D__PRU_EABI_TI__;:-D__PRU_EABI_GNU__}"|"%{posix:-D_POSIX_SOURCE}%{mads:%(cpp_os_ads);myellowknife:%(cpp_os_yellowknife);mmvme:%(cpp_os_mvme);msim:%(cpp_os_sim);mcall-freebsd:%(cpp_os_freebsd);mcall-linux:%(cpp_os_linux);mcall-netbsd:%(cpp_os_netbsd);mcall-openbsd:%(cpp_os_openbsd);:%(cpp_os_default)}"|"%{mpid:-D_RX_PID=1}%{mint-register=*:-D_RX_INT_REGISTERS=%*}%{msmall-data-limit*:-D_RX_SMALL_DATA}"|"%(cpp_cpu)%(cpp_arch)%(cpp_endian)%(cpp_other)%(cpp_subtarget)"|"%{mv850e3v5:-D__v850e3v5__}%{mv850e2v3:-D__v850e2v3__}%{mv850e2:-D__v850e2__}%{mv850es:-D__v850e1__}%{mv850e1:-D__v850e1__}%{mv850e:-D__v850e__}%{mv850:-D__v850__}%(subtarget_cpp_spec)%{mep:-D__EP__}"|"%{mcpu=gr6:-D__gr6__;:-D__gr5__}"
UNREADABLE-function-like	ASM_SPEC	48	39	"%{mbig-endian:-EB}%{mlittle-endian:-EL}%{menable-sysreg-checking}%(asm_cpu_spec)""%{mabi=*:-mabi=%*}"|"%{G*}%{relax:-relax}%{mcpu=*:-m%*}"|"%{mbig-endian|EB:-EB}%{EL}""%:cpu_to_as(%{mcpu=*:%*})%{mspfp*}%{mdpfp*}""%{mfpu=fpuda*:-mfpuda}%{mcode-density}"|"%{mbig-endian:-EB}%{mlittle-endian:-EL}%(asm_cpu_spec)%{mapcs-*:-mapcs-%*}%(subtarget_asm_float_spec)%{mthumb-interwork:-mthumb-interwork}%{mfloat-abi=*}%{!mfpu=auto:%{mfpu=*}}%(subtarget_extra_asm_spec)"|"%(asm_arch)""%(asm_relax)""%(asm_rmw)""%(asm_gccisr)""%(asm_errata_skip)"|"%{mno-fdpic:-mnopic}%{mfdpic}"|"%{mbig-endian:-EB}%{!mbig-endian:-EL}%{mxbpf:-mxbpf}""%{masm=normal:-mdialect=normal}""%{masm=pseudoc:-mdialect=pseudoc}""%{!masm=normal:%{!masm=pseudoc:-mdialect=pseudoc}}"|"%{march=*:-march=%*}%{mbig-endian:-mbig-endian}%{mdsbt:-mdsbt%{"NO_FPIC2_SPEC":-mpid=near}%{"FPIC2_SPEC":-mpid=far-mpic}%{"FPIC1_SPEC":-mpic}}%{!mdsbt:%{"FPIC1_SPEC":-mpic-mpid=near}%{"FPIC2_SPEC":-mpic-mpid=far}}"|"%(asm_subtarget)%{march=*:%{mcpu=*:%edonotspecifyboth-march=...and-mcpu=...}}%{march=v0|mcpu=v0|march=v3|mcpu=v3|march=v8|mcpu=v8:--march=v0_v10}%{march=v10|mcpu=v10:--march=v10}"|"%{mbig-endian:-mbig-endian}%{EB:-EB}%{EL:-EL}%{fpic|fPIC:-pic}%{mcpu=*:-mcpu=%*}%{march=*:-march=%*}%{mhard-float:-mhard-float}%{mfloat-abi=softfp:-mhard-float}%{mfloat-abi=hard:-mhard-float}%{melrw:-melrw}%{mno-elrw:-mno-elrw}%{mistack:-mistack}%{mno-istack:-mno-istack}%{mmp:-mmp}%{mcp:-mcp}%{mcache:-mcache}%{msecurity|mmac:-msecurity}%{mtrust:-mtrust}%{mdsp:-mdsp}%{medsp:-medsp}%{mvdsp:-mvdsp}"|<NOT-EXPANDED:function-like>|""|"%{G*}%{mtomcat-stats}%{!mno-eflags:%{mcpu=*}%{mgpr-*}%{mfpr-*}%{msoft-float}%{mhard-float}%{mdword}%{mno-dword}%{mdouble}%{mno-double}%{mmedia}%{mno-media}%{mmuladd}%{mno-muladd}%{mpack}%{mno-pack}%{mno-fdpic:-mnopic}%{mfdpic}%{"FPIE1_OR_FPIC1_SPEC":-mpic}%{"FPIE2_OR_FPIC2_SPEC":-mPIC}%{mlibrary-pic}}"|"-triple=amdgcn--amdhsa""%{march=*:-mcpu=%*}""%{""march=gfx9-generic:--amdhsa-code-object-version=6;""march=gfx9-4-generic:--amdhsa-code-object-version=6;""march=gfx10-3-generic:--amdhsa-code-object-version=6;""march=gfx11-generic:--amdhsa-code-object-version=6;""!march=*|march=*:--amdhsa-code-object-version=4}""%{""march=gfx900:%{!mxnack*|mxnack=default|mxnack=off:-mattr=-xnack;mxnack=on:-mattr=+xnack};""march=gfx902:%{!mxnack*|mxnack=default|mxnack=off:-mattr=-xnack;mxnack=on:-mattr=+xnack};""march=gfx904:%{!mxnack*|mxnack=default|mxnack=off:-mattr=-xnack;mxnack=on:-mattr=+xnack};""march=gfx906:%{!mxnack*|mxnack=default|mxnack=off:-mattr=-xnack;mxnack=on:-mattr=+xnack};""march=gfx908:%{!mxnack*|mxnack=default|mxnack=off:-mattr=-xnack;mxnack=on:-mattr=+xnack};""march=gfx909:%{mxnack=off:-mattr=-xnack;mxnack=on:-mattr=+xnack};""march=gfx90a:%{mxnack=off:-mattr=-xnack;mxnack=on:-mattr=+xnack};""march=gfx90c:%{mxnack=off:-mattr=-xnack;mxnack=on:-mattr=+xnack};""march=gfx942:%{mxnack=off:-mattr=-xnack;mxnack=on:-mattr=+xnack};""march=gfx950:%{mxnack=off:-mattr=-xnack;mxnack=on:-mattr=+xnack};""march=gfx9-generic:%{mxnack=off:-mattr=-xnack;mxnack=on:-mattr=+xnack};""march=gfx9-4-generic:%{mxnack=off:-mattr=-xnack;mxnack=on:-mattr=+xnack};""march=gfx1030:;""march=gfx1031:;""march=gfx1032:;""march=gfx1033:;""march=gfx1034:;""march=gfx1035:;""march=gfx1036:;""march=gfx10-3-generic:;""march=gfx1100:;""march=gfx1101:;""march=gfx1102:;""march=gfx1103:;""march=gfx1150:;""march=gfx1151:;""march=gfx1152:;""march=gfx1153:;""march=gfx11-generic:;"":%eexpectedmarch\n}""%{""march=gfx900:;""march=gfx902:;""march=gfx904:;""march=gfx906:%{msram-ecc=on:-mattr=+sramecc;msram-ecc=off:-mattr=-sramecc};""march=gfx908:%{msram-ecc=on:-mattr=+sramecc;msram-ecc=off:-mattr=-sramecc};""march=gfx909:;""march=gfx90a:%{msram-ecc=on:-mattr=+sramecc;msram-ecc=off:-mattr=-sramecc};""march=gfx90c:;""march=gfx942:%{msram-ecc=on:-mattr=+sramecc;msram-ecc=off:-mattr=-sramecc};""march=gfx950:%{msram-ecc=on:-mattr=+sramecc;msram-ecc=off:-mattr=-sramecc};""march=gfx9-generic:;""march=gfx9-4-generic:%{msram-ecc=on:-mattr=+sramecc;msram-ecc=off:-mattr=-sramecc};""march=gfx1030:;""march=gfx1031:;""march=gfx1032:;""march=gfx1033:;""march=gfx1034:;""march=gfx1035:;""march=gfx1036:;""march=gfx10-3-generic:;""march=gfx1100:;""march=gfx1101:;""march=gfx1102:;""march=gfx1103:;""march=gfx1150:;""march=gfx1151:;""march=gfx1152:;""march=gfx1153:;""march=gfx11-generic:;"":%eexpectedmarch\n}""%{""march=gfx900:;""march=gfx902:;""march=gfx904:;""march=gfx906:;""march=gfx908:;""march=gfx909:;""march=gfx90a:;""march=gfx90c:;""march=gfx942:;""march=gfx950:;""march=gfx9-generic:;""march=gfx9-4-generic:;""march=gfx1030:-mattr=+wavefrontsize64;""march=gfx1031:-mattr=+wavefrontsize64;""march=gfx1032:-mattr=+wavefrontsize64;""march=gfx1033:-mattr=+wavefrontsize64;""march=gfx1034:-mattr=+wavefrontsize64;""march=gfx1035:-mattr=+wavefrontsize64;""march=gfx1036:-mattr=+wavefrontsize64;""march=gfx10-3-generic:-mattr=+wavefrontsize64;""march=gfx1100:-mattr=+wavefrontsize64;""march=gfx1101:-mattr=+wavefrontsize64;""march=gfx1102:-mattr=+wavefrontsize64;""march=gfx1103:-mattr=+wavefrontsize64;""march=gfx1150:-mattr=+wavefrontsize64;""march=gfx1151:-mattr=+wavefrontsize64;""march=gfx1152:-mattr=+wavefrontsize64;""march=gfx1153:-mattr=+wavefrontsize64;""march=gfx11-generic:-mattr=+wavefrontsize64;"":%eexpectedmarch\n}""%{""march=gfx900:;""march=gfx902:;""march=gfx904:;""march=gfx906:;""march=gfx908:;""march=gfx909:;""march=gfx90a:;""march=gfx90c:;""march=gfx942:;""march=gfx950:;""march=gfx9-generic:;""march=gfx9-4-generic:;""march=gfx1030:-mattr=+cumode;""march=gfx1031:-mattr=+cumode;""march=gfx1032:-mattr=+cumode;""march=gfx1033:-mattr=+cumode;""march=gfx1034:-mattr=+cumode;""march=gfx1035:-mattr=+cumode;""march=gfx1036:-mattr=+cumode;""march=gfx10-3-generic:-mattr=+cumode;""march=gfx1100:-mattr=+cumode;""march=gfx1101:-mattr=+cumode;""march=gfx1102:-mattr=+cumode;""march=gfx1103:-mattr=+cumode;""march=gfx1150:-mattr=+cumode;""march=gfx1151:-mattr=+cumode;""march=gfx1152:-mattr=+cumode;""march=gfx1153:-mattr=+cumode;""march=gfx11-generic:-mattr=+cumode;"":%eexpectedmarch\n}""-filetype=obj"|"%{""m64|mx32:;"":--32}%{""m64"":--64}%{""mx32"":--x32}%{msse2avx:%{!mavx:-msse2avx}}"|"-x%{mconstant-gp}%{mauto-pic}%(asm_extra)"|"%{mmultiply-enabled}%{mdivide-enabled}%{mbarrel-shift-enabled}%{msign-extend-enabled}%{muser-enabled}"|"%{mabi=*}""%(asm_mrelax)""%(subtarget_asm_spec)"|"%(asm_cpu)%(relax)%{"FPIE_OR_FPIC_SPEC":-KPIC}"|"%(asm_cpu_spec)%(asm_pcrel_spec)"|"%{mbig-endian:-EB}%{m210:-cpu=210-EB}"|"%(target_asm_spec)%{mbig-endian:-EB}%{mlittle-endian:-EL}"|"%{G*}%(endian_spec)%{mips1}%{mips2}%{mips3}%{mips4}%{mips32*}%{mips64*}%{mips16}%{mno-mips16:-no-mips16}%{mmicromips}%{mno-micromips}%{mips3d}%{mno-mips3d:-no-mips3d}%{mdmx}%{mno-mdmx:-no-mdmx}%{mdsp}%{mno-dsp}%{mdspr2}%{mno-dspr2}%{mmcu}%{mno-mcu}%{meva}%{mno-eva}%{mvirt}%{mno-virt}%{mxpa}%{mno-xpa}%{mcrc}%{mno-crc}%{mginv}%{mno-ginv}%{mmsa}%{mno-msa}%{mloongson-mmi}%{mno-loongson-mmi}%{mloongson-ext}%{mno-loongson-ext}%{mloongson-ext2}%{mno-loongson-ext2}%{msmartmips}%{mno-smartmips}%{mmt}%{mno-mt}%{mfix-r5900}%{mno-fix-r5900}%{mfix-rm7000}%{mno-fix-rm7000}%{mfix-vr4120}%{mfix-vr4130}%{mfix-24k}%{noasmopt:-O0;O0|fno-delayed-branch:-O1;O*:-O2;:-O1}%(subtarget_asm_debugging_spec)%{mabi=*}%{!mabi=*:%(asm_abi_default_spec)}%{mgp32}%{mgp64}%{march=*}%{mxgot:-xgot}%{mfp32}%{mfpxx}%{mfp64}%{mnan=*}%{modd-spreg}%{mno-odd-spreg}%{mshared}%{mno-shared}%{msym32}%{mno-sym32}%{mtune=*}""%(asm_fp_module)""%{mmips16e2}%(subtarget_asm_spec)"|"-no-predefined-syms-x"|"%{!mel:-EB}%{mel:-EL}"|"-mP""%{mcpu=*:-mcpu=%*}""%{mrelax=-mQ}""%{mlarge:-ml}""%{msilicon-errata=*:-msilicon-errata=%*}""%{msilicon-errata-warn=*:-msilicon-errata-warn=%*}""%{ffunction-sections:-gdwarf-sections}""%{mdata-region=*:-mdata-region=%*}"|"%{mbig-endian:-EB}%{mlittle-endian:-EL}""%{march=*:-march=%*}""%{mno-16-bit|mno-16bit:-mno-16bit-ext}""%{march=v3m:%{!mfull-regs:%{!mreduced-regs:-mreduced-regs}}}""%{mfull-regs:-mno-reduced-regs}""%{mreduced-regs:-mreduced-regs}""%{mabi=*:-mabi=v%*}""%{mconfig-fpu=*:-mfpu-freg=%*}""%{mext-fpu-mac:-mmac}""%{mno-ext-fpu-mac:-mno-mac}""%{mext-fpu-sp:-mfpu-sp-ext}""%{mno-ext-fpu-sp:-mno-fpu-sp-ext}""%{mext-fpu-dp:-mfpu-dp-ext}""%{mno-ext-fpu-sp:-mno-fpu-dp-ext}""%{mext-dsp:-mdsp-ext}""%{O|O1|O2|O3|Ofast:-O1;:-Os}"|"%(asm_device)"|"%(subtarget_asm_debugging_spec)%{"FPIE_OR_FPIC_SPEC":-fpic}%{march=*}%{mabi=*}%{mno-relax}%{mbig-endian}%{mlittle-endian}%(subtarget_asm_spec)""%{misa-spec=*}"|"%{mrelax:-relax}%{mg10:--mg10}%{mg13:--mg13}%{mg14:--mg14}%{mrl78:--mg14}%{mcpu=g10:--mg10}%{mcpu=g13:--mg13}%{mcpu=g14:--mg14}%{mcpu=rl78:--mg14}"|"%{!m64:%(asm_spec32)}%{m64:%(asm_spec64)}%(asm_spec_common)"|"%{mbig-endian-data:-mbig-endian-data}%{m64bit-doubles:-m64bit-doubles}%{!m64bit-doubles:-m32bit-doubles}%{msmall-data-limit*:-msmall-data-limit}%{mrelax:-relax}%{mpid}%{mno-allow-string-insns}%{mint-register=*}%{mgcc-abi:-mgcc-abi}%{!mgcc-abi:-mrx-abi}%{mcpu=*}"|"%{march=z*}""%{march=arch5:-march=z900}""%{march=arch6:-march=z990}""%{march=arch7:-march=z9-ec}""%{march=arch8:-march=z10}""%{march=arch9:-march=z196}""%{march=arch10:-march=zEC12}""%{march=arch11:-march=z13}"|"%(subtarget_asm_endian_spec)%{mrelax:-relax%(subtarget_asm_relax_spec)}%(subtarget_asm_isa_spec)%(subtarget_asm_spec)%{m1:--isa=sh}%{m2:--isa=sh2}%{m2e:--isa=sh2e}%{m3:--isa=sh3}%{m3e:--isa=sh3e}%{m4:--isa=sh4a}%{m4-single:--isa=sh4a}%{m4-single-only:--isa=sh4a}%{m4-nofpu:--isa=sh4a-nofpu}%{m4a:--isa=sh4a}%{m4a-single:--isa=sh4a}%{m4a-single-only:--isa=sh4a}%{m4a-nofpu:--isa=sh4a-nofpu}%{m2a:--isa=sh2a}%{m2a-single:--isa=sh2a}%{m2a-single-only:--isa=sh2a}%{m2a-nofpu:--isa=sh2a-nofpu}%{m4al:-dsp}"|"-s%{"FPIE_OR_FPIC_SPEC":-KPIC}%{!.c:%{findirect-dispatch:-KPIC}}%(asm_cpu)%(asm_arch)%(asm_relax)"|"%{m850es:-mv850e1}%{!mv850es:%{mv*:-mv%*}}%{mrelax:-mrelax}%{m8byte-align:-m8byte-align}%{msoft-float:-msoft-float}%{mhard-float:-mhard-float}%{mgcc-abi:-mgcc-abi}"|"%{"FPIC_SPEC":-k}"|"%{mcpu=gr6:-mtune=gr6;:-mtune=mcm}"|"%{mtext-section-literals:--text-section-literals}%{mno-text-section-literals:--no-text-section-literals}%{mtarget-align:--target-align}%{mno-target-align:--no-target-align}%{mlongcalls:--longcalls}%{mno-longcalls:--no-longcalls}%{mauto-litpools:--auto-litpools}%{mno-auto-litpools:--no-auto-litpools}%{mabi=windowed:--abi-windowed}%{mabi=call0:--abi-call0}"
UNREADABLE-function-like	ASM_OUTPUT_WEAKREF	48	1	<NOT-EXPANDED:function-like>
DIVERGENT-OPTION-STATE	STACK_SIZE_MODE	48	5	word_mode|(mt_pmode())|(scalar_int_mode((scalar_int_mode::from_int)E_DImode))|((!((global_options.x_rs6000_isa_flags&(HOST_WIDE_INT_1U<<0))!=0))?(scalar_int_mode((scalar_int_mode::from_int)E_SImode)):(scalar_int_mode((scalar_int_mode::from_int)E_DImode)))|((mt_pmode()))
UNREADABLE-function-like	MODE_BASE_REG_REG_CLASS	48	1	<NOT-EXPANDED:function-like>
UNREADABLE-function-like	DWARF2_FRAME_INFO	48	3	<NOT-EXPANDED:function-like>|0|1
UNREADABLE-function-like	ASM_OUTPUT_SKIP	48	1	<NOT-EXPANDED:function-like>
DIVERGENT-OPTION-STATE	UINT64_TYPE	48	10	((targetm_cdata.long_type_size)==64?"longunsignedint":"longlongunsignedint")|((targetm_cdata.long_type_size)==64?"longunsignedint":64==64?"longlongunsignedint":32==64?"unsignedint":0)|((targetm_cdata.long_type_size)==64?"longunsignedint":((targetm_cdata.bits_per_word)*2)==64?"longlongunsignedint":(targetm_cdata.bits_per_word)==64?"unsignedint":0)|((((global_options.x_target_flags&(1U<<6))!=0)?8:16)==16?"longlongunsignedint":0)|"longunsignedint"|((targetm_cdata.long_type_size)==64?"longunsignedint":64==64?"longlongunsignedint":(((global_options.x_target_flags&(1U<<4))!=0)?32:16)==64?"unsignedint":0)|((targetm_cdata.long_type_size)==64?"longunsignedint":((targetm_cdata.bits_per_word)*2)==64?"longlongunsignedint":(((global_options.x_target_flags&(1U<<7))!=0)?16:32)==64?"unsignedint":0)|((targetm_cdata.long_type_size)==64?"longunsignedint":64==64?"longlongunsignedint":(targetm_cdata.bits_per_word)==64?"unsignedint":0)|((targetm_cdata.long_type_size)==64?"longunsignedint":64==64?"longlongunsignedint":16==64?"unsignedint":0)|((targetm_cdata.long_type_size)==64?"longunsignedint":64==64?"longlongunsignedint":(((global_options.x_target_flags&(1U<<6))==0)?16:32)==64?"unsignedint":0)
UNREADABLE-function-like	TARGET_ASM_SELECT_SECTION	48	3	default_elf_select_section|x86_64_elf_select_section|<NOT-EXPANDED:function-like>
UNREADABLE-function-like	TARGET_ASM_OUTPUT_IDENT	48	4	default_asm_output_ident_directive|cris_asm_output_ident|microblaze_asm_output_ident|<NOT-EXPANDED:function-like>
UNREADABLE-function-like	TARGET_ABI_OPEN_VMS	48	2	<NOT-EXPANDED:function-like>|0
UNREADABLE-function-like	HAVE_sync_compare_and_swapsi	48	4	<NOT-EXPANDED:function-like>|1|((global_options_set.x_target_flags&(1U<<16)?((global_options.x_target_flags&(1U<<16))!=0)&&!((global_options.x_target_flags&(1U<<15))!=0):(mips_isa>=MIPS_ISA_MIPS2&&!(mips_arch==PROCESSOR_R5900)&&(!((global_options.x_target_flags&(1U<<15))!=0)||(((global_options.x_target_flags&(1U<<15))!=0)&&global_options.x_TARGET_MIPS16E2&&!((global_options.x_target_flags&(1U<<12))!=0))))))|((xtensa_get_config_v1()->xchal_have_s32c1i))
UNREADABLE-function-like	EH_RETURN_TAKEN_RTX	48	2	gen_rtx_REG((mt_pmode()),4)|<NOT-EXPANDED:function-like>
UNREADABLE-function-like	RED_ZONE_SIZE	48	2	<NOT-EXPANDED:function-like>|128
UNREADABLE-function-like	LOCAL_DECL_ALIGNMENT	48	1	<NOT-EXPANDED:function-like>
UNREADABLE-function-like	INSN_REFERENCES_ARE_DELAYED	48	1	<NOT-EXPANDED:function-like>
UNREADABLE-function-like	ASM_GENERATE_INTERNAL_LABEL	48	1	<NOT-EXPANDED:function-like>
UNREADABLE-function-like	ASM_DECLARE_COLD_FUNCTION_SIZE	48	1	<NOT-EXPANDED:function-like>
DIVERGENT-BY-VALUE	TARGET_CLONES_ATTR_SEPARATOR	48	2	','|'#'
UNREADABLE-function-like	PREFERRED_RELOAD_CLASS	48	2	<NOT-EXPANDED:function-like>|alpha_preferred_reload_class
DIVERGENT-BY-VALUE	SHORT_ACCUM_TYPE_SIZE	48	2	((8)*2)|16
UNREADABLE-function-like	REGNO_OK_FOR_BASE_P	48	1	<NOT-EXPANDED:function-like>
UNREADABLE-function-like	ASM_DECLARE_COLD_FUNCTION_NAME	48	1	<NOT-EXPANDED:function-like>
UNREADABLE-function-like	ASM_OUTPUT_REG_PUSH	48	1	<NOT-EXPANDED:function-like>
DIVERGENT-OPTION-STATE	PREFERRED_DEBUGGING_TYPE	48	3	1U<<DINFO_TYPE_DWARF2|1U<<DINFO_TYPE_BTF|0U
UNREADABLE-function-like	MINIMUM_ATOMIC_ALIGNMENT	48	3	<NOT-EXPANDED:function-like>|((unsignedint)(((global_options.x_target_flags&(1U<<1))!=0)?8:32))|8
UNREADABLE-function-like	REVERSIBLE_CC_MODE	48	1	<NOT-EXPANDED:function-like>
DIVERGENT-OPTION-STATE	HONOR_REG_ALLOC_ORDER	48	4	0|1|optimize_function_for_size_p(cfun)|global_options.x_optimize_size
UNREADABLE-function-like	ADDR_VEC_ALIGN	48	1	<NOT-EXPANDED:function-like>
UNREADABLE-function-like	INIT_CUMULATIVE_INCOMING_ARGS	48	1	<NOT-EXPANDED:function-like>
UNREADABLE-function-like	ASM_OUTPUT_ALIGNED_COMMON	48	1	<NOT-EXPANDED:function-like>
DIVERGENT-BY-VALUE	TARGET_FHARDENED_SUPPORTED	48	2	1|0
UNREADABLE-function-like	REGISTER_PREFIX	48	4	<NOT-EXPANDED:function-like>|""|"$"|"%"
UNREADABLE-function-like	LIBTSAN_EARLY_SPEC	48	2	"%{!shared:libtsan_preinit%O%s}""%{static-libtsan:%{!shared:""%(link_static)--whole-archive-ltsan--no-whole-archive""%(link_dynamic)""}}%{!static-libtsan:-ltsan}"|<NOT-EXPANDED:function-like>
UNREADABLE-function-like	BTF_DEBUGGING_INFO	48	2	1|<NOT-EXPANDED:function-like>
UNREADABLE-function-like	DYNAMIC_CHAIN_ADDRESS	48	2	<NOT-EXPANDED:function-like>|or1k_dynamic_chain_addr
UNREADABLE-function-like	POINTERS_EXTEND_UNSIGNED	48	3	1|<NOT-EXPANDED:function-like>|false
UNREADABLE-function-like	ASM_OUTPUT_CASE_END	48	1	<NOT-EXPANDED:function-like>
UNREADABLE-function-like	ASM_OUTPUT_ALIGNED_BSS	48	1	<NOT-EXPANDED:function-like>
DIVERGENT-BY-VALUE	TARGET_VTABLE_USES_DESCRIPTORS	48	2	0|0?4:2
UNREADABLE-function-like	HAVE_sync_compare_and_swapdi	48	3	<NOT-EXPANDED:function-like>|1|(((global_options_set.x_target_flags&(1U<<16)?((global_options.x_target_flags&(1U<<16))!=0)&&!((global_options.x_target_flags&(1U<<15))!=0):(mips_isa>=MIPS_ISA_MIPS2&&!(mips_arch==PROCESSOR_R5900)&&(!((global_options.x_target_flags&(1U<<15))!=0)||(((global_options.x_target_flags&(1U<<15))!=0)&&global_options.x_TARGET_MIPS16E2&&!((global_options.x_target_flags&(1U<<12))!=0))))))&&(((global_options.x_target_flags&(1U<<12))!=0)))
UNREADABLE-function-like	ASM_OUTPUT_ASCII	48	3	<NOT-EXPANDED:function-like>|loongarch_output_ascii|mips_output_ascii
UNREADABLE-function-like	FLOAT_STORE_FLAG_VALUE	48	1	<NOT-EXPANDED:function-like>
DIVERGENT-OPTION-STATE	TARGET_VTABLE_ENTRY_ALIGN	48	4	(mt_pointer_size())|8|64|16
UNREADABLE-function-like	INCOMING_REG_PARM_STACK_SPACE	48	1	<NOT-EXPANDED:function-like>
UNREADABLE-function-like	RS6000_DEFAULT_LONG_DOUBLE_SIZE	48	2	<NOT-EXPANDED:function-like>|128
UNREADABLE-function-like	PTR_SIZE	48	2	<NOT-EXPANDED:function-like>|(((global_options.x_target_flags&(1U<<3))!=0)?4:2)
UNREADABLE-function-like	LOOP_ALIGN	48	1	<NOT-EXPANDED:function-like>
DIVERGENT-OPTION-STATE	UINT_LEAST16_TYPE	48	11	"shortunsignedint"|((16==16?"shortunsignedint":32==16?"unsignedint":(8)==16?"unsignedchar":0)?(16==16?"shortunsignedint":32==16?"unsignedint":(8)==16?"unsignedchar":0):(((targetm_cdata.long_type_size)==32)?"longunsignedint":32==32?"unsignedint":16==32?"shortunsignedint":(8)==32?"unsignedchar":0)?(((targetm_cdata.long_type_size)==32)?"longunsignedint":32==32?"unsignedint":16==32?"shortunsignedint":(8)==32?"unsignedchar":0):((targetm_cdata.long_type_size)==64?"longunsignedint":64==64?"longlongunsignedint":32==64?"unsignedint":0)?((targetm_cdata.long_type_size)==64?"longunsignedint":64==64?"longlongunsignedint":32==64?"unsignedint":0):0)|((((8)*MIN(((mt_units_per_word())+1)/2,2))==16?"shortunsignedint":(targetm_cdata.bits_per_word)==16?"unsignedint":(8)==16?"unsignedchar":0)?(((8)*MIN(((mt_units_per_word())+1)/2,2))==16?"shortunsignedint":(targetm_cdata.bits_per_word)==16?"unsignedint":(8)==16?"unsignedchar":0):(((targetm_cdata.long_type_size)==32)?"longunsignedint":(targetm_cdata.bits_per_word)==32?"unsignedint":((8)*MIN(((mt_units_per_word())+1)/2,2))==32?"shortunsignedint":(8)==32?"unsignedchar":0)?(((targetm_cdata.long_type_size)==32)?"longunsignedint":(targetm_cdata.bits_per_word)==32?"unsignedint":((8)*MIN(((mt_units_per_word())+1)/2,2))==32?"shortunsignedint":(8)==32?"unsignedchar":0):((targetm_cdata.long_type_size)==64?"longunsignedint":((targetm_cdata.bits_per_word)*2)==64?"longlongunsignedint":(targetm_cdata.bits_per_word)==64?"unsignedint":0)?((targetm_cdata.long_type_size)==64?"longunsignedint":((targetm_cdata.bits_per_word)*2)==64?"longlongunsignedint":(targetm_cdata.bits_per_word)==64?"unsignedint":0):0)|((((global_options.x_target_flags&(1U<<6))!=0)?8:16)==16?"unsignedint":"longunsignedint")|((16==16?"shortunsignedint":32==16?"unsignedint":8==16?"unsignedchar":0)?(16==16?"shortunsignedint":32==16?"unsignedint":8==16?"unsignedchar":0):(((targetm_cdata.long_type_size)==32)?"longunsignedint":32==32?"unsignedint":16==32?"shortunsignedint":8==32?"unsignedchar":0)?(((targetm_cdata.long_type_size)==32)?"longunsignedint":32==32?"unsignedint":16==32?"shortunsignedint":8==32?"unsignedchar":0):((targetm_cdata.long_type_size)==64?"longunsignedint":64==64?"longlongunsignedint":32==64?"unsignedint":0)?((targetm_cdata.long_type_size)==64?"longunsignedint":64==64?"longlongunsignedint":32==64?"unsignedint":0):0)|((((8)*MIN(((mt_units_per_word())+1)/2,2))==16?"shortunsignedint":32==16?"unsignedint":(8)==16?"unsignedchar":0)?(((8)*MIN(((mt_units_per_word())+1)/2,2))==16?"shortunsignedint":32==16?"unsignedint":(8)==16?"unsignedchar":0):(((targetm_cdata.long_type_size)==32)?"longunsignedint":32==32?"unsignedint":((8)*MIN(((mt_units_per_word())+1)/2,2))==32?"shortunsignedint":(8)==32?"unsignedchar":0)?(((targetm_cdata.long_type_size)==32)?"longunsignedint":32==32?"unsignedint":((8)*MIN(((mt_units_per_word())+1)/2,2))==32?"shortunsignedint":(8)==32?"unsignedchar":0):((targetm_cdata.long_type_size)==64?"longunsignedint":64==64?"longlongunsignedint":32==64?"unsignedint":0)?((targetm_cdata.long_type_size)==64?"longunsignedint":64==64?"longlongunsignedint":32==64?"unsignedint":0):0)|((16==16?"shortunsignedint":(((global_options.x_target_flags&(1U<<4))!=0)?32:16)==16?"unsignedint":(8)==16?"unsignedchar":0)?(16==16?"shortunsignedint":(((global_options.x_target_flags&(1U<<4))!=0)?32:16)==16?"unsignedint":(8)==16?"unsignedchar":0):(((targetm_cdata.long_type_size)==32)?"longunsignedint":(((global_options.x_target_flags&(1U<<4))!=0)?32:16)==32?"unsignedint":16==32?"shortunsignedint":(8)==32?"unsignedchar":0)?(((targetm_cdata.long_type_size)==32)?"longunsignedint":(((global_options.x_target_flags&(1U<<4))!=0)?32:16)==32?"unsignedint":16==32?"shortunsignedint":(8)==32?"unsignedchar":0):((targetm_cdata.long_type_size)==64?"longunsignedint":64==64?"longlongunsignedint":(((global_options.x_target_flags&(1U<<4))!=0)?32:16)==64?"unsignedint":0)?((targetm_cdata.long_type_size)==64?"longunsignedint":64==64?"longlongunsignedint":(((global_options.x_target_flags&(1U<<4))!=0)?32:16)==64?"unsignedint":0):0)|((((8)*MIN(((mt_units_per_word())+1)/2,2))==16?"shortunsignedint":(((global_options.x_target_flags&(1U<<7))!=0)?16:32)==16?"unsignedint":(8)==16?"unsignedchar":0)?(((8)*MIN(((mt_units_per_word())+1)/2,2))==16?"shortunsignedint":(((global_options.x_target_flags&(1U<<7))!=0)?16:32)==16?"unsignedint":(8)==16?"unsignedchar":0):(((targetm_cdata.long_type_size)==32)?"longunsignedint":(((global_options.x_target_flags&(1U<<7))!=0)?16:32)==32?"unsignedint":((8)*MIN(((mt_units_per_word())+1)/2,2))==32?"shortunsignedint":(8)==32?"unsignedchar":0)?(((targetm_cdata.long_type_size)==32)?"longunsignedint":(((global_options.x_target_flags&(1U<<7))!=0)?16:32)==32?"unsignedint":((8)*MIN(((mt_units_per_word())+1)/2,2))==32?"shortunsignedint":(8)==32?"unsignedchar":0):((targetm_cdata.long_type_size)==64?"longunsignedint":((targetm_cdata.bits_per_word)*2)==64?"longlongunsignedint":(((global_options.x_target_flags&(1U<<7))!=0)?16:32)==64?"unsignedint":0)?((targetm_cdata.long_type_size)==64?"longunsignedint":((targetm_cdata.bits_per_word)*2)==64?"longlongunsignedint":(((global_options.x_target_flags&(1U<<7))!=0)?16:32)==64?"unsignedint":0):0)|((((8)*MIN(((mt_units_per_word())+1)/2,2))==16?"shortunsignedint":(targetm_cdata.bits_per_word)==16?"unsignedint":(8)==16?"unsignedchar":0)?(((8)*MIN(((mt_units_per_word())+1)/2,2))==16?"shortunsignedint":(targetm_cdata.bits_per_word)==16?"unsignedint":(8)==16?"unsignedchar":0):(((targetm_cdata.long_type_size)==32)?"longunsignedint":(targetm_cdata.bits_per_word)==32?"unsignedint":((8)*MIN(((mt_units_per_word())+1)/2,2))==32?"shortunsignedint":(8)==32?"unsignedchar":0)?(((targetm_cdata.long_type_size)==32)?"longunsignedint":(targetm_cdata.bits_per_word)==32?"unsignedint":((8)*MIN(((mt_units_per_word())+1)/2,2))==32?"shortunsignedint":(8)==32?"unsignedchar":0):((targetm_cdata.long_type_size)==64?"longunsignedint":64==64?"longlongunsignedint":(targetm_cdata.bits_per_word)==64?"unsignedint":0)?((targetm_cdata.long_type_size)==64?"longunsignedint":64==64?"longlongunsignedint":(targetm_cdata.bits_per_word)==64?"unsignedint":0):0)|((16==16?"shortunsignedint":16==16?"unsignedint":(8)==16?"unsignedchar":0)?(16==16?"shortunsignedint":16==16?"unsignedint":(8)==16?"unsignedchar":0):(((targetm_cdata.long_type_size)==32)?"longunsignedint":16==32?"unsignedint":16==32?"shortunsignedint":(8)==32?"unsignedchar":0)?(((targetm_cdata.long_type_size)==32)?"longunsignedint":16==32?"unsignedint":16==32?"shortunsignedint":(8)==32?"unsignedchar":0):((targetm_cdata.long_type_size)==64?"longunsignedint":64==64?"longlongunsignedint":16==64?"unsignedint":0)?((targetm_cdata.long_type_size)==64?"longunsignedint":64==64?"longlongunsignedint":16==64?"unsignedint":0):0)|((16==16?"shortunsignedint":(((global_options.x_target_flags&(1U<<6))==0)?16:32)==16?"unsignedint":(8)==16?"unsignedchar":0)?(16==16?"shortunsignedint":(((global_options.x_target_flags&(1U<<6))==0)?16:32)==16?"unsignedint":(8)==16?"unsignedchar":0):(((targetm_cdata.long_type_size)==32)?"longunsignedint":(((global_options.x_target_flags&(1U<<6))==0)?16:32)==32?"unsignedint":16==32?"shortunsignedint":(8)==32?"unsignedchar":0)?(((targetm_cdata.long_type_size)==32)?"longunsignedint":(((global_options.x_target_flags&(1U<<6))==0)?16:32)==32?"unsignedint":16==32?"shortunsignedint":(8)==32?"unsignedchar":0):((targetm_cdata.long_type_size)==64?"longunsignedint":64==64?"longlongunsignedint":(((global_options.x_target_flags&(1U<<6))==0)?16:32)==64?"unsignedint":0)?((targetm_cdata.long_type_size)==64?"longunsignedint":64==64?"longlongunsignedint":(((global_options.x_target_flags&(1U<<6))==0)?16:32)==64?"unsignedint":0):0)
DIVERGENT-BY-VALUE	STACK_CHECK_BUILTIN	48	2	0|1
UNREADABLE-function-like	REGNO_OK_FOR_INSN_BASE_P	48	1	<NOT-EXPANDED:function-like>
UNREADABLE-function-like	TARGET_CAN_SPLIT_STACK	48	2	<NOT-EXPANDED:function-like>|
DIVERGENT-BY-VALUE	STORE_FLAG_VALUE	48	2	1|-1
UNREADABLE-function-like	SPARC_STACK_BOUNDARY_HACK	48	2	<NOT-EXPANDED:function-like>|((!(!((global_options.x_target_flags&(1U<<0))!=0)))&&((global_options.x_target_flags&(1U<<12))!=0))
DIVERGENT-OPTION-STATE	INT_FAST8_TYPE	48	10	"signedchar"|(32>=8?"int":(((8)==8?"signedchar":0)?((8)==8?"signedchar":0):(16==16?"shortint":32==16?"int":(8)==16?"signedchar":0)?(16==16?"shortint":32==16?"int":(8)==16?"signedchar":0):(((targetm_cdata.long_type_size)==32)?"longint":32==32?"int":16==32?"shortint":(8)==32?"signedchar":0)?(((targetm_cdata.long_type_size)==32)?"longint":32==32?"int":16==32?"shortint":(8)==32?"signedchar":0):((targetm_cdata.long_type_size)==64?"longint":64==64?"longlongint":32==64?"int":0)?((targetm_cdata.long_type_size)==64?"longint":64==64?"longlongint":32==64?"int":0):0))|((targetm_cdata.bits_per_word)>=8?"int":(((8)==8?"signedchar":0)?((8)==8?"signedchar":0):(((8)*MIN(((mt_units_per_word())+1)/2,2))==16?"shortint":(targetm_cdata.bits_per_word)==16?"int":(8)==16?"signedchar":0)?(((8)*MIN(((mt_units_per_word())+1)/2,2))==16?"shortint":(targetm_cdata.bits_per_word)==16?"int":(8)==16?"signedchar":0):(((targetm_cdata.long_type_size)==32)?"longint":(targetm_cdata.bits_per_word)==32?"int":((8)*MIN(((mt_units_per_word())+1)/2,2))==32?"shortint":(8)==32?"signedchar":0)?(((targetm_cdata.long_type_size)==32)?"longint":(targetm_cdata.bits_per_word)==32?"int":((8)*MIN(((mt_units_per_word())+1)/2,2))==32?"shortint":(8)==32?"signedchar":0):((targetm_cdata.long_type_size)==64?"longint":((targetm_cdata.bits_per_word)*2)==64?"longlongint":(targetm_cdata.bits_per_word)==64?"int":0)?((targetm_cdata.long_type_size)==64?"longint":((targetm_cdata.bits_per_word)*2)==64?"longlongint":(targetm_cdata.bits_per_word)==64?"int":0):0))|(32>=8?"int":((8==8?"signedchar":0)?(8==8?"signedchar":0):(16==16?"shortint":32==16?"int":8==16?"signedchar":0)?(16==16?"shortint":32==16?"int":8==16?"signedchar":0):(((targetm_cdata.long_type_size)==32)?"longint":32==32?"int":16==32?"shortint":8==32?"signedchar":0)?(((targetm_cdata.long_type_size)==32)?"longint":32==32?"int":16==32?"shortint":8==32?"signedchar":0):((targetm_cdata.long_type_size)==64?"longint":64==64?"longlongint":32==64?"int":0)?((targetm_cdata.long_type_size)==64?"longint":64==64?"longlongint":32==64?"int":0):0))|(32>=8?"int":(((8)==8?"signedchar":0)?((8)==8?"signedchar":0):(((8)*MIN(((mt_units_per_word())+1)/2,2))==16?"shortint":32==16?"int":(8)==16?"signedchar":0)?(((8)*MIN(((mt_units_per_word())+1)/2,2))==16?"shortint":32==16?"int":(8)==16?"signedchar":0):(((targetm_cdata.long_type_size)==32)?"longint":32==32?"int":((8)*MIN(((mt_units_per_word())+1)/2,2))==32?"shortint":(8)==32?"signedchar":0)?(((targetm_cdata.long_type_size)==32)?"longint":32==32?"int":((8)*MIN(((mt_units_per_word())+1)/2,2))==32?"shortint":(8)==32?"signedchar":0):((targetm_cdata.long_type_size)==64?"longint":64==64?"longlongint":32==64?"int":0)?((targetm_cdata.long_type_size)==64?"longint":64==64?"longlongint":32==64?"int":0):0))|((((global_options.x_target_flags&(1U<<4))!=0)?32:16)>=8?"int":(((8)==8?"signedchar":0)?((8)==8?"signedchar":0):(16==16?"shortint":(((global_options.x_target_flags&(1U<<4))!=0)?32:16)==16?"int":(8)==16?"signedchar":0)?(16==16?"shortint":(((global_options.x_target_flags&(1U<<4))!=0)?32:16)==16?"int":(8)==16?"signedchar":0):(((targetm_cdata.long_type_size)==32)?"longint":(((global_options.x_target_flags&(1U<<4))!=0)?32:16)==32?"int":16==32?"shortint":(8)==32?"signedchar":0)?(((targetm_cdata.long_type_size)==32)?"longint":(((global_options.x_target_flags&(1U<<4))!=0)?32:16)==32?"int":16==32?"shortint":(8)==32?"signedchar":0):((targetm_cdata.long_type_size)==64?"longint":64==64?"longlongint":(((global_options.x_target_flags&(1U<<4))!=0)?32:16)==64?"int":0)?((targetm_cdata.long_type_size)==64?"longint":64==64?"longlongint":(((global_options.x_target_flags&(1U<<4))!=0)?32:16)==64?"int":0):0))|((((global_options.x_target_flags&(1U<<7))!=0)?16:32)>=8?"int":(((8)==8?"signedchar":0)?((8)==8?"signedchar":0):(((8)*MIN(((mt_units_per_word())+1)/2,2))==16?"shortint":(((global_options.x_target_flags&(1U<<7))!=0)?16:32)==16?"int":(8)==16?"signedchar":0)?(((8)*MIN(((mt_units_per_word())+1)/2,2))==16?"shortint":(((global_options.x_target_flags&(1U<<7))!=0)?16:32)==16?"int":(8)==16?"signedchar":0):(((targetm_cdata.long_type_size)==32)?"longint":(((global_options.x_target_flags&(1U<<7))!=0)?16:32)==32?"int":((8)*MIN(((mt_units_per_word())+1)/2,2))==32?"shortint":(8)==32?"signedchar":0)?(((targetm_cdata.long_type_size)==32)?"longint":(((global_options.x_target_flags&(1U<<7))!=0)?16:32)==32?"int":((8)*MIN(((mt_units_per_word())+1)/2,2))==32?"shortint":(8)==32?"signedchar":0):((targetm_cdata.long_type_size)==64?"longint":((targetm_cdata.bits_per_word)*2)==64?"longlongint":(((global_options.x_target_flags&(1U<<7))!=0)?16:32)==64?"int":0)?((targetm_cdata.long_type_size)==64?"longint":((targetm_cdata.bits_per_word)*2)==64?"longlongint":(((global_options.x_target_flags&(1U<<7))!=0)?16:32)==64?"int":0):0))|((targetm_cdata.bits_per_word)>=8?"int":(((8)==8?"signedchar":0)?((8)==8?"signedchar":0):(((8)*MIN(((mt_units_per_word())+1)/2,2))==16?"shortint":(targetm_cdata.bits_per_word)==16?"int":(8)==16?"signedchar":0)?(((8)*MIN(((mt_units_per_word())+1)/2,2))==16?"shortint":(targetm_cdata.bits_per_word)==16?"int":(8)==16?"signedchar":0):(((targetm_cdata.long_type_size)==32)?"longint":(targetm_cdata.bits_per_word)==32?"int":((8)*MIN(((mt_units_per_word())+1)/2,2))==32?"shortint":(8)==32?"signedchar":0)?(((targetm_cdata.long_type_size)==32)?"longint":(targetm_cdata.bits_per_word)==32?"int":((8)*MIN(((mt_units_per_word())+1)/2,2))==32?"shortint":(8)==32?"signedchar":0):((targetm_cdata.long_type_size)==64?"longint":64==64?"longlongint":(targetm_cdata.bits_per_word)==64?"int":0)?((targetm_cdata.long_type_size)==64?"longint":64==64?"longlongint":(targetm_cdata.bits_per_word)==64?"int":0):0))|(16>=8?"int":(((8)==8?"signedchar":0)?((8)==8?"signedchar":0):(16==16?"shortint":16==16?"int":(8)==16?"signedchar":0)?(16==16?"shortint":16==16?"int":(8)==16?"signedchar":0):(((targetm_cdata.long_type_size)==32)?"longint":16==32?"int":16==32?"shortint":(8)==32?"signedchar":0)?(((targetm_cdata.long_type_size)==32)?"longint":16==32?"int":16==32?"shortint":(8)==32?"signedchar":0):((targetm_cdata.long_type_size)==64?"longint":64==64?"longlongint":16==64?"int":0)?((targetm_cdata.long_type_size)==64?"longint":64==64?"longlongint":16==64?"int":0):0))|((((global_options.x_target_flags&(1U<<6))==0)?16:32)>=8?"int":(((8)==8?"signedchar":0)?((8)==8?"signedchar":0):(16==16?"shortint":(((global_options.x_target_flags&(1U<<6))==0)?16:32)==16?"int":(8)==16?"signedchar":0)?(16==16?"shortint":(((global_options.x_target_flags&(1U<<6))==0)?16:32)==16?"int":(8)==16?"signedchar":0):(((targetm_cdata.long_type_size)==32)?"longint":(((global_options.x_target_flags&(1U<<6))==0)?16:32)==32?"int":16==32?"shortint":(8)==32?"signedchar":0)?(((targetm_cdata.long_type_size)==32)?"longint":(((global_options.x_target_flags&(1U<<6))==0)?16:32)==32?"int":16==32?"shortint":(8)==32?"signedchar":0):((targetm_cdata.long_type_size)==64?"longint":64==64?"longlongint":(((global_options.x_target_flags&(1U<<6))==0)?16:32)==64?"int":0)?((targetm_cdata.long_type_size)==64?"longint":64==64?"longlongint":(((global_options.x_target_flags&(1U<<6))==0)?16:32)==64?"int":0):0))
UNREADABLE-function-like	ASM_DECLARE_FUNCTION_NAME	48	2	<NOT-EXPANDED:function-like>|arm_asm_declare_function_name
UNREADABLE-function-like	HARD_REGNO_RENAME_OK	48	1	<NOT-EXPANDED:function-like>
UNREADABLE-function-like	INSN_LENGTH_ALIGNMENT	48	1	<NOT-EXPANDED:function-like>
UNREADABLE-function-like	INSN_BASE_REG_CLASS	48	1	<NOT-EXPANDED:function-like>
UNREADABLE-function-like	LIMIT_RELOAD_CLASS	48	1	<NOT-EXPANDED:function-like>
UNREADABLE-function-like	ASM_OUTPUT_ADDR_DIFF_VEC	48	1	<NOT-EXPANDED:function-like>
UNREADABLE-function-like	DWARF2_ASM_LINE_DEBUG_INFO	48	5	<NOT-EXPANDED:function-like>|1|global_options.x_TARGET_DEBUG_LOC|(((global_options.x_target_flags&(1U<<3))!=0))|0
UNREADABLE-function-like	TARGET_CPU_CPP_BUILTINS	48	1	<NOT-EXPANDED:function-like>
DIVERGENT-BY-VALUE	STACK_GROWS_DOWNWARD	48	2	1|0
UNREADABLE-function-like	ROUND_TYPE_ALIGN	48	1	<NOT-EXPANDED:function-like>
UNREADABLE-function-like	NM_FLAGS	48	3	<NOT-EXPANDED:function-like>|"-pg"|"-Bn"
UNREADABLE-function-like	INSN_INDEX_REG_CLASS	48	1	<NOT-EXPANDED:function-like>
UNREADABLE-function-like	IFCVT_MACHDEP_INIT	48	1	<NOT-EXPANDED:function-like>
UNREADABLE-function-like	BASE_REG_CLASS	48	15	POINTER_REGS|((enumreg_class)targetm_regs->general_regs)|((((global_options.x_target_flags&(1U<<4))!=0)&&!arm_arch_thumb2)?LO_REGS:CORE_REGS)|<NOT-EXPANDED:function-like>|((enumreg_class)targetm_regs->all_regs)|REAL_REGS|GPR_REGS|GR_REGS|ADDR_REGS|(((global_options.x_target_flags&(1U<<15))!=0)?M16_SP_REGS:GR_REGS)|((global_options.x_mn10300_processor>=PROCESSOR_AM33)?SP_OR_GENERAL_REGS:SP_OR_ADDRESS_REGS)|GEN_REGS|V_REGS|BASE_REGS|AR_REGS
UNREADABLE-function-like	ASM_MAYBE_OUTPUT_ENCODED_ADDR_RTX	48	1	<NOT-EXPANDED:function-like>
UNREADABLE-function-like	LEAF_REG_REMAP	48	1	<NOT-EXPANDED:function-like>
UNREADABLE-function-like	APPLY_RESULT_SIZE	48	4	<NOT-EXPANDED:function-like>|arm_apply_result_size()|8+108|((!(!((global_options.x_target_flags&(1U<<0))!=0)))?24:16)
UNREADABLE-function-like	STARTFILE_SPEC	48	34	"%{shared:;pg|p|profile:%{static-pie:grcrt1.o%s;:gcrt1.o%s};static:crt1.o%s;static-pie:rcrt1.o%s;"PIE_SPEC":Scrt1.o%s;:crt1.o%s}""crti.o%s""%{static:crtbeginT.o%s;shared|static-pie|"PIE_SPEC":crtbeginS.o%s;:crtbegin.o%s}%{fvtable-verify=none:%s;fvtable-verify=preinit:vtv_start_preinit.o%s;fvtable-verify=std:vtv_start.o%s}"""|"%{!shared:%{pg|p:gcrt1.o%s;pie:Scrt1.o%s;:crt1.o%s}}crti.o%s%{static:crtbeginT.o%s;shared|pie:crtbeginS.o%s;:crtbegin.o%s}"|"%{pg|p:gcrt0.o%s}%{!pg:%{!p:crt0.o%s}}crti%O%s""%(arc_tls_extra_start_spec)crtbegin.o%s"|"%{Ofast|ffast-math|funsafe-math-optimizations:%{!shared:crtfastmath.o%s}}""crti%O%scrtbegin%O%scrt0%O%s"|"%(avrlibc_startfile)"|"%{msim:%{!shared:crt0%O%s}}%{!msim:%{!mcpu=bf561*:%{!msdram:basiccrt%O%s}%{msdram:basiccrts%O%s};:%{!msdram:basiccrt561%O%s}%{msdram:basiccrt561s%O%s}}%{mcpu=bf561*:%{mmulticore:%{!mcorea:%{!mcoreb:basiccrt561b%O%s}}}}}crti%O%scrtbegin%O%scrtlibid%O%s"|""|"%{msim:crt0%O%s}crti%O%scrtbegin%O%s"|"%{sim*:crt1.o%s}%{!sim*:crt0.o%s}crti.o%scrtbegin.o%s"|"crt0.o%scrti.o%scrtbegin.o%s"|"%{!shared:crt0.o%s}crti.o%s""%{mfp-mode=int:crtint.o%s}%{mfp-mode=truncate:crtrunc.o%s}""%{m1reg-r43:crtm1reg-r43.o%s}%{m1reg-r63:crtm1reg-r63.o%s}""crtbegin.o%s"|"crt0%O%sfrvbegin%O%s"|"crt0%O%s%{msim:crti.o%s}%{!msim:crti-hw.o%s}crtbegin.o%s"|"crt0.o%s"|"%{!shared:%{!symbolic:%{pg:gcrt0.o%s}%{!pg:%{p:mcrt0.o%s}%{!p:crt0.o%s}}}}%{pg:gcrti.o%s}%{!pg:crti.o%s}crtbegin.o%s"|"%{""!mandroid""|tno-android-ld:""%{shared:;pg|p|profile:%{static-pie:grcrt1.o%s;:gcrt1.o%s};static:crt1.o%s;static-pie:rcrt1.o%s;"PIE_SPEC":Scrt1.o%s;:crt1.o%s}""crti.o%s""%{static:crtbeginT.o%s;shared|static-pie|"PIE_SPEC":crtbeginS.o%s;:crtbegin.o%s}%{fvtable-verify=none:%s;fvtable-verify=preinit:vtv_start_preinit.o%s;fvtable-verify=std:vtv_start.o%s}"""";:""%{shared:crtbegin_so%O%s;:""%{static:crtbegin_static%O%s;:crtbegin_dynamic%O%s}}""}"|"%{!shared:%{!symbolic:%{pg:gcrt0.o%s}%{!pg:%{p:mcrt0.o%s}%{!p:crt0.o%s}}}}crti.o%scrtbegin.o%s"|<NOT-EXPANDED:function-like>|"%(startfile_cpu)"|"crtbegin.o%s"|"%{Zxl-mode-executable:%(startfile_executable);mxl-mode-executable:%(startfile_executable);Zxl-mode-xmdstub:%(startfile_xmdstub);mxl-mode-xmdstub:%(startfile_xmdstub);Zxl-mode-bootstrap:%(startfile_bootstrap);mxl-mode-bootstrap:%(startfile_bootstrap);Zxl-mode-novectors:%(startfile_novectors);mxl-mode-novectors:%(startfile_novectors);Zxl-mode-xilkernel:%(startfile_xilkernel);mxl-mode-xilkernel:%(startfile_xilkernel);:%(startfile_default)}%(startfile_crtinit)"|"crti%O%scrtbegin%O%s"|"%{!mno-crt0:%{!shared:%{pg:gcrt0%O%s}%{!pg:%{p:mcrt0%O%s}%{!p:crt0%O%s}}}}"|"%{!mno-crt0:crt0%O%s}crti.o%scrtbegin.o%s"|"%{pg:gcrt0.o%s}""%{!pg:%{minrt:crt0-minrt.o%s}%{!minrt:crt0.o%s}}""%{!minrt:%{,c:%{!fexceptions:crtbegin_no_eh.o%s;:crtbegin.o%s};"":%{fno-exceptions:crtbegin_no_eh.o%s;:crtbegin.o%s}}}"|"%{!mno-ctor-dtor:crt1.o%s;:crt0.o%s}""%{!mno-ctor-dtor:crtbegin1.o%s}""%{mcrt-arg:crtarg.o%s}"|"%{mmainkernel:crt0.o%s}"|"crt0.o%scrtbegin.o%s"|"%{!pg:%{minrt:crt0-minrt.o%s}%{!minrt:crt0.o%s}}%{!mabi=ti:-lgcc}"|"%{pg:gcrt0.o%s}%{!pg:crt0.o%s}crtbegin.o%s"|"%{mads:%(startfile_ads);myellowknife:%(startfile_yellowknife);mmvme:%(startfile_mvme);msim:%(startfile_sim);mcall-freebsd:%(startfile_freebsd);mcall-linux:%(startfile_linux);mcall-netbsd:%(startfile_netbsd);mcall-openbsd:%(startfile_openbsd);:%(startfile_default)}"|"%{!shared:crt1.o%s}crti.o%s%{!shared:crtbegin.o%s}%{shared:crtbeginS.o%s}"|"crti.o%scrtbegin.o%scrt0.o%s"|"crt1-sim%O%scrt0%O%scrti%O%scrtbegin%O%s_vectors%O%s"
UNREADABLE-function-like	LIBLSAN_EARLY_SPEC	48	2	"%{!shared:liblsan_preinit%O%s}""%{static-liblsan:%{!shared:""%(link_static)--whole-archive-llsan--no-whole-archive""%(link_dynamic)""}}%{!static-liblsan:-llsan}"|<NOT-EXPANDED:function-like>
UNREADABLE-function-like	CLEAR_INSN_CACHE	48	1	<NOT-EXPANDED:function-like>
UNREADABLE-function-like	ASM_OUTPUT_SYMBOL_REF	48	1	<NOT-EXPANDED:function-like>
UNREADABLE-function-like	MODE_BASE_REG_CLASS	48	1	<NOT-EXPANDED:function-like>
UNREADABLE-function-like	EH_USES	48	1	<NOT-EXPANDED:function-like>
UNREADABLE-function-like	FRAME_POINTER_CFA_OFFSET	48	1	<NOT-EXPANDED:function-like>
UNREADABLE-function-like	HAVE_sync_compare_and_swaphi	48	4	<NOT-EXPANDED:function-like>|((global_options_set.x_target_flags&(1U<<16)?((global_options.x_target_flags&(1U<<16))!=0)&&!((global_options.x_target_flags&(1U<<15))!=0):(mips_isa>=MIPS_ISA_MIPS2&&!(mips_arch==PROCESSOR_R5900)&&(!((global_options.x_target_flags&(1U<<15))!=0)||(((global_options.x_target_flags&(1U<<15))!=0)&&global_options.x_TARGET_MIPS16E2&&!((global_options.x_target_flags&(1U<<12))!=0))))))|1|((xtensa_get_config_v1()->xchal_have_s32c1i))
UNREADABLE-function-like	ASM_OUTPUT_ADDR_VEC_ELT	48	1	<NOT-EXPANDED:function-like>
UNREADABLE-function-like	IS_ASM_LOGICAL_LINE_SEPARATOR	48	1	<NOT-EXPANDED:function-like>
UNREADABLE-function-like	ASM_OUTPUT_FDESC	48	1	<NOT-EXPANDED:function-like>
DIVERGENT-OPTION-STATE	MIN_UNITS_PER_WORD	48	3	(mt_units_per_word())|2|4
UNREADABLE-function-like	MAKE_DECL_ONE_ONLY	48	1	<NOT-EXPANDED:function-like>
UNREADABLE-function-like	LIBASAN_EARLY_SPEC	48	2	"%{!shared:libasan_preinit%O%s}""%{static-libasan:%{!shared:""%(link_static)--whole-archive-lasan--no-whole-archive""%(link_dynamic)""}}%{!static-libasan:-lasan}"|<NOT-EXPANDED:function-like>
UNREADABLE-function-like	CALL_POPS_ARGS	48	1	<NOT-EXPANDED:function-like>
UNREADABLE-function-like	RETURN_ADDR_RTX	48	8	aarch64_return_addr|alpha_return_addr|<NOT-EXPANDED:function-like>|loongarch_return_addr|mips_return_addr|or1k_return_addr|riscv_return_addr|xtensa_return_addr
UNREADABLE-function-like	TARGET_AIX_OS	48	2	<NOT-EXPANDED:function-like>|0
DIVERGENT-BY-VALUE	MULTIPLE_SYMBOL_SPACES	48	2	0|1
UNREADABLE-function-like	ASM_OUTPUT_ADDR_DIFF_ELT	48	1	<NOT-EXPANDED:function-like>
DIVERGENT-OPTION-STATE	MAX_MOVE_MAX	48	5	(mt_move_max())|4|64|8|16
UNREADABLE-function-like	LINK_SPEC	48	41	"%{h*}%{static:-Bstatic}%{shared:-shared}%{symbolic:-Bsymbolic}%{!static:%{!static-pie:%{rdynamic:-export-dynamic}%{!shared:-dynamic-linker""%{""muclibc"":""/lib/ld-uClibc.so.0"";:%{""mbionic"":""/system/bin/linker"";:%{""mmusl"":""/lib/ld-musl-aarch64%{mbig-endian:_be}%{mabi=ilp32:_ilp32}.so.1"";:""/lib/ld-linux-aarch64%{mbig-endian:_be}%{mabi=ilp32:_ilp32}.so.1""}}}""}}}%{static-pie:-Bstatic-pie--no-dynamic-linker-ztext}-X%{mbig-endian:-EB}%{mlittle-endian:-EL}-maarch64linux%{mabi=ilp32:32}%{mbig-endian:b}%{%:sanitize(memtag-stack):%{!fsanitize-memtag-mode:-zmemtag-stack-zmemtag-mode=sync}}%{%:sanitize(memtag-stack):%{fsanitize-memtag-mode=*:-zmemtag-stack-zmemtag-mode=%}}""%{""mcpu=*:%{%:is_local_not_armv8_base(%{mcpu=*:%*}):;""mfix-cortex-a53-835769:--fix-cortex-a53-835769""};march=*:%{%:is_local_not_armv8_base(%{march=*:%*}):;""mfix-cortex-a53-835769:--fix-cortex-a53-835769""};""mfix-cortex-a53-835769:--fix-cortex-a53-835769""}""%{""mcpu=*:%{%:is_local_not_armv8_base(%{mcpu=*:%*}):;""mfix-cortex-a53-843419:--fix-cortex-a53-843419""};march=*:%{%:is_local_not_armv8_base(%{march=*:%*}):;""mfix-cortex-a53-843419:--fix-cortex-a53-843419""};""mfix-cortex-a53-843419:--fix-cortex-a53-843419""}"|"-melf64alpha%{G*}%{relax:-relax}%{O*:-O3}%{!O*:-O1}%{shared:-shared}%{!shared:%{!static:%{rdynamic:-export-dynamic}-dynamic-linker%(elf_dynamic_linker)}%{static:-static}}"|"%{mbig-endian:-EB}%{EB}%{EL}"|"%{mbig-endian:-EB}%{mlittle-endian:-EL}""%{static:-Bstatic}%{shared:-shared}%{symbolic:-Bsymbolic}""-X""""%{mcpu=arm8|mcpu=arm810|mcpu=strongarm*""|march=armv4|mcpu=fa526|mcpu=fa626:--fix-v4bx}""%{!r:%{!mbe32:%:be8_linkopt(%{mlittle-endian:little}""%{mbig-endian:big}""%{mbe8:be8}""%{march=*:arch%*})}}"|"%(link_arch)""%(link_data_start)""%(link_text_start)""%(link_relax)""%(link_pmem_wrap)""%(link_rodata_in_ram)""%(link_no_call_main)""%{shared:%esharedisnotsupported}"|"%{h*}%{v:-V}%{mfdpic:-melf32bfinfd-ztext}%{static:-dn-Bstatic}%{shared:-G-Bdynamic}%{symbolic:-Bsymbolic}-init__init-fini__fini"|"%{mbig-endian:-EB}%{!mbig-endian:-EL}"|"%{mbig-endian:-EB}%{mlittle-endian:-EL}"|"%{v:--verbose}%(link_subtarget)"|"%{mbig-endian:-EB}%{EB:-EB}%{EL:-EL}-X"|"%{v}"|"%{h*}%{v:-V}%{static:-Bstatic}%{shared:-shared}%{symbolic:-Bsymbolic}"|"%{h*}%{v:-V}%{mfdpic:-melf32frvfd-ztext}%{static:-dn-Bstatic}%{shared:-Bdynamic}%{symbolic:-Bsymbolic}%{G*}"|"--pie--export-dynamic"|"%{!ms:%{!msx:%{mn:-mh8300hnelf;:-mh8300helf}}}%{ms:%{mn:-mh8300snelf;:-mh8300self}}%{msx:%{mn:-mh8300sxnelf;:-mh8300sxelf}}"|"%{""!mandroid""|tno-android-ld:""%{""m64"":-m""elf_x86_64""}%{""m64|mx32:;"":-m""elf_i386""}%{""mx32"":-m""elf32_x86_64""}%{shared:-shared}%{!shared:%{!static:%{!static-pie:%{rdynamic:-export-dynamic}%{""m64|mx32:;"":-dynamic-linker""%{""muclibc"":""/lib/ld-uClibc.so.0"";:%{""mbionic"":""/system/bin/linker"";:%{""mmusl"":""/lib/ld-musl-i386.so.1"";:""/lib/ld-linux.so.2""}}}""}%{""m64"":-dynamic-linker""%{""muclibc"":""/lib/ld64-uClibc.so.0"";:%{""mbionic"":""/system/bin/linker64"";:%{""mmusl"":""/lib/ld-musl-x86_64.so.1"";:""/lib64/ld-linux-x86-64.so.2""}}}""}%{""mx32"":-dynamic-linker""%{""muclibc"":""/lib/ldx32-uClibc.so.0"";:%{""mbionic"":""/system/bin/linkerx32"";:%{""mmusl"":""/lib/ld-musl-x32.so.1"";:""/libx32/ld-linux-x32.so.2""}}}""}}}%{static:-static}%{static-pie:-static-pie--no-dynamic-linker-ztext}}"";:""%{""m64"":-m""elf_x86_64""}%{""m64|mx32:;"":-m""elf_i386""}%{""mx32"":-m""elf32_x86_64""}%{shared:-shared}%{!shared:%{!static:%{!static-pie:%{rdynamic:-export-dynamic}%{""m64|mx32:;"":-dynamic-linker""%{""muclibc"":""/lib/ld-uClibc.so.0"";:%{""mbionic"":""/system/bin/linker"";:%{""mmusl"":""/lib/ld-musl-i386.so.1"";:""/lib/ld-linux.so.2""}}}""}%{""m64"":-dynamic-linker""%{""muclibc"":""/lib/ld64-uClibc.so.0"";:%{""mbionic"":""/system/bin/linker64"";:%{""mmusl"":""/lib/ld-musl-x86_64.so.1"";:""/lib64/ld-linux-x86-64.so.2""}}}""}%{""mx32"":-dynamic-linker""%{""muclibc"":""/lib/ldx32-uClibc.so.0"";:%{""mbionic"":""/system/bin/linkerx32"";:%{""mmusl"":""/lib/ld-musl-x32.so.1"";:""/libx32/ld-linux-x32.so.2""}}}""}}}%{static:-static}%{static-pie:-static-pie--no-dynamic-linker-ztext}}""""%{shared:-Bsymbolic}""}"|"%{mno-gnu-ld:-dn-Nso}"|<NOT-EXPANDED:function-like>|"%{G*}%{shared}-m""elf""%{mabi=ilp32*:32}""%{mabi=lp64*:64}""loongarch""%{!shared:%{static}""%{!static:%{!static-pie:%{rdynamic:-export-dynamic}""-dynamic-linker""%{""muclibc"":""/lib/ld-uClibc.so.0"";:%{""mbionic"":""/system/bin/linker"";:%{""mmusl"":""/lib/ld-musl-loongarch""%{mabi=ilp32*:32}""%{mabi=lp64*:64}""%{mabi=ilp32d:}""%{mabi=ilp32f:-sp}""%{mabi=ilp32s:-sf}""%{mabi=lp64d:}""%{mabi=lp64f:-sp}""%{mabi=lp64s:-sf}"".so.1"";:""/lib""%{mabi=ilp32*:32}""%{mabi=lp64*:64}""/ld-linux-loongarch-""%{mabi=ilp32d:ilp32d}""%{mabi=ilp32f:ilp32f}""%{mabi=ilp32s:ilp32s}""%{mabi=lp64d:lp64d}""%{mabi=lp64f:lp64f}""%{mabi=lp64s:lp64s}"".so.1""}}}""}}""%{static-pie:-static-pie--no-dynamic-linker-ztext}}""%{mno-relax:--no-relax}"|"%{v}%(link_cpu)%(relax)"|"%{mbig-endian:-EB}%{m210:-EB}-X"|"%{shared:-shared}-N-relax%{mbig-endian:-EB--oformat=elf32-microblaze}%{mlittle-endian:-EL--oformat=elf32-microblazeel}%{Zxl-mode-xmdstub:-defsym_TEXT_START_ADDR=0x800}%{mxl-mode-xmdstub:-defsym_TEXT_START_ADDR=0x800}%{mxl-gp-opt:%{G*}}%{!mxl-gp-opt:-G0}%{!T*:-dTxilinx.ld%s}"|"%(endian_spec)%{G*}%{mips1}%{mips2}%{mips3}%{mips4}%{mips32*}%{mips64*}%{shared}"|"%{mset-program-start=*:--defsym__.MMIX.start..text=%*}%{mset-data-start=*:--defsym__.MMIX.start..data=%*}%{!mset-program-start=*:%{!mno-set-program-start:%{!r:--defsym__.MMIX.start..text=0x100}}}%{!melf:%{!r:-mmmo}}%{melf|r:-melf64mmix}"|"%{mrelax:%{!r:--relax}}"|"%{h*}%{v:-V}%{!mel:-EB}%{mel:-EL}%{static:-Bstatic}%{shared:-shared}%{symbolic:-Bsymbolic}"|"%{mrelax:--relax}%{mlarge:%{!r:%{!g:--gc-sections}}}""%{mcode-region=*:--code-region=%:""msp430_propagate_region_opt(%*%{muse-lower-region-prefix})}""%{mdata-region=*:--data-region=%:""msp430_propagate_region_opt(%*%{muse-lower-region-prefix})}""%:msp430_get_linker_devices_include_path()""%{mtiny-printf:--wrapputs--wrapprintf}"|"%{G*}""%{mbig-endian:-EB}%{mlittle-endian:-EL}""%{shared:-shared}""%{mrelax:--relax}"|"%{h*}%{static:-Bstatic}%{shared:-shared}%{symbolic:-Bsymbolic}%{!static:%{rdynamic:-export-dynamic}}--entry=0x100"|"%{shared:-shared}%{!shared:%{!static:%{rdynamic:-export-dynamic}-dynamic-linker""%{""muclibc"":""/lib/ld-uClibc.so.0"";:%{""mbionic"":""/system/bin/linker"";:%{""mmusl"":""/dev/null"";:""/lib64/ld64.so.1""}}}""}%{static:-static}}"|"%(link_device)""%{mabi=ti:--no-relax;:%{mno-relax:--no-relax;:--relax}}""%{shared:%esharedisnotsupported}"|"-melf""%{march=rv32*:32}""%{march=rv64*:64}""l""riscv""%{mabi=lp64d:}""%{mabi=lp64f:_lp64f}""%{mabi=lp64:_lp64}""%{mabi=ilp32d:}""%{mabi=ilp32f:_ilp32f}""%{mabi=ilp32:_ilp32}""%{mno-relax:--no-relax}-X%{mbig-endian:-EB}%{mlittle-endian:-EL}%{shared}%{!shared:%{!static:%{!static-pie:%{rdynamic:-export-dynamic}-dynamic-linker""%{""muclibc"":""/lib/ld-uClibc.so.0"";:%{""mbionic"":""/system/bin/linker"";:%{""mmusl"":""/lib/ld-musl-riscv""%{march=rv32*:32}""%{march=rv64*:64}""%{mabi=ilp32:-sf}""%{mabi=ilp32f:-sp}""%{mabi=ilp32d:}""%{mabi=lp64:-sf}""%{mabi=lp64f:-sp}""%{mabi=lp64d:}"".so.1"";:""/lib/ld-linux-riscv""%{march=rv32*:32}""%{march=rv64*:64}""-""%{mabi=ilp32:ilp32}""%{mabi=ilp32e:ilp32e}""%{mabi=ilp32f:ilp32f}""%{mabi=ilp32d:ilp32d}""%{mabi=lp64:lp64}""%{mabi=lp64e:lp64e}""%{mabi=lp64f:lp64f}""%{mabi=lp64d:lp64d}"".so.1""}}}""}}%{static:-static}%{static-pie:-static-pie--no-dynamic-linker-ztext}}"|"%{mrelax:-relax}%{!r:--gc-sections}"|"%{h*}%{v:-V}%{!msdata=none:%{G*}}%{msdata=none:-G0}%{R*}%(link_shlib)%{!T*:%(link_start)}%{!static:%{!mbss-plt:%(link_secure_plt)}}%(link_os)"|"%{mbig-endian-data:--oformatelf32-rx-be}%{mrelax:-relax}"|"-melf64_s390%{shared:-shared}%{!shared:%{static:-static}%{!static:%{!static-pie:%{rdynamic:-export-dynamic}-dynamic-linker""%{""muclibc"":""/lib/ld64-uClibc.so.0"";:%{""mbionic"":""/system/bin/linker64"";:%{""mmusl"":""/lib/ld-musl-s390x.so.1"";:""/lib/ld64.so.1""}}}""}}}%{static-pie:-static-pie--no-dynamic-linker-ztext}"|"-m%(link_emul_prefix)%{!m1:%{!m2:%{!m3*:%{!m4*:%(link_default_cpu_emul)}}}}%(subtarget_link_emul_suffix)%{mrelax:-relax}%(subtarget_link_spec)"|"%(link_arch)%{!mno-relax:%{!r:-relax}}"|"%{mgcc-abi:-mv850}"|"%(endian_spec)%{shared:-shared}%{!shared:%{!static:%{rdynamic:-export-dynamic}-dynamic-linker/lib/ld.so.1}%{static:-static}}"|"%{shared:-shared}%{!shared:%{!static:%{rdynamic:-export-dynamic}%{static:-static}}}%{mabi=windowed:--abi-windowed}%{mabi=call0:--abi-call0}"
UNREADABLE-function-like	ASM_DECLARE_FUNCTION_SIZE	48	1	<NOT-EXPANDED:function-like>
DIVERGENT-BY-VALUE	ARGS_GROW_DOWNWARD	48	2	0|1
UNREADABLE-function-like	ASM_OUTPUT_ALIGN	48	1	<NOT-EXPANDED:function-like>
UNREADABLE-function-like	MODE_CODE_BASE_REG_CLASS	48	1	<NOT-EXPANDED:function-like>
DIVERGENT-OPTION-STATE	INT_LEAST64_TYPE	48	10	((targetm_cdata.long_type_size)==64?"longint":"longlongint")|((targetm_cdata.long_type_size)==64?"longint":64==64?"longlongint":32==64?"int":0)|((targetm_cdata.long_type_size)==64?"longint":((targetm_cdata.bits_per_word)*2)==64?"longlongint":(targetm_cdata.bits_per_word)==64?"int":0)|((((global_options.x_target_flags&(1U<<6))!=0)?8:16)==16?"longlongint":0)|"longint"|((targetm_cdata.long_type_size)==64?"longint":64==64?"longlongint":(((global_options.x_target_flags&(1U<<4))!=0)?32:16)==64?"int":0)|((targetm_cdata.long_type_size)==64?"longint":((targetm_cdata.bits_per_word)*2)==64?"longlongint":(((global_options.x_target_flags&(1U<<7))!=0)?16:32)==64?"int":0)|((targetm_cdata.long_type_size)==64?"longint":64==64?"longlongint":(targetm_cdata.bits_per_word)==64?"int":0)|((targetm_cdata.long_type_size)==64?"longint":64==64?"longlongint":16==64?"int":0)|((targetm_cdata.long_type_size)==64?"longint":64==64?"longlongint":(((global_options.x_target_flags&(1U<<6))==0)?16:32)==64?"int":0)
UNREADABLE-function-like	DONT_USE_BUILTIN_SETJMP	48	2	<NOT-EXPANDED:function-like>|
DIVERGENT-OPTION-STATE	UINT16_TYPE	48	10	"shortunsignedint"|(16==16?"shortunsignedint":32==16?"unsignedint":(8)==16?"unsignedchar":0)|(((8)*MIN(((mt_units_per_word())+1)/2,2))==16?"shortunsignedint":(targetm_cdata.bits_per_word)==16?"unsignedint":(8)==16?"unsignedchar":0)|((((global_options.x_target_flags&(1U<<6))!=0)?8:16)==16?"unsignedint":"longunsignedint")|16==16?"shortunsignedint":32==16?"unsignedint":8==16?"unsignedchar":0|(((8)*MIN(((mt_units_per_word())+1)/2,2))==16?"shortunsignedint":32==16?"unsignedint":(8)==16?"unsignedchar":0)|(16==16?"shortunsignedint":(((global_options.x_target_flags&(1U<<4))!=0)?32:16)==16?"unsignedint":(8)==16?"unsignedchar":0)|(((8)*MIN(((mt_units_per_word())+1)/2,2))==16?"shortunsignedint":(((global_options.x_target_flags&(1U<<7))!=0)?16:32)==16?"unsignedint":(8)==16?"unsignedchar":0)|(16==16?"shortunsignedint":16==16?"unsignedint":(8)==16?"unsignedchar":0)|(16==16?"shortunsignedint":(((global_options.x_target_flags&(1U<<6))==0)?16:32)==16?"unsignedint":(8)==16?"unsignedchar":0)
UNREADABLE-function-like	SELECT_CC_MODE	48	2	<NOT-EXPANDED:function-like>|frv_select_cc_mode
DIVERGENT-OPTION-STATE	FRAME_GROWS_DOWNWARD	48	5	1|0|((((global_options.x_target_flags&(1U<<15))!=0)&&global_options.x_TARGET_FRAME_GROWS_DOWNWARDS)||(global_options.x_flag_stack_protect!=0||(global_options.x_flag_sanitize&SANITIZE_ADDRESS)!=0))|(global_options.x_flag_stack_protect!=0||(global_options.x_flag_sanitize&SANITIZE_ADDRESS)!=0)|(global_options.x_flag_stack_protect||(global_options.x_flag_sanitize&SANITIZE_ADDRESS)!=0)
DIVERGENT-OPTION-STATE	ASM_APP_ON	48	12	"#APP\n"|(((global_options.x_target_flags&(1U<<3))!=0)?"\t.set\tmacro\n":"")|""|global_options.x_inline_asm_unified?"\t.syntaxunified\n":"\t.syntaxdivided\n"|"/*#APP*/\n"|"\t;#APP\n"|"//inlineasmbegin\n"|";#APP\n"|(((global_options.x_target_flags&(1U<<5))!=0)?"#APP\n":"//APP\n")|"%APP\n"|"!#APP\n"|"\t//#APP\n"
UNREADABLE-function-like	ASM_OUTPUT_SPECIAL_POOL_ENTRY	48	1	<NOT-EXPANDED:function-like>
DIVERGENT-OPTION-STATE	SHORT_TYPE_SIZE	48	3	16|((8)*MIN(((mt_units_per_word())+1)/2,2))|((((global_options.x_target_flags&(1U<<6))!=0)?8:16)==8?(((global_options.x_target_flags&(1U<<6))!=0)?8:16):16)
UNREADABLE-function-like	LEAF_REGISTERS	48	2	<NOT-EXPANDED:function-like>|sparc_leaf_regs
UNREADABLE-function-like	FUNCTION_PROFILER	48	1	<NOT-EXPANDED:function-like>
UNREADABLE-function-like	TARGET_TLS_DIRECT_SEG_REFS_DEFAULT	48	2	<NOT-EXPANDED:function-like>|1U<<28
UNREADABLE-function-like	TARGET_OS_CPP_BUILTINS	48	1	<NOT-EXPANDED:function-like>
UNREADABLE-function-like	REG_PARM_STACK_SPACE	48	1	<NOT-EXPANDED:function-like>
UNREADABLE-function-like	EH_RETURN_STACKADJ_RTX	48	25	gen_rtx_REG((mt_pmode()),5)|gen_rtx_REG((mt_pmode()),28)|gen_rtx_REG((mt_pmode()),2)|gen_rtx_REG((scalar_int_mode((scalar_int_mode::from_int)E_SImode)),2)|<NOT-EXPANDED:function-like>|gen_rtx_REG((mt_pmode()),10)|gen_rtx_REG((scalar_int_mode((scalar_int_mode::from_int)E_SImode)),3)|gen_rtx_REG((scalar_int_mode((scalar_int_mode::from_int)E_SImode)),((10)-1))|gen_rtx_REG((scalar_int_mode((scalar_int_mode::from_int)E_SImode)),6)|gen_rtx_REG((mt_pmode()),3)|gen_rtx_REG((mt_pmode()),(0+4)+4)|gen_rtx_REG((mt_pmode()),8)|gen_rtx_REG((mt_pmode()),4)|gen_rtx_REG((mt_pmode()),0+3)|mmix_eh_return_stackadj_rtx()|gen_rtx_REG((mt_pmode()),15)|gen_rtx_REG((mt_pmode()),((23)<16||(23)>31?(23):(23)&1?((23)-16)/2+16:((23)-16)/2+24))|gen_rtx_REG((mt_pmode()),29)|gen_rtx_REG((mt_pmode()),(0+10)+4)|gen_rtx_REG((scalar_int_mode((scalar_int_mode::from_int)E_HImode)),20)|gen_rtx_REG((mt_pmode()),(3))|gen_rtx_REG((mt_pmode()),1)|gen_rtx_MEM((scalar_int_mode((scalar_int_mode::from_int)E_SImode)),plus_constant((mt_pmode()),gen_rtx_REG((mt_pmode()),(mt_frame_pointer_regnum())),-4))|gen_rtx_REG((scalar_int_mode((scalar_int_mode::from_int)E_SImode)),8)|gen_rtx_REG((mt_pmode()),0+10)
